Laptop,Status,Brand,Model,RAM,Storage,Storage type,Screen,Touch,Final Price,CPU_Brand,GPU_Brand,CPU_Type,GPU_Type,GPU_Category
"ASUS ExpertBook B1 B1502CBA-EJ0436X Intel Core i5-1235U/8GB/512GB SSD/15.6""",0,3,42,8,512,0,15.6,0,1009.0,2,3,11,7,1
"Alurin Go Start Intel Celeron N4020/8GB/256GB SSD/15.6""",0,1,54,8,256,0,15.6,0,299.0,2,3,1,7,1
"ASUS ExpertBook B1 B1502CBA-EJ0424X Intel Core i3-1215U/8GB/256GB SSD/15.6""",0,3,42,8,256,0,15.6,0,789.0,2,3,10,7,1
"MSI Katana GF66 12UC-082XES Intel Core i7-12700H/16GB/1TB SSD/RTX3050/15.6""",0,14,58,16,1000,0,15.6,0,1199.0,2,6,12,22,0
"HP 15S-FQ5085NS Intel Core i5-1235U/16GB/512GB SSD/15.6""",0,9,4,16,512,0,15.6,0,669.01,2,3,11,7,1
"MSI Crosshair 17 C12VF-264XES Intel Core i7-12650H/32GB/1TB SSD/RTX 4060/17.3""",0,14,30,32,1000,0,17.3,0,1699.0,2,6,12,27,0
"Lenovo Thinkpad E14 Gen 4 AMD Ryzen 5 5625U/8GB/256GB SSD/14""",0,13,102,8,256,0,14.0,0,909.0,0,3,7,7,1
"ASUS VivoBook 15 F515JA-EJ2882W Intel Core i7-1065G7/8GB/512GB SSD/15.6""",0,3,113,8,512,0,15.6,0,809.01,2,3,12,7,1
"Medion Akoya E15415 Intel Core i5-10210U/8GB/256GB SSD/15.6""",0,15,15,8,256,0,15.6,0,519.0,2,3,11,7,1
"HP Victus 16-d1038ns Intel Core i7-12700H/16GB/512GB SSD/RTX 3050/16.1""",0,9,112,16,512,0,16.1,0,1149.0,2,6,12,22,0
"Lenovo V15 IGL Intel Celeron N4020/8GB/256 GB SSD/15.6""",0,13,108,8,256,0,15.6,0,349.0,2,3,1,7,1
"MSI Thin GF63 12VE-021XES Intel Core i7-12650H/16GB/1TB SSD/RTX 4050/15.6""",0,14,100,16,1000,0,15.6,0,1399.0,2,6,12,26,0
"ASUS ROG Strix G15 G513RC-HN088 AMD Ryzen 7 6800H/16GB/512GB SSD/RTX 3050/15.6""",0,3,87,16,512,0,15.6,0,1199.0,0,6,8,22,0
"Lenovo V15 G3 ABA AMD Ryzen 5 5625U/16GB/512GB SSD/15.6""",0,13,108,16,512,0,15.6,0,476.99,0,3,7,7,1
"Lenovo IdeaPad 1 15ADA7 AMD Ryzen 3 3250U/8GB/256GB SSD/15.6""",0,13,56,8,256,0,15.6,0,391.0,0,3,6,7,1
"HP 15S-FQ5013NS Intel Core i5-1235U/8GB/512GB SSD/15.6""",0,9,4,8,512,0,15.6,0,699.0,2,3,11,7,1
"Lenovo IdeaPad 3 15IAU7 Intel Core i5-1235U/16GB/512GB SSD/15.6""",0,13,56,16,512,0,15.6,0,799.0,2,3,11,7,1
"HP 15S-FQ2163NS Intel Core i3-1115G4/8GB/512GB SSD/15.6""",0,9,4,8,512,0,15.6,0,549.0,2,3,10,7,1
"ASUS VivoBook 15 F515JA-EJ4134 Intel Core i7-1065G7/8GB/512GB SSD/15.6""",0,3,113,8,512,0,15.6,0,769.0,2,3,12,7,1
"MSI GF63 Thin 11UC-446XES Intel Core i7-11800H/16GB/512GB SSD/RTX 3050/15.6""",0,14,100,16,512,0,15.6,0,999.0,2,6,12,22,0
"MSI Cyborg 15 A12VF-098XES Intel Core i5-12450H/16GB/1TB SSD/RTX 4060/15.6""",0,14,31,16,1000,0,15.6,0,1249.0,2,6,11,27,0
"ASUS M515UA-EJ486W AMD Ryzen 7 5700U/16GB/512GB SSD/15.6""",0,3,64,16,512,0,15.6,0,789.0,0,3,8,7,1
"Lenovo IdeaPad 3 15ALC6 AMD Ryzen 7 5700U/16GB/512GB SSD/15.6""",0,13,56,16,512,0,15.6,0,729.0,0,3,8,7,1
"ASUS TUF Gaming F15 FX506HC-HN004 Intel Core i5-11400H/16GB/512GB SSD/RTX 3050/15.6""",0,3,98,16,512,0,15.6,0,1099.0,2,6,11,22,0
"Acer Aspire 3 A315-59-37GX Intel Core i3-1215U/8GB/256GB SSD/15.6""",0,0,19,8,256,0,15.6,0,539.01,2,3,10,7,1
"ASUS TUF Gaming F15 FX507ZC4-HN002 Intel Core i7-12700H/16GB/512GB SSD/RTX 3050/15.6""",0,3,98,16,512,0,15.6,0,1179.0,2,6,12,22,0
"Alurin Go Start Intel Celeron N4020/8GB/256GB SSD/14""",0,1,54,8,256,0,14.0,0,239.0,2,3,1,7,1
"HP Victus 15-fa0012ns Intel Core i5-12500H/16GB/512GB SSD/RTX 3050/15.6""",0,9,112,16,512,0,15.6,0,999.0,2,6,11,22,0
"HP Pavilion 15-eh1004ns AMD Ryzen 5 5500U/16GB/512GB SSD/15.6""",0,9,79,16,512,0,15.6,0,799.0,0,3,7,7,1
"Lenovo IdeaPad 3 15ITL6 Intel Core i5-1155G7/8GB/512GB SSD/15.6""",0,13,56,8,512,0,15.6,0,519.01,2,3,11,7,1
"HP 15S-FQ5028NS Intel Core i5-1235U/16GB/512GB SSD/15.6""",0,9,4,16,512,0,15.6,0,789.0,2,3,11,7,1
"MSI Katana 15 B12VFK-095XES Intel Core i7-12650H/16GB/512GB SSD/RTX 4060/15.6""",0,14,58,16,512,0,15.6,0,1549.0,2,6,12,27,0
"ASUS VivoBook F1500EA-EJ2384W Intel Core i3-1115G4/8GB/256GB SSD/15.6""",0,3,113,8,256,0,15.6,0,539.01,2,3,10,7,1
"HP 15S-fq2159ns Intel Core i3-1115G4/8GB/256GB SSD/15.6""",0,9,4,8,256,0,15.6,0,539.0,2,3,10,7,1
"MSI Vector GP77 13VF-022XES Intel Core i7-13700H/32GB/1TB SSD/RTX 4060/17.3""",0,14,111,32,1000,0,17.3,0,2249.0,2,6,12,27,0
"ASUS VivoBook Pro 15 OLED M6500QC-L1010W AMD Ryzen 7 5800H/16GB/512GB SSD/RTX 3050/15.6""",0,3,113,16,512,0,15.6,0,1299.01,0,6,8,22,0
"ASUS ROG Strix G15 G513RC-HF094 AMD Ryzen 7 6800H/16GB/512GB SSD/RTX3050/15.6""",0,3,87,16,512,0,15.6,0,1139.01,0,6,8,22,0
"ASUS Chromebook CX1500CNA-EJ0100 Intel Celeron N3350/8GB/64GB eMMC/15.6""",0,3,26,8,64,1,15.6,0,399.0,2,3,1,7,1
"HP 15S-fq5101ns Intel Core i7-1255U/16GB/512GB SSD/15.6""",0,9,4,16,512,0,15.6,0,789.0,2,3,12,7,1
"HP 15S-EQ2090NS AMD Ryzen 5 5500U/8GB/512GB SSD/15.6""",0,9,4,8,512,0,15.6,0,599.01,0,3,7,7,1
HP Omen 16-b1022ns Intel Core i7-12700H/32GB/1TB SSD/RTX 3060/16.1'',0,9,76,32,1000,0,16.1,0,1699.0,2,6,12,23,0
"ASUS VivoBook 15 F1502ZA-EJ733 Intel Core i5-1235U/8GB/512GB SSD/15.6""",0,3,113,8,512,0,15.6,0,609.0,2,3,11,7,1
"Asus ZenBook 13 OLED UX325EA-KG245 Intel Core i7-1165G7/16GB/512GB SSD/13.3""",0,3,120,16,512,0,13.3,0,1089.0,2,3,12,7,1
HP Victus 16-d1033ns Intel Core i7-12700H/16GB/512GB SSD/RTX 3060/16.1'',0,9,112,16,512,0,16.1,0,1399.0,2,6,12,23,0
"HP 15S-fq5055ns Intel Core i7-1255U/16GB/512GB SSD/15.6""",0,9,4,16,512,0,15.6,0,899.01,2,3,12,7,1
"HP 15S-eq2087ns AMD Ryzen 5 5500U/12GB/512GB SSD/15.6""",0,9,4,12,512,0,15.6,0,549.0,0,3,7,7,1
"Lenovo IdeaPad Gaming 3 15IHU6 Intel Core i5-11320H/16GB/512GB SSD/RTX3050/15.6""",0,13,56,16,512,0,15.6,0,929.0,2,6,11,22,0
"MSI Creator M16 B13VE-682XES Intel Core i7-13700H/32GB/1TB SSD/RTX 4050/16""",0,14,29,32,1000,0,16.0,0,1899.01,2,6,12,26,0
"Lenovo IdeaPad 1 15ALC7 AMD Ryzen 7 5700U/16GB/512GB SSD/15.6""",0,13,56,16,512,0,15.6,0,829.0,0,3,8,7,1
"HP 15S-fq2158ns Intel Core i3-1115G4/8GB/256GB SSD/15.6""",0,9,4,8,256,0,15.6,0,449.0,2,3,10,7,1
"Apple MacBook Air Apple M1/8GB/256GB SSD/GPU Hepta Core/13.3"" Gris Espacial",0,2,65,8,256,0,13.3,0,1219.0,1,3,2,7,1
"Lenovo ThinkBook 14 Intel Core i5-1135G7/8GB/256GB SSD/14""",0,13,101,8,256,0,14.0,0,699.0,2,3,11,7,1
"ASUS TUF Gaming A15 2023 FA507NV-LP041 AMD Ryzen 7 7735HS/16GB/1TB SSD/RTX 4060/15.6""",0,3,98,16,1000,0,15.6,0,1349.0,0,6,8,27,0
"MSI Katana 15 B12VGK-094XES Intel Core i7-12650H/16GB/1TB SSD/RTX 4070/15.6""",0,14,58,16,1000,0,15.6,0,1699.0,2,6,12,28,0
"ASUS M515UA-EJ522W AMD Ryzen 5 5500U/8GB/512GB SSD/15.6""",0,3,64,8,512,0,15.6,0,699.0,0,3,7,7,1
"HP Victus 16-e0101ns AMD Ryzen 7 5800H/16GB/512GB SSD/RTX 3060/16.1""",0,9,112,16,512,0,16.1,0,1299.01,0,6,8,23,0
"HP 250 G9 Intel Celeron N4500/8 GB/256GB SSD/15.6""",0,9,7,8,256,0,15.6,0,399.0,2,3,1,7,1
"HP OMEN 16-C0042NS AMD Ryzen 7 5800H/16GB/512GB SSD/RTX 3050 Ti/16.1""",0,9,76,16,512,0,16.1,0,1149.0,0,6,8,22,0
"MSI Modern 15 B7M-041XES AMD Ryzen 5 7530U/16GB/512GB SSD/15.6""",0,14,68,16,512,0,15.6,0,839.0,0,3,7,7,1
"HP 255 G9 AMD Athlon 3020e/8GB/512GB SSD/15.6""",0,9,8,8,512,0,15.6,0,379.0,0,3,0,7,1
"ASUS VivoBook 15 F1500EA-EJ3022 Intel Core i7-1165G7/16GB/512GB SSD/15.6""",0,3,113,16,512,0,15.6,0,809.01,2,3,12,7,1
"Lenovo V15 G2 ITL Intel Core i5-1135G7/8 GB/512 GB SSD/15.6""",0,13,108,8,512,0,15.6,0,779.0,2,3,11,7,1
"ASUS VivoBook 15 F1500EA-EJ3023 Intel Core i7-1165G7/8GB/512GB SSD/15.6""",0,3,113,8,512,0,15.6,0,749.0,2,3,12,7,1
"MSI Thin GF63 12VE-009XES Intel Core i5-12450H/16GB/512GB SSD/RTX 4050/15.6""",0,14,100,16,512,0,15.6,0,1099.0,2,6,11,26,0
"MSI Modern 15 B13M-281XES Intel Core i7-1355U/16GB/1TB SSD/15.6""",0,14,68,16,1000,0,15.6,0,999.0,2,3,12,7,1
"HP 15S-eq2088ns AMD Ryzen 7 5700U/16GB/512GB SSD/15.6""",0,9,4,16,512,0,15.6,0,649.01,0,3,8,7,1
"MSI Vector GP77 13VG-021XES Intel Core i7-13700H/32GB/1TB SSD/RTX 4070/17.3""",0,14,111,32,1000,0,17.3,0,2499.0,2,6,12,28,0
"ASUS VivoBook 15 F1500EA-EJ3067W Intel Core i7-1165G7/8GB/512GB SSD/15.6""",0,3,113,8,512,0,15.6,0,859.0,2,3,12,7,1
"MSI Creator M16 B12UDX-809XES Intel Core i7-12650H/32GB/1TB SSD/RTX 3050/16""",0,14,29,32,1000,0,16.0,0,1499.01,2,6,12,22,0
"Apple Macbook Pro Apple M2/8GB/256GB SSD/GPU Deca Core/13.3"" Plata",0,2,66,8,256,0,13.3,0,1599.0,1,3,2,7,1
"ASUS TUF Gaming A15 2023 FA507XI-LP024 AMD Ryzen 9 7940HS/32GB/512GB SSD/RTX 4070/15.6""",0,3,98,32,512,0,15.6,0,1699.01,0,6,9,28,0
"MSI Katana 15 B13VFK-031XES Intel Core i7-13620H/16GB/1TB SSD/RTX 4060/15.6""",0,14,58,16,1000,0,15.6,0,1699.0,2,6,12,27,0
"HP Victus 16-d1021ns Intel Core i7-12700H/16GB/512GB SSD/RTX 3050Ti/16.1""",0,9,112,16,512,0,16.1,0,1199.0,2,6,12,22,0
"MSI Modern 14 C13M-426XES Intel Core i7-1355U/16GB/1TB SSD/14""",0,14,68,16,1000,0,14.0,0,999.0,2,3,12,7,1
"MSI Modern 15 B12M-430XES Intel Core i3-1215U/8GB/256GB SSD/15.6""",0,14,68,8,256,0,15.6,0,499.0,2,3,10,7,1
"Lenovo IdeaPad 3 15ALC6 AMD Ryzen 3 5300U/8GB/256GB SSD/15.6""",0,13,56,8,256,0,15.6,0,499.0,0,3,6,7,1
"MSI Prestige 14H B12UCX-414XES Intel Core i5-12450H/16GB/512GB SSD/RTX 2050/14""",0,14,83,16,512,0,14.0,0,999.0,2,6,11,17,0
"Lenovo IdeaPad 3 15ITL6 Intel Core i7-1165G7/16GB/512 GB SSD/15.6""",0,13,56,16,512,0,15.6,0,749.0,2,3,12,7,1
"Lenovo ThinkBook 15 G2 ITL Intel Core i5-1135G7/8 GB/256GB SSD/15.6"" Gris",0,13,101,8,256,0,15.6,0,879.0,2,3,11,7,1
"MSI Prestige 14H B12UCX-413XES Intel Core i7-12650H/16GB/1TB SSD/RTX 2050/14""",0,14,83,16,1000,0,14.0,0,1489.0,2,6,12,17,0
"HP Pavilion 15-eg2004ns Intel Core i7-1255U/16GB/512GB SSD/15.6""",0,9,79,16,512,0,15.6,0,999.0,2,3,12,7,1
"HP Victus 15-fa0026ns Intel Core i5-12450H/16GB/512GB SSD/GTX 1650/15.6""",0,9,112,16,512,0,15.6,0,999.0,2,2,11,5,2
"Lenovo IdeaPad 3 15ITL6 Intel Core i5-1155G7/8 GB/512GB SSD/15.6""",0,13,56,8,512,0,15.6,0,589.0,2,3,11,7,1
"Lenovo ThinkBook 14 G4 IAP Intel Core i5-1235U/8GB/256GB SSD/14""",0,13,101,8,256,0,14.0,0,959.0,2,3,11,7,1
"HP Victus 15-fa0004ns Intel Core i5-12500H/16GB/512GB SSD/GTX 1650/15.6""",0,9,112,16,512,0,15.6,0,1039.0,2,2,11,5,2
"Lenovo IdeaPad 3 15ALC6 AMD Ryzen 5 5500U/8GB/512GBSSD/15.6""",0,13,56,8,512,0,15.6,0,599.0,0,3,7,7,1
"HP 15S-fq5094ns Intel Core i7-1255U/8GB/512GB SSD/15.6""",0,9,4,8,512,0,15.6,0,739.01,2,3,12,7,1
"MSI Stealth 16 Studio A13VF-038XES Intel Core i7-13700H/32GB/1TB SSD/RTX 4060/16""",0,14,92,32,1000,0,16.0,0,2449.0,2,6,12,27,0
"Acer Aspire 5 A515-57-76BV Intel Core i7-1255U/8GB/512GB SSD/15.6""",0,0,19,8,512,0,15.6,0,839.0,2,3,12,7,1
"Lenovo IdeaPad 3 15ALC6 AMD Ryzen 3 5300U/8 GB/256GB SSD/15.6""",0,13,56,8,256,0,15.6,0,499.0,0,3,6,7,1
"Lenovo IdeaPad 3 15ALC6 AMD Ryzen 7 5700U/8 GB/512GB SSD/15.6""",0,13,56,8,512,0,15.6,0,699.0,0,3,8,7,1
"MSI Pulse 15 B13VFK-448XES Intel Core i9-13900H/32GB/1TB SSD/RTX 4060/15.6""",0,14,86,32,1000,0,15.6,0,2399.01,2,6,13,27,0
"Lenovo IdeaPad 1 15ADA7 AMD 3020e/4GB/128GB SSD/15.6""",0,13,56,4,128,0,15.6,0,442.99,0,3,3,7,1
"Lenovo IdeaPad 3 15ALC6 AMD Ryzen 5 5500U/8 GB/512GB SSD/15.6""",0,13,56,8,512,0,15.6,0,689.01,0,3,7,7,1
"Lenovo IdeaPad 3 15ITL6 Intel Core i5-1155G7/16 GB/512GB SSD/15.6""",0,13,56,16,512,0,15.6,0,749.0,2,3,11,7,1
"Lenovo IdeaPad 1 15ADA7 AMD 3020e/4GB/256GB SSD/15.6""",0,13,56,4,256,0,15.6,0,321.99,0,3,3,7,1
"MSI Modern 15 B11M-043XES Intel Core i5-1155G7/8GB/512GB SSD/15.6""",0,14,68,8,512,0,15.6,0,599.0,2,3,11,7,1
"ASUS ZenBook 13 OLED UX325EA-KG448W Intel Core i7-1165G7/16GB/512GB SSD/13.3""",0,3,120,16,512,0,13.3,0,1199.0,2,3,12,7,1
"ASUS TUF Gaming F15 FX506HF-HN004 Intel Core i5-11400H/16GB/512GB SSD/RTX 2050/15.6""",0,3,98,16,512,0,15.6,0,949.0,2,6,11,17,0
"ASUS VivoBook F1605PA-MB125W Intel Core i5-11300H/16GB/512GB SSD/16""",0,3,113,16,512,0,16.0,0,799.0,2,3,11,7,1
"Razer Blade 15 Advanced Model QHD Intel Core i7-12800H/16GB/1TB SSD/RTX 3070Ti/15.6""",0,21,22,16,1000,0,15.6,0,3299.99,2,6,12,24,0
"Medion Akoya E15301 AMD Ryzen 7 3700U/8 GB/256GB SSD/15.6""",0,15,15,8,256,0,15.6,0,478.99,0,3,8,7,1
"ASUS ExpertBook B1 B1502CBA-EJ0469X Intel Core i5-1235U/8GB/256GB SSD/15.6""",0,3,42,8,256,0,15.6,0,989.0,2,3,11,7,1
"Lenovo IdeaPad 1 15ADA7 AMD Ryzen 3 3250U/8 GB/256GB SSD/15.6""",0,13,56,8,256,0,15.6,0,439.99,0,3,6,7,1
"HP 15S-eq2089ns AMD Ryzen 3 5300U/8GB/256GB SSD/15.6""",0,9,4,8,256,0,15.6,0,529.0,0,3,6,7,1
"ASUS VivoBook F1605PA-MB143 Intel Core i7-11370H/8GB/512GB SSD/16""",0,3,113,8,512,0,16.0,0,709.0,2,3,12,7,1
"ASUS Vivobook Go E1504FA-BQ204W AMD Ryzen 5 7520U/8GB/512GB SSD/Radeon 610M/15.6""",0,3,113,8,512,0,15.6,0,509.99,0,0,7,0,3
"Lenovo IdeaPad 1 15ALC7 AMD Ryzen 5 5500U/8GB/512GB SSD/15.6""",0,13,56,8,512,0,15.6,0,659.0,0,3,7,7,1
"Lenovo IdeaPad 3 15ITL6 Intel Core i7-1165G7/16GB/512GBSSD/15.6""",0,13,56,16,512,0,15.6,0,749.0,2,3,12,7,1
"Lenovo IdeaPad 3 15ALC6 AMD Ryzen 7 5700U/8GB/512 GB SSD/15.6""",0,13,56,8,512,0,15.6,0,589.0,0,3,8,7,1
"Lenovo IdeaPad 1 15ALC7 AMD Ryzen 5 5500U/8 GB/512GB SSD/15.6""",0,13,56,8,512,0,15.6,0,549.0,0,3,7,7,1
"Lenovo IdeaPad 3 15ALC6 AMD Ryzen 3 5300U/8GB/256 GB SSD/15.6""",0,13,56,8,256,0,15.6,0,459.0,0,3,6,7,1
"ASUS VivoBook F1605PA-MB124W Intel Core i7-11370H/8GB/512GB SSD/16""",0,3,113,8,512,0,16.0,0,819.0,2,3,12,7,1
"ASUS VivoBook F1605PA-MB146 Intel Core i5-11300H/8GB/512GB SSD/16""",0,3,113,8,512,0,16.0,0,609.01,2,3,11,7,1
"ASUS ZenBook 14 UM425QA-KI252 AMD Ryzen 7 5800H/16GB/512GB SSD/14""",0,3,120,16,512,0,14.0,0,999.0,0,3,8,7,1
"Acer Aspire 3 A315-59-504M Intel Core i5-1235U/16GB/512GB SSD/15.6""",0,0,19,16,512,0,15.6,0,739.01,2,3,11,7,1
"Lenovo IdeaPad Gaming 3 15IAH7 Intel Core i7-12700H/16GB/512GB SSD/RTX3060/15.6""",0,13,56,16,512,0,15.6,0,1399.0,2,6,12,23,0
"ASUS VivoBook F1500EA-EJ3070W Intel Core i5-1135G7/16GB/512GB SSD/15.6""",0,3,113,16,512,0,15.6,0,759.01,2,3,11,7,1
"Lenovo IdeaPad 1 15ALC7 AMD Ryzen 5 5500U/16GB/512GB SSD/15.6""",0,13,56,16,512,0,15.6,0,729.0,0,3,7,7,1
"Lenovo IdeaPad 3 15ITL6 Intel Core i5-1155G7/16GB/512GB SSD/15.6""",0,13,56,16,512,0,15.6,0,749.0,2,3,11,7,1
"HP 255 G9 AMD Athlon 3020e/8GB/256GB SSD/15.6""",0,9,8,8,256,0,15.6,0,349.0,0,3,0,7,1
"Lenovo IdeaPad 3 15ITL6 Intel Core i3-1115G4/8 GB/256GBSSD/15.6""",0,13,56,8,256,0,15.6,0,479.0,2,3,10,7,1
"HP 255 G9 AMD Ryzen 5 5625U/16GB/512 GB SSD/15.6""",0,9,8,16,512,0,15.6,0,873.29,0,3,7,7,1
"Lenovo IdeaPad 5 15ALC05 AMD Ryzen 5 5500U/8GB/512GB SSD/15.6""",0,13,56,8,512,0,15.6,0,589.0,0,3,7,7,1
"ASUS Chromebook CX1400CKA-EK0138 Intel Celeron N4500/8GB/64GB eMMC/14""",0,3,26,8,64,1,14.0,0,399.01,2,3,1,7,1
"Lenovo Legion 5 15ACH6H AMD Ryzen 7 5800H/16GB/512GB SSD/RTX3050Ti/15.6""",0,13,61,16,512,0,15.6,0,1079.01,0,6,8,22,0
"Lenovo IdeaPad 3 15ITL6 Intel Core i5-1135G7/8GB/512GB SSD/15.6"" Azul",0,13,56,8,512,0,15.6,0,649.0,2,3,11,7,1
"Lenovo IdeaPad Gaming 3 15ACH6 AMD Ryzen 7 5800H/16GB/512GB SSD/RTX 3050Ti/15.6""",0,13,56,16,512,0,15.6,0,999.0,0,6,8,22,0
"Lenovo ThinkBook 14 G2 ITL Intel Core i5-1135G7/16 GB/512GB SSD/14""",0,13,101,16,512,0,14.0,0,1019.0,2,3,11,7,1
"MSI Pulse GL76 12UEK-828XES Intel Core i7-12700H/32GB/1TB SSD/RTX 3060/17.3""",0,14,86,32,1000,0,17.3,0,1499.0,2,6,12,23,0
"Apple Macbook Air Apple M2/8GB/256GB SSD/GPU Octa Core/13.6"" Gris Espacial",0,2,65,8,256,0,13.6,0,1519.0,1,3,2,7,1
"Acer Aspire 3 A317-53-53U0 Intel Core i5-1135G7/8GB/512GB SSD/17.3""",0,0,19,8,512,0,17.3,0,729.0,2,3,11,7,1
"MSI Raider GE68HX 13VF-045XES Intel Core i9-13950HX/32GB/1TB SSD/RTX 4060/16""",0,14,88,32,1000,0,16.0,0,2599.0,2,6,13,27,0
"HP 15S-fq4042ns Intel Core i7-1195G7/8GB/512GB SSD/15.6""",0,9,4,8,512,0,15.6,0,699.0,2,3,12,7,1
"Lenovo Legion 5 15IAH7H Intel Core i7-12700H/16GB/512GB SSD/RTX3060/15.6""",0,13,61,16,512,0,15.6,0,1599.0,2,6,12,23,0
"HP ProBook 450 G8 Intel Core i5-1135G7/8 GB/256GB SSD/15.6""",0,9,85,8,256,0,15.6,0,739.01,2,3,11,7,1
"ASUS VivoBook 15 F1500EA-EJ3021 Intel Core i5-1135G7/16GB/512GB SSD/15.6""",0,3,113,16,512,0,15.6,0,709.0,2,3,11,7,1
"Lenovo IdeaPad Gaming 3 15IAH7 Intel Core i5-12500H/16 GB/512GB SSD/RTX3050Ti/15.6""",0,13,56,16,512,0,15.6,0,1059.0,2,6,11,22,0
"MSI Modern 14 C13M-447XES Intel Core i5-1335U/16GB/512GB SSD/14""",0,14,68,16,512,0,14.0,0,799.0,2,3,11,7,1
"MSI Modern 14 C12M-017XES Intel Core i7-1255U/16GB/512GB SSD/14""",0,14,68,16,512,0,14.0,0,999.0,2,3,12,7,1
"Lenovo IdeaPad 3 15ITL6 Intel Core i7-1165G7/16 GB/512GB SSD/15.6""",1,13,56,16,512,0,15.6,0,899.0,2,3,12,7,1
"MSI Pulse 15 B13VGK-433XES Intel Core i9-13900H/32GB/1TB SSD/RTX 4070/15.6""",0,14,86,32,1000,0,15.6,0,2299.0,2,6,13,28,0
MSI Stealth 15 A13VF-028XES Intel Core i7-13620H/32GB/1TB SSD/RTX 4060/15.6'',0,14,92,32,1000,0,15.6,0,1899.0,2,6,12,27,0
"ASUS Chromebook CX1400FKA-EC0078 Intel Celeron N4500/8GB/64GB eMMC/14"" Táctil",0,3,26,8,64,1,14.0,1,449.0,2,3,1,7,1
"Lenovo V15 G2 ITL Intel Core i5-1135G7/16 GB/512GB SSD/15.6""",0,13,108,16,512,0,15.6,0,699.0,2,3,11,7,1
"ASUS Chromebook CX1400CNA-BV0210 Intel Celeron N3350/8GB/32GB/14""",0,3,26,8,32,0,14.0,0,349.0,2,3,1,7,1
"MSI Vector GP68HX 12VH-009XES Intel Core i9-12900HX/32GB/1TB SSD/RTX 4080/16""",0,14,111,32,1000,0,16.0,0,2599.0,2,6,13,29,0
"HP 15S-fq5075ns Intel Core i5-1235U/8GB/512GB SSD/15.6""",0,9,4,8,512,0,15.6,0,579.01,2,3,11,7,1
"Acer Aspire 3 A315-59-56GV Intel Core i5-1235U/8GB/512GB SSD/15.6""",0,0,19,8,512,0,15.6,0,749.0,2,3,11,7,1
"ASUS ExpertBook P1512CEA-EJ0083X Intel Core i3-1115G4/8GB/256GB SSD/15.6""",0,3,42,8,256,0,15.6,0,549.0,2,3,10,7,1
"Lenovo IdeaPad Gaming 3 15ACH6 AMD Ryzen 5 5600H/16GB/512GB SSD/RTX3050/15.6""",0,13,56,16,512,0,15.6,0,979.0,0,6,7,22,0
"ASUS ZenBook 14 OLED UM3402YA-KM513 AMD Ryzen 5 7530U/16GB/512GB SSD/14""",0,3,120,16,512,0,14.0,0,969.0,0,3,7,7,1
"Lenovo IdeaPad Gaming 3 15IAH7 Intel Core i5-12500H/16GB/512GB SSD/RTX3050/15.6""",0,13,56,16,512,0,15.6,0,1099.0,2,6,11,22,0
"Lenovo Legion 5 15ITH6H Intel Core i5-11400H/16GB/512GB SSD/RTX3060/15.6""",0,13,61,16,512,0,15.6,0,1319.01,2,6,11,23,0
"Lenovo IdeaPad Flex 5 14ALC05 AMD Ryzen 5 5500U/16GB/512GB SSD/14"" Táctil",0,13,56,16,512,0,14.0,1,799.0,0,3,7,7,1
"Apple MacBook Air Apple M1/8GB/256GB SSD/GPU Hepta Core/13.3"" Plata",0,2,65,8,256,0,13.3,0,1219.0,1,3,2,7,1
"Lenovo IdeaPad Gaming 3 15ACH6 AMD Ryzen 5 5600H/16 GB/512GB SSD/GTX1650/15.6""",0,13,56,16,512,0,15.6,0,879.0,0,2,7,5,2
"MSI Prestige 14H B12UCX-427XES Intel Core i7-12650H/32GB/1TB SSD/RTX 2050/14""",0,14,83,32,1000,0,14.0,0,1359.0,2,6,12,17,0
"ASUS F515EA-EJ1858W Intel Core i7-1165G7/8GB/512GB SSD/15.6""",0,3,46,8,512,0,15.6,0,839.0,2,3,12,7,1
"Gigabyte G5 KF-E3ES313SD Intel Core i5-12500H/16GB/512GB SSD/RTX 4060/15.6""",0,8,49,16,512,0,15.6,0,1109.0,2,6,11,27,0
"HP ChromeBook 14b-na0017ns AMD Ryzen 3 3250C/8GB/128GB SSD/14""",0,9,26,8,128,0,14.0,0,579.01,0,3,6,7,1
"Dell Vostro 3510 Intel Core i3-1115G4/8 GB/256GB SSD/15.6""",0,5,115,8,256,0,15.6,0,599.0,2,3,10,7,1
"Apple Macbook Air Apple M2/8GB/256GB SSD/GPU Octa Core/13.6"" Plata",0,2,65,8,256,0,13.6,0,1519.0,1,3,2,7,1
"ASUS TUF Gaming A15 2023 FA507NV-LP031W AMD Ryzen 7 7735HS/16GB/512GB SSD/RTX 4060/15.6""",0,3,98,16,512,0,15.6,0,1349.0,0,6,8,27,0
"MSI Thin GF63 12UDX-042XES Intel Core i5-12450H/16GB/512GB SSD/RTX 3050/15.6""",0,14,100,16,512,0,15.6,0,999.0,2,6,11,22,0
"Lenovo Ideapad Gaming 3 Gen 6 Intel Core i5-11320H/16GB/512GB SSD/GTX 1650/15.6""",0,13,56,16,512,0,15.6,0,829.01,2,2,11,5,2
"Lenovo Legion 5 15IAH7H Intel Core i7-12700H/16GB/1TB SSD/RTX3060/15.6""",0,13,61,16,1000,0,15.6,0,1569.01,2,6,12,23,0
"HP 15S-EQ2086NS AMD Ryzen 3 5300U/8GB/512GB SSD/15.6""",0,9,4,8,512,0,15.6,0,479.0,0,3,6,7,1
"HP Essential 255 G8 AMD 3020e/8GB/256GB SSD/15.6""",0,9,8,8,256,0,15.6,0,339.0,0,3,3,7,1
"Lenovo IdeaPad Gaming 3 15ACH6 AMD Ryzen 5 5600H/16 GB/512 GB SSD/GTX 1650/15.6""",0,13,56,16,512,0,15.6,0,779.01,0,2,7,5,2
"Medion Akoya E14301 AMD Ryzen 5 3500U/4GB/256GB SSD/14""",0,15,15,4,256,0,14.0,0,499.0,0,3,7,7,1
"ASUS Vivobook 14 F1402ZA-EK610 Intel Core i3-1215U/8GB/256GB SSD/14""",0,3,113,8,256,0,14.0,0,459.0,2,3,10,7,1
"MSI Modern 14 C12M-077XES Intel Core i7-1255U/16GB/1TB SSD/14""",0,14,68,16,1000,0,14.0,0,999.0,2,3,12,7,1
"ASUS ROG Strix G15 G513RM-HQ012 AMD Ryzen 7 6800H/16GB/1TB SSD/RTX3060/15.6""",1,3,87,16,1000,0,15.6,0,1899.0,0,6,8,23,0
"MSI Modern 15 B13M-280XES Intel Core i5-1335U/16GB/512GB SSD/15.6""",0,14,68,16,512,0,15.6,0,819.0,2,3,11,7,1
"HP 15S-eq2091ns AMD Ryzen 7 5700U/12GB/512GB SSD/15.6""",0,9,4,12,512,0,15.6,0,749.0,0,3,8,7,1
"Lenovo Ideapad Duet 5 Chromebook Qualcomm Snapdragon 7c/8GB/128GB eMMC/13.3"" Táctil",0,13,56,8,128,1,13.3,1,599.0,5,3,2,7,1
"Acer Nitro 5 AN515-47-R5K6 AMD Ryzen 5 7535HS/16GB/1TB SSD/RTX 3050Ti/15.6""",0,0,73,16,1000,0,15.6,0,1199.0,0,6,7,22,0
"Lenovo V15 G2 ITL Intel Core i3-1115G4/8 GB/512 GB SSD/15.6""",0,13,108,8,512,0,15.6,0,449.0,2,3,10,7,1
"MSI Prestige 16 Studio A13VF-042XES Intel Core i7-13700H/32GB/1TB SSD/RTX 4060/16""",0,14,83,32,1000,0,16.0,0,1999.0,2,6,12,27,0
"HP 15S-EQ1158NS AMD 3020e/4GB/128GB SSD/15.6""",0,9,4,4,128,0,15.6,0,379.0,0,3,3,7,1
"Lenovo IdeaPad 3 15ITL6 Intel Core i3-1115G4/8GB/256GB SSD/15.6"" Azul",0,13,56,8,256,0,15.6,0,529.0,2,3,10,7,1
"LG Gram 17Z90R-G.AA75B Intel Evo Core i7-1360P/16GB/512GB SSD/17""",0,12,55,16,512,0,17.0,0,1799.0,2,3,12,7,1
"MSI Prestige 16 Studio A13VE-045XES Intel Core i7-13700H/32GB/1TB SSD/RTX 4050/16""",0,14,83,32,1000,0,16.0,0,1999.0,2,6,12,26,0
"ASUS E410MA-EK1356WS Intel Celeron N4020/4GB/64GB eMMC/14""",0,3,34,4,64,1,14.0,0,349.0,2,3,1,7,1
"HP OMEN 17-cm2003ns Intel Core i7-13700HX/32GB/1TB SSD/RTX 4060/17.3""",0,9,76,32,1000,0,17.3,0,1799.0,2,6,12,27,0
"Medion Akoya E16401 MD62264 Intel Core i5-1135G7/8GB/512GB SSD/16.1""",0,15,15,8,512,0,16.1,0,499.0,2,3,11,7,1
"Lenovo V15 G2 ALC AMD Ryzen 3 5300U/8 GB/256 GB SSD/15.6""",0,13,108,8,256,0,15.6,0,399.0,0,3,6,7,1
"ASUS ZenBook 14 OLED UM3402YA-KM512WS AMD Ryzen 7 7730U/16GB/512GB SSD/14""",0,3,120,16,512,0,14.0,0,1149.0,0,3,8,7,1
"Portátil Alurin Flex Advance Intel Core I5-1155G7 14""",1,1,48,8,0,0,14.0,0,368.7,2,3,11,7,1
"Acer Aspire 3 A315-58-32EE Intel Core i3-1115G4/8GB/512GB SSD/15.6""",0,0,19,8,512,0,15.6,0,499.0,2,3,10,7,1
"ASUS Chromebook Vibe CX55 Flip CX5501FEA-NA0271 Intel Core i3-1115G4/8GB/256GB SSD/15.6"" Táctil",0,3,26,8,256,0,15.6,1,699.0,2,3,10,7,1
"MSI Stealth 17 Studio A13VG-017ES Intel Core i7-13700H/32GB/1TB SSD/RTX 4070/17.3""",0,14,92,32,1000,0,17.3,0,2949.0,2,6,12,28,0
"ASUS Vivobook 17 F1704VA-AU083W Intel Core i5-1335U/16GB/512GB SSD/17.3""",0,3,113,16,512,0,17.3,0,899.0,2,3,11,7,1
"HP Victus 16-e1007ns AMD Ryzen 7 6800H/16GB/512GB SSD/RTX 3050/16.1""",0,9,112,16,512,0,16.1,0,1099.0,0,6,8,22,0
"MSI Pulse 17 B13VGK-085XES Intel Core i7-13700H/16GB/1TB SSD/RTX 4070/17.3""",0,14,86,16,1000,0,17.3,0,2099.0,2,6,12,28,0
"ASUS ExpertBook B1500CEAE-EJ3535X Intel Core i7-1165G7/16GB/512GB SSD/15.6""",0,3,42,16,512,0,15.6,0,1049.0,2,3,12,7,1
"Medion Akoya E15301 AMD Ryzen 7 3700U/8 GB/512GB SSD/15.6""",0,15,15,8,512,0,15.6,0,499.0,0,3,8,7,1
"ASUS Vivobook 14 F1402ZA-EK611W Intel Core i5-1235U/8GB/512GB SSD/14""",0,3,113,8,512,0,14.0,0,719.01,2,3,11,7,1
"Razer Blade 15 QHD Intel Core i7-12800H/16GB/1TB SSD/RTX 3060/15.6""",0,21,22,16,1000,0,15.6,0,2799.99,2,6,12,23,0
"Apple MacBook Air Apple M1/8GB/256GB SSD/GPU Hepta Core/13.3"" Dorado",0,2,65,8,256,0,13.3,0,1219.0,1,3,2,7,1
"ASUS Chromebook CX1700CKA-BX0079 Intel Celeron N4500/8GB/64GB eMMC/17.3""",0,3,26,8,64,1,17.3,0,429.0,2,3,1,7,1
"ASUS VivoBook F1500EA-BQ2649W Intel Core i3-1115G4/8GB/512GB SSD/15.6""",0,3,113,8,512,0,15.6,0,499.0,2,3,10,7,1
HP Omen 16-b1016ns Intel Core i7-12700H/16GB/1TB SSD/RTX 3060/16.1'',0,9,76,16,1000,0,16.1,0,1599.0,2,6,12,23,0
"Lenovo IdeaPad Gaming 3 15ACH6 AMD Ryzen 7 5800H/16 GB/512GB SSD/RTX3050/15.6""",0,13,56,16,512,0,15.6,0,1079.01,0,6,8,22,0
"ASUS ZenBook 14 OLED UM3402YA-KM091 AMD Ryzen 5 5625U/16GB/512GB SSD/14""",0,3,120,16,512,0,14.0,0,999.0,0,3,7,7,1
"MSI Bravo 15 B5ED-019XES AMD Ryzen 5 5600H/8GB/512GB SSD/RX 6500M/15.6""",0,14,25,8,512,0,15.6,0,869.0,0,7,7,32,3
"ASUS TUF Dash F15 FX517ZE-HN050 Intel Core i7-12650H/16GB/512GB SSD/RTX 3050Ti/15.6""",0,3,98,16,512,0,15.6,0,1299.0,2,6,12,22,0
MSI Stealth 15 A13VF-019XES Intel Core i7-13620H/16GB/1TB SSD/RTX 4060/15.6'',0,14,92,16,1000,0,15.6,0,1799.0,2,6,12,27,0
"MSI Katana GF66 12UE-1202XES Intel Core i7-12650H/16GB/512GB SSD/RTX 3060/15.6""",0,14,58,16,512,0,15.6,0,1299.0,2,6,12,23,0
"MSI Modern 15 B13M-283ES Intel Core i7-1355U/16GB/1TB SSD/15.6""",0,14,68,16,1000,0,15.6,0,1169.01,2,3,12,7,1
"ASUS Chromebook Vibe CX34 Flip CX3401FBA-N90030 Intel Core i5-1235U/8GB/256GB SSD/14"" Táctil",0,3,26,8,256,0,14.0,1,899.0,2,3,11,7,1
"Lenovo ThinkBook 16 G4+ IAP Intel Core i5-1235U/16GB/512GB SSD/16""",0,13,101,16,512,0,16.0,0,1089.0,2,3,11,7,1
"ASUS ZenBook 14X OLED UM5401QA-L7177 AMD Ryzen 7 5800H/16GB/512GB SSD/14""",0,3,120,16,512,0,14.0,0,1199.0,0,3,8,7,1
"Gigabyte AERO 16 XE5-73ES938HP Intel Core i7-12700H/16GB/2TB SSD/RTX 3070Ti/16""",0,8,14,16,2000,0,16.0,0,2899.0,2,6,12,24,0
"Apple Macbook Air 2023 Apple M2/8GB/256GB SSD/GPU Deca Core/15.3"" Medianoche",0,2,65,8,256,0,15.3,0,1599.0,1,3,2,7,1
"Lenovo IdeaPad 3 AMD Ryzen 3 5300U/8GB/256GB SSD/15.6""",0,13,56,8,256,0,15.6,0,499.0,0,3,6,7,1
"Acer Nitro 5 AN515-58-7571 Intel Core i7-12700H/16GB/512GB SSD/RTX 3060/15.6""",0,0,73,16,512,0,15.6,0,1499.0,2,6,12,23,0
"MSI Prestige 16 Studio A13VE-046XES Intel Core i7-13700H/16GB/1TB SSD/RTX 4050/16""",0,14,83,16,1000,0,16.0,0,1899.0,2,6,12,26,0
"ASUS ZenBook 13 OLED UX325EA-KG744W Intel Evo Core i7-1165G7/16GB/512GB SSD/13.3""",0,3,120,16,512,0,13.3,0,1199.0,2,3,12,7,1
"MSI Bravo 15 B5ED-018XES AMD Ryzen 7 5800H/16GB/512GB SSD/RX6500M/15.6""",0,14,25,16,512,0,15.6,0,999.0,0,7,8,32,3
"ASUS TUF Gaming A15 2023 FA507NU-LP045 AMD Ryzen 7 7735HS/16GB/512GB SSD/RTX 4050/15.6""",0,3,98,16,512,0,15.6,0,1139.01,0,6,8,26,0
"HP Chromebook 15a-na0000ns Intel Celeron N4500/4GB/64GB eMMC/15.6""",0,9,26,4,64,1,15.6,0,376.0,2,3,1,7,1
"HP OMEN 17-cm2006ns Intel Core i7-13700HX/32GB/1TB SSD/RTX 4070/17.3""",0,9,76,32,1000,0,17.3,0,1999.0,2,6,12,28,0
"Lenovo Yoga Slim 7 ProX 14IAH7 Intel Evo Core i5-12500H/16GB/512GB SSD/14.5""",0,13,118,16,512,0,14.5,0,1529.0,2,3,11,7,1
"ASUS ExpertBook B1 B1500CEAE-BQ2834X Intel Core i5-1135G7/16GB/512GB SSD/15.6""",0,3,42,16,512,0,15.6,0,799.0,2,3,11,7,1
"MSI Pulse GL76 12UEK-827XES Intel Core i9-12900H/32GB/1TB SSD/RTX 3060/17.3""",0,14,86,32,1000,0,17.3,0,1599.0,2,6,13,23,0
"Acer Aspire 5 A515-57-51Q4 Intel Core i5-1235U/8GB/512GB SSD/MX550/15.6""",0,0,19,8,512,0,15.6,0,1209.01,2,4,11,11,2
"Lenovo V15 G2 ITL Intel Core i7-1165G7/16 GB/512 GB SSD/15.6""",0,13,108,16,512,0,15.6,0,699.0,2,3,12,7,1
"Lenovo ThinkBook 14s Yoga G2 IAP Intel Core i5-1235U/8GB/256GB SSD/14"" Táctil",0,13,101,8,256,0,14.0,1,1163.02,2,3,11,7,1
"ASUS F1500EA-BQ3074W Intel Core i3-1115G4/8GB/512GB SSD/15.6""",0,3,113,8,512,0,15.6,0,499.0,2,3,10,7,1
"ASUS P1512CEA-EJ0213X Intel Core i5-1135G7/8GB/256GB SSD/15.6""",0,3,42,8,256,0,15.6,0,609.0,2,3,11,7,1
"ASUS VivoBook Flip TP470EA-EC402W Intel Core i5-1135G7/8GB/512GB SSD/14"" Táctil",0,3,113,8,512,0,14.0,1,899.0,2,3,11,7,1
"Lenovo IdeaPad 5 Pro 14ITL6 Intel Core i7-1165G7/8GB/512GB SSD/14""",0,13,56,8,512,0,14.0,0,999.0,2,3,12,7,1
"MSI Stealth 14 Studio A13VG-047XES Intel Core i7-13700H/32GB/1TB SSD/RTX 4070/14""",0,14,92,32,1000,0,14.0,0,2549.01,2,6,12,28,0
"MSI Stealth 16 Studio A13VG-036XES Intel Core i7-13700H/32GB/1TB SSD/RTX 4070/16""",0,14,92,32,1000,0,16.0,0,2599.01,2,6,12,28,0
"Samsung Galaxy Book2 Pro Intel Core i7-1260P/16GB/512GB SSD/13.3""",0,23,53,16,512,0,13.3,0,1549.0,2,3,12,7,1
"ASUS ExpertBook P1512CEA-EJ0084X Intel Core i7-1165G7/8GB/512GB SSD/15.6""",0,3,42,8,512,0,15.6,0,849.0,2,3,12,7,1
"MSI Modern 14 C12M-030XES Intel Core i5-1235U/16GB/512GB SSD/14""",0,14,68,16,512,0,14.0,0,699.0,2,3,11,7,1
"Lenovo V15 G2 ITL Intel Core i3-1115G4/8 GB/256 GB SSD/15.6""",0,13,108,8,256,0,15.6,0,345.0,2,3,10,7,1
"Apple Macbook Pro Apple M2/8GB/256GB SSD/GPU Deca Core/13.3"" Gris Espacial",0,2,66,8,256,0,13.3,0,1619.0,1,3,2,7,1
"ASUS TUF Gaming F15 FX507ZU4-LP040 Intel Core i7-12700H/16GB/512GB SSD/RTX 4050/15.6""",0,3,98,16,512,0,15.6,0,1519.01,2,6,12,26,0
"Acer Nitro 5 AN515-45-R6CN AMD Ryzen 7 5800H/32GB/1TB SSD/RTX 3080/15.6""",0,0,73,32,1000,0,15.6,0,2299.0,0,6,8,25,0
"Razer Blade 17 QHD 240Hz Intel Core i7-12800H/16GB/1TB SSD/RTX 3060/17.3""",0,21,22,16,1000,0,17.3,0,3099.99,2,6,12,23,0
"Lenovo V15 G2 ITL Intel Core i3-1115G4/8 GB/512GB SSD/15.6""",0,13,108,8,512,0,15.6,0,479.0,2,3,10,7,1
"HP 250 G9 Intel Core i5-1235U/16GB/512GB SSD/15.6""",0,9,7,16,512,0,15.6,0,629.01,2,3,11,7,1
"Lenovo V15 G2 ALC AMD Ryzen 5 5500U/16GB/512GB SSD/15.6""",0,13,108,16,512,0,15.6,0,475.0,0,3,7,7,1
"ASUS TUF Gaming F15 FX507ZV4-LP047 Intel Core i7-12700H/16GB/1TB SSD/RTX 4060/15.6""",0,3,98,16,1000,0,15.6,0,1799.0,2,6,12,27,0
"Lenovo V15 G2 ITL Intel Core i3-1115G4/8 GB/256GB SSD/15.6""",0,13,108,8,256,0,15.6,0,449.0,2,3,10,7,1
"Acer Nitro 5 AN515-47-R6UV AMD Ryzen 7 7735HS/16GB/1TB SSD/RTX 3050Ti/15.6""",0,0,73,16,1000,0,15.6,0,1299.01,0,6,8,22,0
"ASUS TUF Gaming F15 FX507ZV4-LP004 Intel Core i7-12700H/32GB/1TB SSD/RTX 4060/15.6""",0,3,98,32,1000,0,15.6,0,1999.0,2,6,12,27,0
"Apple Macbook Air Apple M2/8GB/256GB SSD/GPU Octa Core/13.6"" Midnight",0,2,65,8,256,0,13.6,0,1519.0,1,3,2,7,1
"HP ChromeBook 14a-na1006ns Intel Celeron N4500/4GB/64GB eMMC/14""",0,9,26,4,64,1,14.0,0,379.0,2,3,1,7,1
"MSI Creator Z16 HX Studio B13VFTO-034ES Intel Core i7-13700HX/32GB/1TB SSD/RTX 4060/16"" Táctil",0,14,29,32,1000,0,16.0,1,2729.01,2,6,12,27,0
"Medion Erazer Crawler E30 Intel Core i5-12450H/16GB/512GB SSD/RTX 3050 Ti/15.6""",0,15,41,16,512,0,15.6,0,859.0,2,6,11,22,0
"LG Gram 17Z90Q Intel Evo Core i7-1260P/32GB/1TB SSD/17""",0,12,55,32,1000,0,17.0,0,1809.01,2,3,12,7,1
"MSI Pulse 17 B13VFK-072XES Intel Core i7-13700H/16GB/1TB SSD/RTX 4060/17.3""",0,14,86,16,1000,0,17.3,0,1899.0,2,6,12,27,0
"HP 255 G8 AMD Ryzen 3 5300U/8GB/512GB SSD/15.6""",0,9,8,8,512,0,15.6,0,388.0,0,3,6,7,1
"Lenovo V15 G2 Intel Core i5-1135G7/8GB/256GB SSD/15.6""",0,13,108,8,256,0,15.6,0,499.0,2,3,11,7,1
"Lenovo IdeaPad Gaming 3 15ACH6-381 AMD Ryzen 5 5600H/8GB/512GB SSD/RTX3050/15.6"" (PT)",0,13,56,8,512,0,15.6,0,944.82,0,6,7,22,0
"ASUS ROG Strix G16 G614JZ-N3008 Intel Core i7-13650HX/32GB/1TB/RTX 4080/16""",0,3,87,32,1000,0,16.0,0,2599.01,2,6,12,29,0
"ASUS VivoBook 15 F1500EA-EJ3069W Intel Core i7-1165G7/16GB/512GB SSD/15.6""",0,3,113,16,512,0,15.6,0,909.0,2,3,12,7,1
"MSI Summit E13 Flip Evo A13MT-228ES Intel Evo Core i7-1360P/16GB/1TB SSD/13.4"" Táctil",0,14,93,16,1000,0,13.4,1,1799.0,2,3,12,7,1
"ASUS E410MA-EK1928WS Intel Celeron N4020/4GB/64GB eMMC/14""",0,3,34,4,64,1,14.0,0,452.0,2,3,1,7,1
"HP Pavilion 14-dv2004ns Intel Core i5-1235U/16GB/512GB SSD/14""",0,9,79,16,512,0,14.0,0,899.01,2,3,11,7,1
"LG Ultra PC 17U70Q-P.AA78B Intel Core i7-1260P/16GB/1TB SSD/RTX 3050Ti/17""",0,12,106,16,1000,0,17.0,0,1999.0,2,6,12,22,0
"Lenovo IdeaPad Gaming 3 15IAH7 Intel Core i5-12500H/16 GB/512GB SSD/RTX3050/15.6""",0,13,56,16,512,0,15.6,0,1029.01,2,6,11,22,0
"Lenovo V15 G2 ITL Intel Core i5-1135G7/8 GB/512GB SSD/15.6""",0,13,108,8,512,0,15.6,0,509.0,2,3,11,7,1
"Lenovo V15 G2 AMD Ryzen 5 5500U/8GB/512GB SSD/15.6""",0,13,108,8,512,0,15.6,0,442.99,0,3,7,7,1
"MSI Creator Z16 HX Studio B13VETO-047XES Intel Core i7-13700HX/32GB/1TB SSD/RTX 4050/16"" Táctil",0,14,29,32,1000,0,16.0,1,2499.0,2,6,12,26,0
"Samsung Galaxy Book2 Intel Core i5-1235U/8GB/256GB SSD/15.6"" Negro",0,23,53,8,256,0,15.6,0,849.0,2,3,11,7,1
"Dell Vostro 3510 Intel Core i5-1135G7/8 GB/256GB SSD/15.6""",0,5,115,8,256,0,15.6,0,690.15,2,3,11,7,1
"ASUS ExpertBook B3 Flip B3402FBA-EC0434X Intel Core i5-1235U/8GB/256GB SSD/14"" Táctil",0,3,42,8,256,0,14.0,1,1179.0,2,3,11,7,1
"ASUS TUF Gaming A17 FA707XI-HX019 AMD Ryzen 9 7940HS/32GB/1TB SSD/RTX 4070/17.3""",0,3,98,32,1000,0,17.3,0,1899.01,0,6,9,28,0
HP Victus 16-d1040ns Intel Core i7-12700H/32GB/512GB SSD/RTX 3060/16.1'',0,9,112,32,512,0,16.1,0,1499.01,2,6,12,23,0
"Asus TUF Gaming A15 FA507RR-HQ008 AMD Ryzen 7 6800H/32GB/1TB SSD/RTX 3070/15.6""",0,3,98,32,1000,0,15.6,0,1889.0,0,6,8,24,0
"Apple Macbook Air Apple M2/8GB/512GB SSD/GPU Deca Core/13.6"" Blanco Estrella",0,2,65,8,512,0,13.6,0,1869.0,1,3,2,7,1
"Lenovo ThinkPad E15 Gen 4 AMD Ryzen 7 5825U/16GB/512GB SSD/15.6""",0,13,102,16,512,0,15.6,0,1129.0,0,3,8,7,1
"MSI Prestige 13 Evo A13M-068ES Intel Evo Core i7-1360P/32GB/1TB SSD/13.3""",0,14,83,32,1000,0,13.3,0,1599.0,2,3,12,7,1
"Lenovo Chromebook IdeaPad 3 CB 14IGL05 Intel Celeron N4020/8GB/64GB eMMC/14""",0,13,56,8,64,1,14.0,0,391.0,2,3,1,7,1
"HP ProBook 650 G8 Intel Core i5-1135G7/8GB/256GB SSD/15.6""",0,9,85,8,256,0,15.6,0,709.0,2,3,11,7,1
"Dell Vostro 3520 Intel Core i7-1255U/16GB/512GB SSD/15.6""",0,5,115,16,512,0,15.6,0,889.0,2,3,12,7,1
"ASUS ROG Zephyrus G16 2023 GU603VI-N4006 Intel Core i9-13900H/32GB/1TB SSD/RTX 4070/16""",0,3,87,32,1000,0,16.0,0,2599.0,2,6,13,28,0
"MSI Modern 15 B5M-017XES AMD Ryzen 7 5825U/16GB/512GB SSD/15.6""",0,14,68,16,512,0,15.6,0,899.0,0,3,8,7,1
"HP OMEN 16-n0012ns AMD Ryzen 7 6800H/16GB/512GB SSD/RTX 3050Ti/16.1""",0,9,76,16,512,0,16.1,0,1399.0,0,6,8,22,0
"HP ChromeBook 14a-na1009ns Intel Pentium Silver N6000/8GB/128GB eMMC/14""",0,9,26,8,128,1,14.0,0,458.99,2,3,5,7,1
"MSI Creator Z17 HX Studio A13VFT-048ES Intel Core i9-13950HX/32GB/1TB SSD/RTX 4060/17"" Táctil",0,14,29,32,1000,0,17.0,1,2979.01,2,6,13,27,0
"MSI Prestige 14 Evo B13M-276ES Intel Evo Core i7-13700H/16GB/512GB SSD/14""",0,14,83,16,512,0,14.0,0,1399.0,2,3,12,7,1
"HP Pavilion Plus 14-eh0008ns Intel Core i7-1255U/16GB/512GB SSD/RTX 2050/14""",0,9,79,16,512,0,14.0,0,1729.01,2,6,12,17,0
"Acer Aspire 3 A314-36P-30XR Intel Core i3-N305/8GB/512GB SSD/14""",0,0,19,8,512,0,14.0,0,599.0,2,3,10,7,1
"MSI Raider GE68HX 13VF-046XES Intel Core i7-13700HX/32GB/1TB SSD/RTX 4060/16""",0,14,88,32,1000,0,16.0,0,2499.0,2,6,12,27,0
"Apple Macbook Air 2023 Apple M2/8GB/256GB SSD/GPU Deca Core/15.3"" Gris Espacial",0,2,65,8,256,0,15.3,0,1599.0,1,3,2,7,1
"ASUS ROG Strix Scar 16 2023 G634JY-N4013 Intel Core i9-13980HX/32GB/1TB SSD/RTX 4090/16""",0,3,87,32,1000,0,16.0,0,3699.01,2,6,13,30,0
"Acer Extensa 15 EX215-54-51BK Intel Core i5-1135G7/8GB/512GB SSD/15.6""",0,0,43,8,512,0,15.6,0,450.0,2,3,11,7,1
"Acer Aspire 3 A315-58-77EL Intel Core i7-1165G7/16GB/512GB SSD/15.6""",0,0,19,16,512,0,15.6,0,749.0,2,3,12,7,1
"Apple MacBook Pro Apple M2 Pro 10 Núcleos/16GB/512GB SSD/14.2"" Gris Espacial",0,2,66,16,512,0,14.2,0,2209.0,1,3,2,7,1
"MSI Creator M16 B12UDX-688XES Intel Core i7-12650H/16GB/512GB SSD/RTX 3050/16""",0,14,29,16,512,0,16.0,0,1399.0,2,6,12,22,0
"Lenovo V15 G2 ALC AMD Ryzen 5 5500U/8 GB/256 GB SSD/15.6""",0,13,108,8,256,0,15.6,0,449.0,0,3,7,7,1
"Alurin Flex Intel Core i3-10110U/8GB/512GB SSD/nOS/14""",0,1,47,8,512,0,14.0,0,449.9,2,3,10,7,1
"Apple Macbook Air Apple M2/8GB/512GB SSD/GPU Deca Core/13.6"" Gris Espacial",0,2,65,8,512,0,13.6,0,1869.0,1,3,2,7,1
"ASUS Chromebook Flip CM1 CM1400FXA-EC0109 3015Ce/8GB/64GB eMMC/14"" Táctil",0,3,26,8,64,1,14.0,1,449.01,1,3,2,7,1
"Lenovo V15 G2 ITL Intel Core i3-1115G4/8GB/512GB SSD/15.6""",0,13,108,8,512,0,15.6,0,419.0,2,3,10,7,1
"MSI Prestige 14 Evo B13M-282ES Intel Evo Core i5-13500H/16GB/512GB SSD/14""",0,14,83,16,512,0,14.0,0,1339.01,2,3,11,7,1
"HP EliteBook 840 G3 Intel Core i5-6300U/16GB/512GB SSD/14""",1,9,38,16,512,0,14.0,0,312.83,2,3,11,7,1
HP Victus 16-d1030ns Intel Core i7-12700H/16GB/1TB SSD/RTX 3050Ti/16.1'',0,9,112,16,1000,0,16.1,0,1299.01,2,6,12,22,0
"HP Pavilion 14-ec0011ns AMD Ryzen 7 5700U/16GB/512GB SSD/14""",0,9,79,16,512,0,14.0,0,899.01,0,3,8,7,1
"MSI Creator M16 B13VE-680XES Intel Core i7-13700H/16GB/1TB SSD/RTX 4050/16""",0,14,29,16,1000,0,16.0,0,1749.0,2,6,12,26,0
"ASUS ROG Strix Scar 18 2023 G834JY-N5012 Intel Core i9-13980HX/32GB/1TB SSD/RTX 4090/18""",0,3,87,32,1000,0,18.0,0,3699.01,2,6,13,30,0
"ASUS Zenbook 14 OLED UX3402ZA-KM020W Intel Evo Core i5-1240P/16GB/512GB SSD/14""",0,3,120,16,512,0,14.0,0,1199.0,2,3,11,7,1
"ASUS Vivobook 17 F1704VA-AU084W Intel Core i7-1355U/16GB/512GB SSD/17.3""",0,3,113,16,512,0,17.3,0,999.0,2,3,12,7,1
"Apple MacBook Air Apple M1/16GB/256GB SSD/GPU Hepta Core/13.3"" Gris Espacial",0,2,65,16,256,0,13.3,0,1349.0,1,3,2,7,1
"PcCom Revolt 3060 Intel Core i7-12700H/32GB/500GB SSD/RTX 3060/15.6""",0,18,89,32,500,0,15.6,0,1549.0,2,6,12,23,0
"HP OMEN 16-n0009ns AMD Ryzen 7 6800H/16GB/1TB SSD/RTX 3060/16.1""",0,9,76,16,1000,0,16.1,0,1699.01,0,6,8,23,0
"ASUS TUF Dash F15 FX517ZM-HN002 Intel Core i7-12650H/16GB/512GB SSD/RTX 3060/15.6""",0,3,98,16,512,0,15.6,0,1699.0,2,6,12,23,0
"ASUS Chromebook CX1500CKA-EJ0181 Intel Celeron N4500/8GB/64GB eMMC/15.6""",0,3,26,8,64,1,15.6,0,382.0,2,3,1,7,1
"Alurin Go Intel Pentium N4200/8GB/128GB SSD/nOS/14.1""",0,1,54,8,128,0,14.1,0,309.91,2,3,5,7,1
"HP 255 G8 AMD Ryzen 3 3250U/8 GB/256GB SSD/15.6""",0,9,8,8,256,0,15.6,0,379.0,0,3,6,7,1
"ASUS ExpertBook B7 Flip B7402FBA-L90638X Intel Core i7-1260P/16GB/512GB SSD/14"" Táctil",0,3,42,16,512,0,14.0,1,2109.0,2,3,12,7,1
"MSI Prestige 16 A12UD-220ES Intel Core i7-1280P/16GB/1TB SSD/RTX 3050Ti/16""",0,14,83,16,1000,0,16.0,0,1889.0,2,6,12,22,0
"Dell Latitude 3520 Intel Core i5-1135G7/8GB/256 GB SSD/15.6""",0,5,60,8,256,0,15.6,0,789.0,2,3,11,7,1
"HP ENVY x360 13-bf0003ns Intel Evo Core i7-1250U/16GB/1TB SSD/13.3"" Táctil",0,9,40,16,1000,0,13.3,1,1399.0,2,3,12,7,1
ASUS TUF Gaming F17 FX707ZV4-HX004 Intel Core i7-12700H/32GB/1TB SSD/RTX 4060/17.3'',0,3,98,32,1000,0,17.3,0,1999.0,2,6,12,27,0
"ASUS VivoBook 15 F515EA-BQ1359 Intel Core i3-1115G4/8GB/256GB SSD/15.6""",0,3,113,8,256,0,15.6,0,399.0,2,3,10,7,1
"Apple Macbook Air Apple M2/16GB/256GB SSD/GPU Octa Core/13.6"" Midnight",0,2,65,16,256,0,13.6,0,1639.01,1,3,2,7,1
"HP 250 G8 Intel Core i5-1135G7/16GB/512GB SSD/15.6"" Plata Ceniza",0,9,7,16,512,0,15.6,0,669.01,2,3,11,7,1
Lenovo IdeaPad 1 15AMN7-923 AMD Ryzen 3-7320U/8GB/256 SSD/15.6'' (PT),0,13,56,8,256,0,15.6,0,511.49,0,3,6,7,1
"Medion Erazer Deputy P50 Intel Core i7-13700HX/16GB/1TB SSD/RTX 4060/15.6""",0,15,33,16,1000,0,15.6,0,1529.0,2,6,12,27,0
"MSI Summit E16 Flip A13VET-083ES Intel Core i7-1360P/32GB/1TB SSD/RTX 4050/16"" Táctil",0,14,93,32,1000,0,16.0,1,2379.01,2,6,12,26,0
"Dell Vostro 3510 Intel Core i5-1135G7/16 GB/512GB SSD/15.6""",0,5,115,16,512,0,15.6,0,869.0,2,3,11,7,1
"ASUS M515UA-EJ541 AMD Ryzen 7 5700U/16GB/512GB SSD/15.6""",0,3,64,16,512,0,15.6,0,699.0,0,3,8,7,1
"ASUS ROG Strix G18 G814JI-N6004 Intel Core i9-13980HX/32GB/1TB SSD/RTX 4070/18""",0,3,87,32,1000,0,18.0,0,2659.0,2,6,13,28,0
"ASUS VivoBook 16X M1603QA-MB013W AMD Ryzen 5 5600H/16GB/512GB SSD/16""",0,3,113,16,512,0,16.0,0,579.01,0,3,7,7,1
"Apple Macbook Air 2023 Apple M2/8GB/256GB SSD/GPU Deca Core/15.3"" Blanco Estrella",0,2,65,8,256,0,15.3,0,1599.0,1,3,2,7,1
"MSI Thin GF63 12VE-040ES Intel Core i5-12450H/16GB/512GB SSD/RTX 4050/15.6""",0,14,100,16,512,0,15.6,0,1199.0,2,6,11,26,0
"Gigabyte G5 KF-E3ES313SH Intel Core i5-12500H/16GB/512GB SSD/RTX 4060/15.6""",0,8,49,16,512,0,15.6,0,1189.01,2,6,11,27,0
ASUS Zenbook UM3402YA AMD Ryzen 5-5625U/8GB/512GB SSD/14'' (PT),0,3,120,8,512,0,14.0,0,809.45,0,3,7,7,1
"MSI Creator M16 B13UDX-687XES Intel Core i7-13700H/16GB/1TB SSD/RTX 3050/16""",0,14,29,16,1000,0,16.0,0,1599.0,2,6,12,22,0
"Lenovo ThinkPad T470s Intel Core i5-7300U/16GB/512GB SSD/14""",1,13,102,16,512,0,14.0,0,635.0,2,3,11,7,1
"HP Victus 16-e0061ns AMD Ryzen 7 5800H/16GB/512GB SSD/RTX 3050/16.1""",0,9,112,16,512,0,16.1,0,1149.0,0,6,8,22,0
"Apple Macbook Air Apple M2/8GB/512 GB SSD/GPU Deca Core/13.6"" Plata",0,2,65,8,512,0,13.6,0,1869.0,1,3,2,7,1
"ASUS ROG Strix G17 G713RS-LL008 AMD Ryzen 9 6900HX/32GB/1TB SSD/RTX 3080/17.3""",0,3,87,32,1000,0,17.3,0,2999.0,0,6,9,25,0
"Apple Macbook Pro Apple M2/8GB/512GB SSD/GPU Deca Core/13.3"" Plata",0,2,66,8,512,0,13.3,0,1849.0,1,3,2,7,1
"Apple Macbook Pro Apple M2/16GB/256GB SSD/GPU Deca Core/13.3"" Gris Espacial",0,2,66,16,256,0,13.3,0,1729.01,1,3,2,7,1
"Apple Macbook Air Apple M2/8GB/256GB SSD/GPU Octa Core/13.6"" Blanco Estrella",0,2,65,8,256,0,13.6,0,1519.0,1,3,2,7,1
"ASUS Expertbook B9 B9400CBA-KC0686X Intel Core i5-1235U/16GB/512GB SSD/14""",0,3,42,16,512,0,14.0,0,1579.0,2,3,11,7,1
"MSI Stealth 16 Studio A13VG-033ES Intel Core i9-13900H/32GB/2TB SSD/RTX 4070/16""",0,14,92,32,2000,0,16.0,0,2914.18,2,6,13,28,0
"ASUS ROG Zephyrus G16 2023 GU603ZU-N4004 Intel Core i7-12700H/32GB/1TB SSD/RTX 4050/16""",0,3,87,32,1000,0,16.0,0,1999.0,2,6,12,26,0
"MSI GF63 Thin 11UC-447XES Intel Core i5-11400H/16GB/512GB SSD/RTX 3050/15.6""",0,14,100,16,512,0,15.6,0,1049.0,2,6,11,22,0
"ASUS TUF Gaming F15 FX507ZU4-LP003 Intel Core i7-12700H/16GB/1TB SSD/RTX 4050/15.6""",0,3,98,16,1000,0,15.6,0,2049.0,2,6,12,26,0
"HP Chromebook 15a-na0002ns Intel Celeron N4500/8GB/128GB eMMC/15.6""",0,9,26,8,128,1,15.6,0,429.01,2,3,1,7,1
"LG Ultra PC 17U70Q-P.AD78B Intel Evo Core i7-1260P/32GB/1TB SSD/RTX 3050Ti/17""",0,12,106,32,1000,0,17.0,0,2199.0,2,6,12,22,0
"ASUS ROG Zephyrus M16 2023 GU604VZ-NM008W Intel Core i9-13900H/32GB/1TB SSD/RTX 4080/16""",0,3,87,32,1000,0,16.0,0,3599.0,2,6,13,29,0
"Lenovo V15 Gen 2 ALC AMD Ryzen 7 5700U/16GB/512GB SSD/15.6""",0,13,108,16,512,0,15.6,0,739.01,0,3,8,7,1
"MSI Creator M16 B12VE-685XES Intel Core i7-12650H/32GB/1TB SSD/RTX 4050/16""",0,14,29,32,1000,0,16.0,0,1699.0,2,6,12,26,0
"MSI Summit E16 Flip Evo A13MT-238ES Intel Evo Core i7-1360P/16GB/1TB SSD/16"" Táctil",0,14,93,16,1000,0,16.0,1,1829.0,2,3,12,7,1
"HP 15S-fq4043ns Intel Core i7-1195G7/16GB/512GB SSD/15.6""",0,9,4,16,512,0,15.6,0,759.01,2,3,12,7,1
"ASUS ROG Strix G17 G713RS-LL042 AMD Ryzen 7 6800H/32GB/1TB SSD/RTX 3080/17.3""",0,3,87,32,1000,0,17.3,0,2999.0,0,6,8,25,0
"MSI Prestige 14 Evo B13M-242ES Intel Core i7-13700H/32GB/1TB SSD/14""",0,14,83,32,1000,0,14.0,0,1589.01,2,3,12,7,1
"ASUS ROG Zephyrus G14 2023 GA402XV-N2028W AMD Ryzen 9 7940HS/32GB/1TB SSD/RTX 4060/14""",0,3,87,32,1000,0,14.0,0,2499.0,0,6,9,27,0
"MSI Katana GF66 12UC-820XES Intel Core i7-12650H/16GB/512GB SSD/RTX3050/15.6""",0,14,58,16,512,0,15.6,0,1199.0,2,6,12,22,0
"Apple MacBook Pro Apple M2 Pro 10 Núcleos/16GB/512GB SSD/14.2"" Plata",0,2,66,16,512,0,14.2,0,2269.0,1,3,2,7,1
"ASUS ROG Strix Scar 18 2023 G834JZ-N6004W Intel Core i9-13980HX/32GB/1TB SSD/RTX 4080/18""",0,3,87,32,1000,0,18.0,0,3399.0,2,6,13,29,0
"ASUS F1500EA-BQ3065W Intel Core i5-1135G7/8GB/512GB SSD/15.6""",0,3,113,8,512,0,15.6,0,509.0,2,3,11,7,1
"Apple MacBook Air Apple M1/16 GB/512GB SSD/GPU Hepta Core/13.3"" Gris Espacial",0,2,65,16,512,0,13.3,0,1569.01,1,3,2,7,1
"ASUS Expertbook B9 B9400CBA-KC0681X Intel Core i7-1255U/16GB/512GB SSD/14""",0,3,42,16,512,0,14.0,0,1719.0,2,3,12,7,1
ASUS M515UA-R55BHDSB2 AMD Ryzen 5 5500U/16GB/256GB SSD/15.6'' (PT),0,3,64,16,256,0,15.6,0,625.41,0,3,7,7,1
"Apple Macbook Pro Apple M2/16GB/512GB SSD/GPU Deca Core/13.3"" Gris Espacial",0,2,66,16,512,0,13.3,0,1899.01,1,3,2,7,1
"ASUS VivoBook F1500EA-BQ2361W Intel Core i3-1115G4/8GB/256GB SSD/15.6""",0,3,113,8,256,0,15.6,0,396.0,2,3,10,7,1
"Medion Akoya S15449-MD62128 Intel Core i5-1135G7/8GB/512GB SSD/15.6""",0,15,15,8,512,0,15.6,0,669.01,2,3,11,7,1
"ASUS TUF Gaming A16 Advantage Edition 2023 FA617NS-N3020 AMD Ryzen 7 7735HS/16GB/1TB SSD/Radeon RX 7600S/16""",0,3,98,16,1000,0,16.0,0,1499.0,0,7,8,36,3
"Apple Macbook Air 2023 Apple M2/8GB/512GB SSD/GPU Deca Core/15.3"" Medianoche",0,2,65,8,512,0,15.3,0,1829.0,1,3,2,7,1
"Acer Aspire 3 A315-58 Intel Core i7-1165G7/8GB/512GB SSD/15.6""",0,0,19,8,512,0,15.6,0,729.0,2,3,12,7,1
"HP Pavilion x360 14-ek0015ns Intel Core i5-1235U/8GB/512GB SSD/14"" Táctil",0,9,79,8,512,0,14.0,1,1149.0,2,3,11,7,1
"HP ProBook 455 G10 AMD Ryzen 5 7530U/16GB/512GB SSD/15.6""",0,9,85,16,512,0,15.6,0,799.0,0,3,7,7,1
"MSI Raider GE68HX 13VG-042XES Intel Core i9-13950HX/32GB/1TB SSD/RTX 4070/16""",0,14,88,32,1000,0,16.0,0,3099.0,2,6,13,28,0
"Acer Predator Helios 300 PH315-55-7174 Intel Core i7-12700H/16GB/512GB SSD/RTX 3060/15.6""",0,0,82,16,512,0,15.6,0,1779.0,2,6,12,23,0
"HP 250 G9 Intel Core i7-1255U/16 GB/512GB SSD/15.6""",0,9,7,16,512,0,15.6,0,819.0,2,3,12,7,1
"HP Envy 16-h0002ns Intel Evo Core i7-12700H/16GB/1TB SSD/Intel Arc A370M/16""",0,9,40,16,1000,0,16.0,0,1799.0,2,1,12,1,3
"ASUS TUF Gaming A16 Advantage Edition 2023 FA617XS-N3035 AMD Ryzen 9 7940HS/16GB/1TB SSD/Radeon RX 7600S/16""",0,3,98,16,1000,0,16.0,0,1699.0,0,7,9,36,3
"ASUS TUF Gaming F15 FX506LHB-HN324 Intel Core i5-10300H/16GB/512GB SSD/GTX 1650/15.6""",0,3,98,16,512,0,15.6,0,999.0,2,2,11,5,2
"HP 250 G8 Intel Celeron N4020/8 GB/256 GB SSD/15.6""",0,9,7,8,256,0,15.6,0,383.26,2,3,1,7,1
"HP ChromeBook x360 14a-ca0029ns Intel Celeron N4120/4GB/64GB eMMC/14"" Táctil",0,9,26,4,64,1,14.0,1,399.0,2,3,1,7,1
"ASUS ROG Strix G16 G614JI-N4089W Intel Core i9-13980HX/32GB/1TB SSD/RTX 4070/16""",0,3,87,32,1000,0,16.0,0,2699.0,2,6,13,28,0
"MSI Raider GE78HX 13VG-041XES Intel Core i7-13700HX/32GB/1TB SSD/RTX 4070/17""",0,14,88,32,1000,0,17.0,0,2799.0,2,6,12,28,0
"MSI Modern 14 C12M-076ES Intel Core i7-1255U/16GB/512GB SSD/14""",1,14,68,16,512,0,14.0,0,1099.0,2,3,12,7,1
"Acer Aspire 3 A315-34 Intel Celeron N4020/8 GB/256GB SSD/15.6""",0,0,19,8,256,0,15.6,0,306.99,2,3,1,7,1
"PcCom Revolt 3060 Intel Core i7-12700H/32GB/1TB SSD/RTX 3060/15.6""",0,18,89,32,1000,0,15.6,0,1649.0,2,6,12,23,0
"Microsoft Surface Laptop Go 2 Intel Core i5-1135G7/8GB/256GB SSD/12.4"" Táctil",0,16,95,8,256,0,12.4,1,869.0,2,3,11,7,1
ASUS TUF Gaming F17 FX707VV4-HX025 Intel Core i9-13900H/32GB/1TB SSD/RTX 4060/17.3'',0,3,98,32,1000,0,17.3,0,2099.0,2,6,13,27,0
"ASUS Vivobook 15X OLED M1503QA-R75BOHDSB1 AMD Ryzen 7 5800H/HS/16GB/1TB SSD/15.6"" (PT)",0,3,113,16,1000,0,15.6,0,1149.04,0,3,8,7,1
"ASUS ROG Strix G16 G614JI-N4006 Intel Core i9-13980HX/32GB/1TB SSD/RTX 4070/16""",0,3,87,32,1000,0,16.0,0,2599.0,2,6,13,28,0
ASUS TUF Gaming F17 FX707VU4-HX028 Intel Core i9-13900H/32GB/1TB SSD/RTX 4050/17.3'',0,3,98,32,1000,0,17.3,0,1889.0,2,6,13,26,0
ASUS TUF Gaming F17 FX707ZU4-HX005 Intel Core i7-12700H/16GB/1TB SSD/RTX 4050/17.3'',0,3,98,16,1000,0,17.3,0,1619.0,2,6,12,26,0
"MSI Creator Z17 HX Studio A13VGT-046ES Intel Core i7-13700HX/32GB/1TB SSD/RTX 4070/17"" Táctil",0,14,29,32,1000,0,17.0,1,3129.0,2,6,12,28,0
"Razer Blade 17 QHD 240Hz Intel Core i7-12800H/16GB/1TB SSD/RTX 3070Ti/17.3""",0,21,22,16,1000,0,17.3,0,3499.99,2,6,12,24,0
"Acer Extensa 15 EX215-54-31DH Intel Core i3-1115G4/8GB/256GB SSD/15.6""",0,0,43,8,256,0,15.6,0,394.0,2,3,10,7,1
"MSI Summit E16 Flip A13VFT-082ES Intel Core i7-1360P/32GB/1TB SSD/RTX 4060/16"" Táctil",0,14,93,32,1000,0,16.0,1,2499.0,2,6,12,27,0
"ASUS VivoBook F1605PA-MB091W Intel Core i5-11300H/8GB/512GB SSD/16""",0,3,113,8,512,0,16.0,0,549.99,2,3,11,7,1
"Medion Erazer Deputy P10 MD62132 Intel Core i5-10300H/8GB/512GB SSD/GTX 1660Ti/15.6""",0,15,33,8,512,0,15.6,0,999.0,2,2,11,6,3
"HP OMEN 16-B1006NS Intel Core i7-12700H/16GB/1TB SSD/RTX 3060/16.1""",0,9,76,16,1000,0,16.1,0,1699.01,2,6,12,23,0
"ASUS Chromebook CX1400CNA-EK0225 Intel Celeron N3350/8GB/32GB eMMC/14""",0,3,26,8,32,1,14.0,0,349.0,2,3,1,7,1
"Alurin Flex Advance Intel Core i5-1155G7/8GB/500GB SSD/15.6""",0,1,48,8,500,0,15.6,0,500.0,2,3,11,7,1
"Microsoft Surface Laptop 5 Alcántara Intel Evo Core i5-1235U/8GB/256GB SSD/13.5"" Táctil",0,16,95,8,256,0,13.5,1,1179.0,2,3,11,7,1
"LG Gram 16Z90Q Intel Evo Core i7-1260P/32GB/1TB SSD/16""",0,12,55,32,1000,0,16.0,0,1819.01,2,3,12,7,1
"MSI Prestige 13 Evo A13M-032ES Intel Evo Core i7-1360P/16GB/1TB SSD/13.3""",0,14,83,16,1000,0,13.3,0,1499.01,2,3,12,7,1
"MSI Prestige 16 Studio A13VF-041ES Intel Core i7-13700H/32GB/1TB SSD/RTX 4060/16""",0,14,83,32,1000,0,16.0,0,2239.01,2,6,12,27,0
"ASUS ROG Strix Scar 16 2023 G634JY-NM014W Intel Core i9-13980HX/32GB/2TB SSD/RTX 4090/16""",0,3,3,32,2000,0,16.0,0,4949.01,2,6,13,30,0
"Acer Predator Triton 300 SE PT316-51s-74LT Intel Core i7-12700H/16GB/512GB SSD/RTX 3050Ti/16""",0,0,82,16,512,0,16.0,0,1589.01,2,6,12,22,0
"HP OMEN 16-b1025ns Intel Core i7-12700H/32GB/1TB SSD/RTX 3070/16.1""",0,9,76,32,1000,0,16.1,0,1999.0,2,6,12,24,0
"ASUS ExpertBook B1 B1402CBA-EB0821X Intel Core i7-1255U/16GB/512GB SSD/14""",0,3,42,16,512,0,14.0,0,1189.0,2,3,12,7,1
"MSI Titan GT77 HX 13VH-008ES Intel Core i9-13980HX/64GB/2TB SSD/RTX 4080/17.3"" + Bundle Gaming",0,14,103,64,2000,0,17.3,0,4899.0,2,6,13,29,0
"HP 250 G9 Intel Core i5-1235U/8 GB/512GB SSD/15.6""",0,9,7,8,512,0,15.6,0,559.01,2,3,11,7,1
"HP 250 G9 Intel Core i3-1215U/8 GB/256GB SSD/15.6""",0,9,7,8,256,0,15.6,0,417.99,2,3,10,7,1
"LG Gram 17Z90Q Intel Core i7-1260P/16GB/512GB SSD/RTX 2050/17""",0,12,55,16,512,0,17.0,0,1409.01,2,6,12,17,0
"ASUS ROG Zephyrus M16 2023 GU604VY-NM001W Intel Core i9-13900H/32GB/2TB SSD/RTX 4090/16""",0,3,87,32,2000,0,16.0,0,4299.0,2,6,13,30,0
"Lenovo IdeaPad Gaming 3 15ACH6 AMD Ryzen 5 5600H/16 GB/512 GB SSD/RTX3050/15.6""",0,13,56,16,512,0,15.6,0,879.0,0,6,7,22,0
"Apple MacBook Pro Apple M1 Max/32GB/1TB SSD/16.2"" Plata",0,2,66,32,1000,0,16.2,0,3849.0,1,3,2,7,1
"Acer Predator Triton 300 SE PT314-52s-76F0 Intel Core i7-12700H/16GB/512GB SSD/RTX 3060/14""",0,0,82,16,512,0,14.0,0,1739.0,2,6,12,23,0
"ASUS VivoBook 15 F1500EA-EJ3108W Intel Core i5-1135G7/16GB/1TB SSD/15.6""",0,3,113,16,1000,0,15.6,0,665.0,2,3,11,7,1
"ASUS TUF Gaming F15 FX507ZU4-LP004 Intel Core i7-12700H/32GB/1TB SSD/RTX 4050/15.6""",0,3,98,32,1000,0,15.6,0,1699.01,2,6,12,26,0
"Acer Nitro 5 AN517-55-75RS Intel Core i7-12700H/16GB/512GB SSD/RTX 3060/17.3""",0,0,73,16,512,0,17.3,0,1629.0,2,6,12,23,0
"Primux IoxBook 15I3A Intel Core i3-1005G1/8GB/256GB SSD/15.6""",0,19,57,8,256,0,15.6,0,283.42,2,3,10,7,1
Lenovo Legion 5 15ACH6H-289 AMD Ryzen 5 5600H/8GB/512GB SSD/RTX3060/15.6'' (PT),0,13,61,8,512,0,15.6,0,1252.5,0,6,7,23,0
"ASUS ROG Strix SCAR 15 G533ZS-HF043 Intel Core i9-12900H/32GB/1TB SSD/RTX 3080/15.6""",0,3,87,32,1000,0,15.6,0,3499.0,2,6,13,25,0
"Lenovo IdeaPad Flex 5 14ITL05 Intel Core i5-1135G7/16GB/512GB SSD/14"" Táctil",0,13,56,16,512,0,14.0,1,829.01,2,3,11,7,1
"Samsung Galaxy Book3 Intel Core i7-1355U/16GB/512GB SSD/15.6""",0,23,53,16,512,0,15.6,0,1169.01,2,3,12,7,1
"ASUS VivoBook F1605PA-MB090W Intel Core i7-11370H/16GB/512GB SSD/16""",0,3,113,16,512,0,16.0,0,769.0,2,3,12,7,1
"Lenovo V15 Gen 2 ALC AMD Ryzen 3 5300U/8GB/512GB SSD/15.6""",0,13,108,8,512,0,15.6,0,399.0,0,3,6,7,1
"Lenovo IdeaPad Gaming 3 15ACH6 AMD Ryzen 7 5800H/16GB/1TB SSD/RTX3060/15.6""",0,13,56,16,1000,0,15.6,0,1269.0,0,6,8,23,0
"Acer Nitro 5 AN515-58-591S Intel Core i5-12500H/16GB/1TB SSD/RTX 3060/15.6""",1,0,73,16,1000,0,15.6,0,881.13,2,6,11,23,0
"LG Gram 15ZD90R-G.AX75B Intel Evo Core i7-1360P/16GB/512GB SSD/15""",0,12,55,16,512,0,15.0,0,1549.0,2,3,12,7,1
"HP Victus 16-e1015ns AMD Ryzen 7 6800H/16GB/512GB SSD/RTX 3050/16.1""",0,9,112,16,512,0,16.1,0,1629.0,0,6,8,22,0
"Samsung Galaxy Book3 Intel Core i5-1335U/8GB/512GB SSD/15.6""",0,23,53,8,512,0,15.6,0,924.98,2,3,11,7,1
"LG Gram 17Z90P Intel Evo Core i7-1165G7/32GB/512GB SSD/17""",0,12,55,32,512,0,17.0,0,2360.08,2,3,12,7,1
"HP Pavilion 14-dv2012ns Intel Core i7-1255U/16GB/1TB SSD/14""",0,9,79,16,1000,0,14.0,0,1409.01,2,3,12,7,1
"Dell Vostro 5625 AMD Ryzen 5 5625U/8GB/256GB SSD/16""",0,5,115,8,256,0,16.0,0,829.0,0,3,7,7,1
"HP Pavilion Plus 14-eh0006ns Intel Core i7-12700H/16GB/1TB SSD/14""",0,9,79,16,1000,0,14.0,0,1629.0,2,3,12,7,1
"MSI Stealth 17 Studio A13VH-031ES Intel Core i7-13700H/32GB/1TB SSD/RTX 4080/17.3""",0,14,92,32,1000,0,17.3,0,3599.0,2,6,12,29,0
"ASUS ROG Strix SCAR 17 2023 G733PZ-LL002 AMD Ryzen 9 7945HX/32GB/1TB SSD/RTX 4080/17.3""",0,3,87,32,1000,0,17.3,0,2999.01,0,6,9,29,0
"ASUS Vivobook 14 F1400EA-EK1543W Intel Core i3-1115G4/8GB/256GB SSD/14""",0,3,113,8,256,0,14.0,0,549.0,2,3,10,7,1
"ASUS VivoBook Pro 16X OLED N7600ZE-L2109 Intel Core i7-12700H/32GB/512GB SSD/RTX 3050 Ti/16""",0,3,113,32,512,0,16.0,0,2089.0,2,6,12,22,0
"Apple Macbook Air Apple M2/8GB/512GB SSD/GPU Deca Core/13.6"" Midnight",0,2,65,8,512,0,13.6,0,1869.0,1,3,2,7,1
"Dell Vostro 3510 Intel Core i5-1135G7/8GB/512GB SSD/15.6""",0,5,115,8,512,0,15.6,0,738.55,2,3,11,7,1
"MSI Katana GF66 12UE-1203XES Intel Core i5-12450H/16GB/512GB SSD/RTX3060/15.6""",0,14,58,16,512,0,15.6,0,1349.0,2,6,11,23,0
"Acer Predator Helios 300 PH315-55-79BN Intel Core i7-12700H/32GB/1TB SSD/RTX3070/15.6""",0,0,82,32,1000,0,15.6,0,2389.0,2,6,12,24,0
"ASUS Vivobook 17 F712EA-AU678W Intel Core i5-1135G7/16GB/512GB SSD/17.3""",0,3,113,16,512,0,17.3,0,889.0,2,3,11,7,1
"MSI Stealth 17 Studio A13VI-030ES Intel Core i7-13700H/32GB/1TB SSD/RTX 4090/17.3""",0,14,92,32,1000,0,17.3,0,3818.77,2,6,12,30,0
"Apple Macbook Air 2023 Apple M2/8GB/512GB SSD/GPU Deca Core/15.3"" Gris Espacial",0,2,65,8,512,0,15.3,0,1829.0,1,3,2,7,1
"Gigabyte AORUS 5 SE4-73ES214SD Intel Core i7-12700H/16GB/1TB SSD/RTX 3070/15.6""",0,8,18,16,1000,0,15.6,0,1949.01,2,6,12,24,0
"Primux ioxbook 15R5C AMD Ryzen 5 3450U/8GB/512GB SSD/15.6""",0,19,57,8,512,0,15.6,0,338.81,0,3,7,7,1
"ASUS VivoBook 13 Slate OLED T3300KA-LQ069W Intel Pentium Silver N6000/8GB/128GB SSD/13.3"" Táctil",0,3,113,8,128,0,13.3,1,776.14,2,3,5,7,1
"Lenovo IdeaPad Flex 5 14ITL05 Intel Core i7-1165G7/16GB/512GB SSD/14"" Táctil",0,13,56,16,512,0,14.0,1,979.0,2,3,12,7,1
"Apple Macbook Air Apple M2/16GB/512GB SSD/GPU Deca Core/13.6"" Midnight",0,2,65,16,512,0,13.6,0,1969.01,1,3,2,7,1
"Acer Nitro 5 AN517-55-78S2 Intel Core i7-12700H/16GB/512GB SSD/RTX 3050Ti/17.3""",0,0,73,16,512,0,17.3,0,1539.0,2,6,12,22,0
"ASUS Chromebook CX1400CNA-EK0238 Intel Celeron N3350/4GB/32GB eMMC/14""",0,3,26,4,32,1,14.0,0,299.0,2,3,1,7,1
"Alurin Flex Advance AMD Ryzen 5 5500U/8GB/500GB SSD/15.6""",0,1,48,8,500,0,15.6,0,459.0,0,3,7,7,1
"Lenovo V15 IGL Intel Celeron N4020/8GB/256GB SSD/15.6""",0,13,108,8,256,0,15.6,0,322.49,2,3,1,7,1
"MSI Summit E13 Flip Evo A13MT-087ES Intel Evo Core i7-1360P/32GB/1TB SSD/13.4"" Táctil",0,14,93,32,1000,0,13.4,1,1899.0,2,3,12,7,1
"Acer Extensa 15 EX215-54 Intel Core i3-1115G4/8GB/256GB SSD/15.6""",0,0,43,8,256,0,15.6,0,413.99,2,3,10,7,1
"Acer Predator Triton 500 SE PT516-51s-79HF Intel Core i7-11800H/16GB/1TB SSD/RTX 3060/16""",0,0,82,16,1000,0,16.0,0,1929.01,2,6,12,23,0
"Lenovo IdeaPad 3 15ALC6-913 AMD Ryzen 7 5700U/8GB/512GB SSD/15.6"" (PT)",0,13,56,8,512,0,15.6,0,730.97,0,3,8,7,1
"MSI Creator M16 B13UDX-686ES Intel Core i7-13700H/16GB/1TB SSD/RTX 3050/16""",0,14,29,16,1000,0,16.0,0,1699.01,2,6,12,22,0
"MSI Creator M16 B13VE-683ES Intel Core i7-13700H/16GB/1TB SSD/RTX 4050/16""",0,14,29,16,1000,0,16.0,0,1899.01,2,6,12,26,0
"MSI Raider GE68 HX 13VG-043ES Intel Core i7-13700HX/32GB/1TB SSD/RTX 4070/16""",0,14,88,32,1000,0,16.0,0,2578.38,2,6,12,28,0
"Medion Erazer Crawler E40 Intel Core i5-13420H/16GB/1TB SSD/RTX 4050/15.6""",0,15,41,16,1000,0,15.6,0,1119.01,2,6,11,26,0
"Medion Erazer Defender P40 Intel Core i7-13700HX/16GB/1TB SSD/RTX 4060/17.3""",0,15,41,16,1000,0,17.3,0,1629.0,2,6,12,27,0
"HP OMEN 16-k0023ns Intel Core i9-12900H/32GB/1TB SSD/RTX 3070 Ti/16.1""",0,9,76,32,1000,0,16.1,0,2399.01,2,6,13,24,0
"MSI Summit E13 Flip Evo A13MT-229ES Intel Evo Core i7-1360P/16GB/512GB SSD/13.4"" Táctil",0,14,93,16,512,0,13.4,1,1709.0,2,3,12,7,1
"HP OMEN 17-ck1002ns Intel Core i7-12700H/32GB/1TB SSD/RTX 3060/17.3""",0,9,76,32,1000,0,17.3,0,1799.0,2,6,12,23,0
"Lenovo IdeaPad 3 15ITL6 Intel Core i5-1135G7/16 GB/512 GB SSD/15.6""",0,13,56,16,512,0,15.6,0,729.0,2,3,11,7,1
"MSI Raider GE68HX 13VF-044ES Intel Core i9-13950HX/32GB/1TB SSD/RTX 4060/16""",0,14,88,32,1000,0,16.0,0,2899.0,2,6,13,27,0
"MSI Stealth 16 Studio A13VF-039XES Intel Core i7-13700H/32GB/1TB SSD/RTX 4060/16""",0,14,92,32,1000,0,16.0,0,2059.76,2,6,12,27,0
"MSI Stealth 16 Studio A13VF-037ES Intel Core i7-13700H/32GB/1TB SSD/RTX 4060/16""",0,14,92,32,1000,0,16.0,0,2459.01,2,6,12,27,0
"ASUS TUF Dash F15 FX517ZR-HN081 Intel Core i7-12650H/32GB/1TB SSD/RTX 3070/15.6""",0,3,98,32,1000,0,15.6,0,1889.0,2,6,12,24,0
"MSI Stealth 16 Studio A13VF-041XES Intel Core i7-13700H/16GB/1TB SSD/RTX 4060/16""",0,14,92,16,1000,0,16.0,0,2249.0,2,6,12,27,0
"HP Victus 15-fa0023np Intel Core i5-12450H/16GB/512GB SSD/RTX 3050/15.6"" (PT)",0,9,112,16,512,0,15.6,0,1049.99,2,6,11,22,0
"ASUS ROG Strix Scar 16 2023 G634JZ-N4004 Intel Core i9-13980HX/32GB/1TB SSD/RTX 4080/16""",0,3,87,32,1000,0,16.0,0,3099.0,2,6,13,29,0
"Prixton Flex Pro Intel Celeron N4020/4GB/64GB/11.6"" Táctil",0,20,47,4,64,0,11.6,1,329.95,2,3,1,7,1
"MSI Titan GT77 HX 13VI-006ES Intel Core i9-13980HX/128GB/2TB SSD/RTX 4090/17.3"" + Bundle Gaming",0,14,103,128,2000,0,17.3,0,5999.0,2,6,13,30,0
"Alurin Go Intel Pentium N4200/8GB/128GB SSD/14.1""",0,1,54,8,128,0,14.1,0,385.0,2,3,5,7,1
"LG Gram 17Z95P Intel Evo Core i7-1195G7/16GB/512GB SSD/17""",0,12,55,16,512,0,17.0,0,1799.0,2,3,12,7,1
ASUS ROG Flow X16 2023 GV601VI-NL017W Intel Core i9-13900H/32GB/1TB SSD/RTX 4070/16'' Táctil,0,3,87,32,1000,0,16.0,1,2999.0,2,6,13,28,0
"Samsung Galaxy Book3 Pro 360 Intel Evo Core i7-1360P/16GB/512GB SSD/16"" Táctil",0,23,53,16,512,0,16.0,1,2089.0,2,3,12,7,1
"Alurin Flex Advance Intel Core i7-1255U/16GB/500GB SSD/15.6""",0,1,48,16,500,0,15.6,0,739.0,2,3,12,7,1
"HP Envy 16-h0005ns Intel Core i7-12700H/16GB/1TB SSD/RTX 3060/16""",0,9,40,16,1000,0,16.0,0,1999.0,2,6,12,23,0
"MSI Stealth 16 Studio A13VG-034ES Intel Core i7-13700H/32GB/1TB SSD/RTX 4070/16""",0,14,92,32,1000,0,16.0,0,2749.0,2,6,12,28,0
"Acer Swift X SFX14-41G-R477 AMD Ryzen 7 5700U/16GB/1TB SSD/RTX3050Ti/14""",0,0,97,16,1000,0,14.0,0,1473.01,0,6,8,22,0
"MSI Creator Z16 HX Studio B13VFTO-045ES Intel Core i9-13950HX/32 GB/1TB SSD/RTX 4060/16"" Táctil",0,14,29,32,1000,0,16.0,1,2899.0,2,6,13,27,0
"Samsung Galaxy Book3 360 Intel Evo Core i5/16GB/512GB SSD/13.3"" Táctil",0,23,53,16,512,0,13.3,1,1489.0,2,3,11,7,1
"ASUS VivoBook 15 F1502ZA-EJ1033W Intel Core i5-1235U/16GB/512GB SSD/15.6""",0,3,113,16,512,0,15.6,0,615.97,2,3,11,7,1
"Gigabyte AERO 14 OLED BMF-72ESBB4SH Intel Core i7-13700H/16GB/1TB SSD/RTX 4050/14""",0,8,14,16,1000,0,14.0,0,1969.01,2,6,12,26,0
"MSI Creator Z16 HX Studio B13VGTO-033ES Intel Core i7-13700HX/32GB/1TB SSD/RTX 4070/16"" Táctil",0,14,29,32,1000,0,16.0,1,2949.0,2,6,12,28,0
"MSI Stealth 14 Studio A13VF-050ES Intel Core i7-13700H/16GB/1TB SSD/RTX 4060/14""",0,14,92,16,1000,0,14.0,0,2349.01,2,6,12,27,0
"Apple MacBook Pro Intel Core i5/8GB/256GB/13"" Plateado",1,2,66,8,256,0,13.0,0,634.25,2,3,11,7,1
"ASUS ZenBook Pro Duo 15 OLED UX582ZM-H2030W Intel Core i7-12700H/32GB/1TB SSD/RTX 3060/15.6"" Táctil",0,3,120,32,1000,0,15.6,1,2799.0,2,6,12,23,0
"ASUS ROG Zephyrus Duo 16 2023 GX650PY-NM003W AMD Ryzen 9 7945HX/64GB/2TB+2TB SSD/RTX 4090/16""",0,3,87,64,2000,0,16.0,0,5159.0,0,6,9,30,0
"Gigabyte AERO 17 XE5-73ES738HP Intel Core i7-12700H/16GB/2TB SSD/RTX 3070Ti/17.3""",0,8,14,16,2000,0,17.3,0,2999.0,2,6,12,24,0
"Microsoft Surface GO 3 Intel Pentium Gold 6500Y/8GB/128GB SSD/10.5"" Táctil",0,16,94,8,128,0,10.5,1,599.01,2,3,5,7,1
"HP Victus 15-fa1002ns Intel Core i7-13700H/16GB/512GB SSD/RTX 4050/15.6""",0,9,112,16,512,0,15.6,0,1299.01,2,6,12,26,0
"MSI Prestige 16 A12UD-221XES Intel Core i7-1280P/16GB/1TB SSD/RTX 3050Ti/16""",0,14,83,16,1000,0,16.0,0,1889.0,2,6,12,22,0
"Apple MacBook Pro Apple M2 Max/32GB/1TB SSD/16.2"" Plata",0,2,66,32,1000,0,16.2,0,3799.0,1,3,2,7,1
"Apple MacBook Pro Apple M2 Max/32GB/1TB SSD/14.2"" Gris Espacial",0,2,66,32,1000,0,14.2,0,3379.01,1,3,2,7,1
"Apple MacBook Air Apple M1/8GB/512GB SSD/GPU Hepta Core/13.3"" Gris Espacial",0,2,65,8,512,0,13.3,0,1349.0,1,3,2,7,1
"HP EliteBook 840 G3 Intel Core i5-6200U/16GB/256GB SSD/14""",1,9,38,16,256,0,14.0,0,291.69,2,3,11,7,1
"Gigabyte AERO 16 OLED BSF-73ES994SO Intel Core i7-13700H/16GB/1TB SSD/RTX 4070/16""",0,8,14,16,1000,0,16.0,0,2309.01,2,6,12,28,0
"Primux ioxbook 1406F Intel Celeron N4000/4 GB/128GB SSD/14""",0,19,57,4,128,0,14.0,0,208.99,2,3,1,7,1
"Lenovo IdeaPad 3 15ALC6 AMD Ryzen 5 5500U/16 GB/512GB SSD/15.6""",0,13,56,16,512,0,15.6,0,689.01,0,3,7,7,1
"Apple Macbook Pro Apple M2/8GB/512GB SSD/GPU Deca Core/13.3"" Gris Espacial",0,2,66,8,512,0,13.3,0,1849.0,1,3,2,7,1
"ASUS VivoBook 16X M1603QA-MB155 AMD Ryzen 5 5600H/8GB/512GB SSD/16""",0,3,113,8,512,0,16.0,0,437.87,0,3,7,7,1
"Lenovo V15 G2 Intel Core i3-1115G4/8GB/256GB SSD/15.6""",0,13,108,8,256,0,15.6,0,443.01,2,3,10,7,1
"Apple MacBook Pro Apple M2 Pro 12 Núcleos/16GB/1TB SSD/14.2"" Gris Espacial",0,2,66,16,1000,0,14.2,0,2729.01,1,3,2,7,1
"Acer Aspire 3 A315-43-R4VC AMD Ryzen 5 5500U/8GB/512GB SSD/15.6""",0,0,19,8,512,0,15.6,0,819.0,0,3,7,7,1
"MSI Creator Z16 HX Studio B13VFTO-046ES Intel Core i7-13700HX/16GB/1TB SSD/RTX 4060/16"" Táctil",0,14,29,16,1000,0,16.0,1,2649.0,2,6,12,27,0
"MSI Stealth 14 Studio A13VE-052XES Intel Core i7-13700H/16GB/1TB SSD/RTX 4050/14""",0,14,92,16,1000,0,14.0,0,1989.01,2,6,12,26,0
"MSI Summit E14 FlipEvo A12MT-056ES Intel Core i7-1280P/16GB/1TB SSD/14"" Táctil",0,14,93,16,1000,0,14.0,1,1749.82,2,3,12,7,1
"Microsoft Surface Laptop 5 Negro Intel Evo Core i5-1235U/8GB/512GB SSD/13.5"" Táctil",0,16,95,8,512,0,13.5,1,1419.0,2,3,11,7,1
"PcCom Revolt 3060 Intel Core i7-12700H/32GB/500GB SSD/RTX 3060/15.6""/Windows 11 Home",0,18,89,32,500,0,15.6,0,1699.0,2,6,12,23,0
"Lenovo V15 G3 ABA AMD Ryzen 7 5825U/16GB/512GB SSD/15.6""",0,13,108,16,512,0,15.6,0,619.99,0,3,8,7,1
"MSI Summit E14 Flip Evo A13MT-227ES Intel Evo Core i7-1360P/16GB/1TB SSD/14"" Táctil",0,14,93,16,1000,0,14.0,1,1689.0,2,3,12,7,1
"HP 255 G9 AMD Ryzen 3 5425U/8GB/256GB SSD/15.6""",0,9,8,8,256,0,15.6,0,386.05,0,3,6,7,1
"Prixton Netbook Pro Intel Celeron N4020/4GB/64GB eMMC/14.1""",0,20,72,4,64,1,14.1,0,299.94,2,3,1,7,1
"HP 15S-EQ2132NS AMD Ryzen 3 5300U/8GB/512GB SSD/15.6""",0,9,4,8,512,0,15.6,0,416.0,0,3,6,7,1
"Lenovo V15 G2 ALC AMD Ryzen 5 5500U/8GB/256GB SSD/15.6"" Negro",0,13,108,8,256,0,15.6,0,529.0,0,3,7,7,1
"Microsoft Surface Laptop Go 2 Intel Core i5-1135G7/8GB/128GB SSD/12.4"" Táctil",0,16,95,8,128,0,12.4,1,769.0,2,3,11,7,1
"ASUS ROG Zephyrus G14 2023 GA402XV-N2041 AMD Ryzen 9 7940HS/32GB/1TB SSD/RTX 4060/14""",0,3,87,32,1000,0,14.0,0,2299.0,0,6,9,27,0
"ASUS ROG Flow X13 2023 GV302XV-MU006W AMD Ryzen 9 7940HS/16GB/1TB SSD/RTX 4060/13.4"" Táctil",0,3,87,16,1000,0,13.4,1,1999.0,0,6,9,27,0
"MSI Raider GE78HX 13VH-066XES Intel Core i7-13700HX/32GB/1TB SSD/RTX 4080/17""",0,14,88,32,1000,0,17.0,0,3699.0,2,6,12,29,0
"Alurin Flex Advance Intel Core i5-1155G7/8GB/500GB SSD/15.6"" + Windows 11 Home",0,1,48,8,500,0,15.6,0,600.0,2,3,11,7,1
"HP 250 G9 Intel Core i5-1235U/16GB/512GB SSD/15.6"" Plata",0,9,7,16,512,0,15.6,0,609.01,2,3,11,7,1
"HP ChromeBook 14b-na0013ns AMD Athlon Silver 3050C/4GB/64GB eMMC/14""",0,9,26,4,64,1,14.0,0,419.0,0,3,0,7,1
"Gigabyte AORUS 15X ASF-B3ES754SH Intel Core i9-13900HX/16GB/1TB SSD/RTX 4070/15.6""",0,8,18,16,1000,0,15.6,0,2179.0,2,6,13,28,0
"Microsoft Surface Pro 9 Grafito Intel Evo Core i7-1255U/16GB/256GB SSD/13"" Táctil",0,16,96,16,256,0,13.0,1,1859.0,2,3,12,7,1
"Apple MacBook Pro Apple M2 Pro 10 Núcleos/32GB/512GB SSD/14.2"" Gris Espacial",0,2,66,32,512,0,14.2,0,2719.0,1,3,2,7,1
"MSI Modern 15 B12M-025XES Intel Core i5-1235U/8GB/512GB SSD/15.6""",0,14,68,8,512,0,15.6,0,799.0,2,3,11,7,1
"MSI Stealth 14 Studio A13VF-049XES Intel Core i7-13700H/16GB/1TB SSD/RTX 4060/14""",0,14,92,16,1000,0,14.0,0,2159.0,2,6,12,27,0
ASUS M515UA-R75BLHDSS1 AMD Ryzen 7 5700U/8GB/512GB SSD/15.6'' (PT),0,3,64,8,512,0,15.6,0,683.81,0,3,8,7,1
"MSI Creator M16 B13UDX-684XES Intel Core i7-13700H/32GB/1TB SSD/RTX 3050/16""",0,14,29,32,1000,0,16.0,0,1699.01,2,6,12,22,0
"ASUS ROG Flow Z13 2023 GZ301VU-MU006W Intel Core i9-13900H/16GB/1TB SSD/RTX 4050/13.4"" Táctil",0,3,87,16,1000,0,13.4,1,2099.0,2,6,13,26,0
"Apple MacBook Pro Apple M2 Pro 10 Núcleos/32GB/1TB SSD/14.2"" Gris Espacial",0,2,66,32,1000,0,14.2,0,2939.01,1,3,2,7,1
"MSI Summit E16 Flip A13VET-084XES Intel Core i7-1360P/32GB/1TB SSD/RTX 4050/16"" Táctil",0,14,93,32,1000,0,16.0,1,2099.0,2,6,12,26,0
"HP Notebook 14S-dq0009ns Intel Celeron N4020/4GB/64GB eMMC/14""",0,9,74,4,64,1,14.0,0,329.0,2,3,1,7,1
"Asus M515UA-EJ374 AMD Ryzen 5 5500U/8GB/512GB SSD/15.6""",0,3,64,8,512,0,15.6,0,402.99,0,3,7,7,1
"Lenovo V15 G2 ITL Intel Core i5-1135G7/8 GB/256 GB SSD/15.6""",0,13,108,8,256,0,15.6,0,461.32,2,3,11,7,1
"Lenovo ThinkPad T480 Intel Core i5-8350U/16GB/256GB SSD/14""",1,13,102,16,256,0,14.0,0,574.0,2,3,11,7,1
"ASUS ROG Strix Scar 16 2023 G634JZ-NM010W Intel Core i9-13980HX/32GB/2TB SSD/RTX 4080/16""",0,3,87,32,2000,0,16.0,0,3499.01,2,6,13,29,0
"Microsoft Surface Laptop 5 Alcántara Intel Evo Core i5-1235U/8GB/512GB SSD/13.5"" Táctil",0,16,95,8,512,0,13.5,1,1419.0,2,3,11,7,1
"Microsoft Surface Pro 9 Zafiro Intel Evo Core i5-1235U/8GB/256GB SSD/13"" Táctil",0,16,96,8,256,0,13.0,1,1299.0,2,3,11,7,1
"LG Gram 17ZD90R-G.AX75B Intel Evo Core i7-1360P/16GB/512GB SSD/17""",0,12,55,16,512,0,17.0,0,1699.0,2,3,12,7,1
"HP 470 G9 Intel Core i7-1255U/16GB/512GB SSD/MX550/17.3""",0,9,10,16,512,0,17.3,0,1300.0,2,4,12,11,2
"ASUS F1500EA-BQ3072 Intel Core i3-1115G4/8GB/512GB SSD/15.6""",0,3,113,8,512,0,15.6,0,372.0,2,3,10,7,1
"Razer Blade 16 Doble Resolución UHD+/FHD+ Intel Core i9-13950HX/32GB/2TB SSD/RTX 4090/16""",0,21,22,32,2000,0,16.0,0,4999.01,2,6,13,30,0
"Asus Rog Strix G15 G513QR-HF118 AMD Ryzen 7 5800H/32GB/1TB SSD/RTX3070/15.6""",0,3,87,32,1000,0,15.6,0,2079.01,0,6,8,24,0
"Dell Vostro 3520 Intel Core i7-1255U/16 GB/512GB SSD/15.6"" (PT)",0,5,115,16,512,0,15.6,0,997.79,2,3,12,7,1
"LG Gram 14ZB90Q Intel Core i5-1240P/16GB/512GB SSD/14""",0,12,55,16,512,0,14.0,0,1149.0,2,3,11,7,1
"Primux Ioxbook 15CA Intel Celeron N4000/8GB/256GB SSD/15.6""",0,19,57,8,256,0,15.6,0,229.0,2,3,1,7,1
"HP 15S-FQ2173NS Intel Core i3-1115G4/8GB/256GB SSD/15.6""",0,9,4,8,256,0,15.6,0,552.33,2,3,10,7,1
"Apple MacBook Pro Apple M2 Pro 12 Núcleos/16GB/512GB SSD/16.2"" Gris Espacial",0,2,66,16,512,0,16.2,0,2729.01,1,3,2,7,1
"Microsoft Surface Pro 9 Grafito Intel Evo Core i5-1235U/8GB/256GB SSD/13"" Táctil",0,16,96,8,256,0,13.0,1,1299.0,2,3,11,7,1
"Alurin Go Intel Pentium N4200/8GB/256GB SSD/nOS/14.1""",0,1,54,8,256,0,14.1,0,329.91,2,3,5,7,1
"HP Spectre x360 14-ef0003ns Intel Evo Core i7-1255U/16GB/1TB SSD/13.5"" Táctil",0,9,91,16,1000,0,13.5,1,1699.01,2,3,12,7,1
"LG Gram 15Z90R-G.AD78B Intel Evo Core i7-1360P/32GB/1TB SSD/15""",0,12,55,32,1000,0,15.0,0,1929.01,2,3,12,7,1
"Samsung Galaxy Book3 Pro Intel Evo Core i7-1360P/16GB/512GB SSD/16""",0,23,53,16,512,0,16.0,0,1949.99,2,3,12,7,1
"Lenovo ThinkPad L15 Gen 3 Intel Core i5-1235U/8GB/256GB SSD/15.6""",0,13,102,8,256,0,15.6,0,1174.99,2,3,11,7,1
"Lenovo IdeaPad Gaming 3 15ACH6-302 AMD Ryzen 5 5600H/8GB/256 SSD/GTX1650/15.6"" (PT)",0,13,56,8,256,0,15.6,0,834.11,0,2,7,5,2
"Alurin Flex Intel Core i3-10110U/8GB/128GB SSD/nOS/14""",0,1,47,8,128,0,14.0,0,399.0,2,3,10,7,1
"Medion Akoya E15301 MD62123 AMD Ryzen 3 3200U/8GB/256 GB SSD/15.6""",0,15,15,8,256,0,15.6,0,529.0,0,3,6,7,1
"Microsoft Surface Laptop 4 Platino AMD Ryzen 7 4980U/8GB/256 GB SSD/15"" Táctil",0,16,95,8,256,0,15.0,1,1449.0,0,3,8,7,1
"Razer Blade 16 QHD+ Intel Core i9-13950HX/16GB/1TB SSD/RTX 4060/16""",0,21,22,16,1000,0,16.0,0,3099.0,2,6,13,27,0
"Razer Blade 16 QHD+ Intel Core i9-13950HX/16GB/1TB SSD/RTX 4070/16""",0,21,22,16,1000,0,16.0,0,3499.01,2,6,13,28,0
"Alurin AMD R5 5500U 15.6"" 8 256 con SO",0,1,17,8,256,0,15.6,0,499.0,0,3,3,7,1
"Alurin Flex Advance AMD Ryzen 5 5500U/8GB/500GB SSD/15.6"" + Windows 11 Home",0,1,48,8,500,0,15.6,0,559.0,0,3,7,7,1
"Razer Blade 16 Dual UHD+FHD+ Intel Core i9-13950HX/32GB/1TB SSD/RTX 4070/16""",0,21,22,32,1000,0,16.0,0,3799.99,2,6,13,28,0
"ASUS ZenBook 14 OLED UX3402VA-KM005W Intel Evo Core i7-1360P/16GB/512GB SSD/14""",0,3,120,16,512,0,14.0,0,1259.01,2,3,12,7,1
"Alurin Flex Advance Intel Core i5-1155G7/8GB/256GB SSD/15.6""",0,1,48,8,256,0,15.6,0,440.0,2,3,11,7,1
"Apple Macbook Air 2023 Apple M2/8GB/256GB SSD/GPU Deca Core/15.3"" Plata",0,2,65,8,256,0,15.3,0,1599.0,1,3,2,7,1
"HP 250 G9 Intel Core i3-1215U/8GB/512GB SSD/15.6""",0,9,7,8,512,0,15.6,0,398.1,2,3,10,7,1
"ASUS ROG Strix G17 G713PV-HX058 AMD Ryzen 9 7845HX/32GB/1TB SSD/RTX 4060/17.3""",1,3,87,32,1000,0,17.3,0,2099.0,0,6,9,27,0
"HP 15s-fq4106ns Intel Core i5-1155G7/8GB/256GB SSD/15.6""",0,9,4,8,256,0,15.6,0,454.33,2,3,11,7,1
"HP 15S-FQ4059NS Intel Core i5-1155G7/8GB/512GB SSD/15.6""",0,9,4,8,512,0,15.6,0,494.81,2,3,11,7,1
"Alurin Flex Advance AMD Ryzen 5 5500U/8GB/256GB SSD/15.6""",0,1,48,8,256,0,15.6,0,399.0,0,3,7,7,1
"ASUS TUF Gaming F15 Fx506lhb-hn359 Intel Core i5-10300H/16GB/512GB SSD/GTX 1650/15.6""",0,3,98,16,512,0,15.6,0,719.01,2,2,11,5,2
"Alurin Intel Core I7 12th 15.6"" 16 500 con SO",0,1,17,8,500,0,15.6,0,869.0,2,3,12,7,1
"HP 250 G9 Intel Core i7-1255U/16 GB/512GB SSD/15.6"" Plata",0,9,7,16,512,0,15.6,0,824.0,2,3,12,7,1
"Apple MacBook Pro Apple M2 Pro 12 Núcleos/32GB/1TB SSD/16.2"" Gris Espacial",0,2,66,32,1000,0,16.2,0,3499.01,1,3,2,7,1
"Lenovo V15 G2 Intel Core i3-1115G4/8GB/256GB SSD/15.6"" Negro",0,13,108,8,256,0,15.6,0,495.99,2,3,10,7,1
"MSI Raider GE78HX 13VG-040ES Intel Core i7-13700HX/32GB/1TB SSD/RTX 4070/17""",0,14,88,32,1000,0,17.0,0,2999.0,2,6,12,28,0
"Lenovo ThinkBook 15p Intel Core i7-10750H/16GB/1TB SSD/GTX 1650Ti/15.6""",0,13,101,16,1000,0,15.6,0,1219.0,2,2,12,5,2
"Lenovo ThinkPad E15 Gen 4 Intel Core i7-1255U/16GB/512GB SSD/15.6""",0,13,102,16,512,0,15.6,0,1395.0,2,3,12,7,1
"ASUS ExpertBook B1 B1502CBA-EJ0425 Intel Core i5-1235U/16GB/512GB SSD/15.6""",0,3,42,16,512,0,15.6,0,695.0,2,3,11,7,1
"MSI Creator Z16 HX Studio B13VFTO-027ES Intel Core i9-13950HX/64GB/2TB SSD/RTX 4060/16"" Táctil",0,14,29,64,2000,0,16.0,1,3061.31,2,6,13,27,0
"HP 250 G9 Intel Core i3-1215U/8 GB/512GB SSD/15.6""",0,9,7,8,512,0,15.6,0,453.0,2,3,10,7,1
"Acer Chromebook 317 Intel Celeron N4500/8GB/128GB eMMC/17.3""",0,0,26,8,128,1,17.3,0,499.0,2,3,1,7,1
"Dynabook Toshiba Satellite Pro C50-G-10F Intel Core i7-10510U/8 GB/256GB SSD/15.6""",0,7,90,8,256,0,15.6,0,699.0,2,3,12,7,1
"HP 15S-FQ2160NS Intel Core i3-1115G4/8GB/256GB SSD/15.6""",0,9,4,8,256,0,15.6,0,393.59,2,3,10,7,1
Dell XPS 13 9315 Intel Core i5-1230U/16GB/512GB SSD/13.4'' (PT),0,5,117,16,512,0,13.4,0,2063.26,2,3,11,7,1
"HP OMEN 17-ck2001ns Intel Core i7-13700HX/32GB/1TB SSD/RTX 4080/17.3""",0,9,76,32,1000,0,17.3,0,2999.01,2,6,12,29,0
"Lenovo Legion Pro 7 16IRX8 Intel Core i9-13900HX/32GB/1TB SSD/RTX 4070/16""",0,13,61,32,1000,0,16.0,0,2689.01,2,6,13,28,0
"Acer ConceptD 3 CN316-73G-74FZ Intel Core i7-11800H/16GB/512GB SSD/GTX 1650/16""",0,0,28,16,512,0,16.0,0,1799.0,2,2,12,5,2
"Lenovo V15 G3 IAP Intel Core i5-1235U/8GB/512GB SSD/15.6""",0,13,108,8,512,0,15.6,0,579.9,2,3,11,7,1
"Acer Predator Helios 300 PH317-55 Intel Core i7-11800H/16GB/1TB SSD/RTX3060/17.3""",0,0,82,16,1000,0,17.3,0,1799.0,2,6,12,23,0
"ASUS F515EA-BQ1625W Intel Core i3-1115G4/8GB/256GB/15.6""",0,3,46,8,256,0,15.6,0,408.0,2,3,10,7,1
"Acer Chromebook 516 GE CBG516-1H-72EW Intel Core i7-1260P/16GB/256GB SSD/16""",0,0,26,16,256,0,16.0,0,1139.01,2,3,12,7,1
"Acer Nitro 5 AN515-45-R5ZJ AMD Ryzen 9 5900HX/16GB/1TB SSD/RTX 3080/15.6""",0,0,73,16,1000,0,15.6,0,2399.01,0,6,9,25,0
"Dell Latitude 9510 Intel Core i5-10210U/8GB/256GB SSD/15""",0,5,60,8,256,0,15.0,0,1599.0,2,3,11,7,1
Lenovo IdeaPad IP 5 Chrome 16IAU7 Intel Core i5-1235U/8GB/512GB SSD/16'' (PT),0,13,56,8,512,0,16.0,0,1274.37,2,3,11,7,1
"Lenovo Legion 5 15ACH6-276 Ryzen 7 5800H/16GB/1TB SSD/RTX3060/15.6"" (PT)",0,13,61,16,1000,0,15.6,0,1553.68,0,6,8,23,0
"MSI Creator Pro M16 B13VI-1023ES Intel Core i7-13700H/16GB/1TB SSD/RTX A1000/16""",0,14,29,16,1000,0,16.0,0,1980.2,2,6,12,13,0
"MSI Creator Pro M16 B13VI-1024XES Intel Core i7-13700H/16GB/1TB SSD/RTX A1000/16""",0,14,29,16,1000,0,16.0,0,1772.43,2,6,12,13,0
"MSI Creator Pro M16 B13VK-1021ES Intel Core i7-13700H/32GB/1TB SSD/RTX 3000/16""",0,14,29,32,1000,0,16.0,0,2707.44,2,6,12,21,0
"MSI Katana 17 B13VFK-087ES Intel Core i7-13620H/16GB/1TB SSD/RTX 4060/17.3""",0,14,58,16,1000,0,17.3,0,1999.0,2,6,12,27,0
"ASUS ExpertBook B3 Flip B3402FEA-EC0765X Intel Core i5-1135G7/8GB/256GB SSD/14"" Táctil",0,3,42,8,256,0,14.0,1,839.0,2,3,11,7,1
"ASUS P1412CEA-EK1154X Intel Core i5-1135G7/16GB/512GB SSD/14""",0,3,42,16,512,0,14.0,0,650.13,2,3,11,7,1
"Microsoft Surface Pro 9 Grafito Intel Evo Core i7-1255U/16GB/512GB SSD/13"" Táctil",0,16,96,16,512,0,13.0,1,2189.0,2,3,12,7,1
"Microsoft Surface Laptop Studio Intel Core i5-11300H/16GB/256GB SSD/14.4"" Táctil Platino",0,16,95,16,256,0,14.4,1,1699.01,2,3,11,7,1
"ASUS ExpertBook B1 B1502CBA-EJ0439 Intel Core i7-1255U/16GB/512GB SSD/15.6""",0,3,42,16,512,0,15.6,0,800.0,2,3,12,7,1
"HP EliteBook 850 G4 i5-7300U/8GB/256GB SSD/15.6""",1,9,38,8,256,0,15.6,0,675.0,2,3,11,7,1
"MSI Creator M16 A12UC-090XES Intel Core i7-12700H/16GB/1TB SSD/RTX 3050/16""",0,14,29,16,1000,0,16.0,0,1499.0,2,6,12,22,0
"HP 15S-EQ2051NS AMD Ryzen 3 5300U/8GB/256GB SSD/15.6""",0,9,4,8,256,0,15.6,0,431.99,0,3,6,7,1
"HP ProBook 455 G10 AMD Ryzen 7 7730U/16GB/512GB SSD/15.6""",0,9,85,16,512,0,15.6,0,899.99,0,3,8,7,1
"ASUS E510MA-EJ1188W Intel Celeron N4020/8GB/256GB SSD/15.6""",0,3,35,8,256,0,15.6,0,329.99,2,3,1,7,1
"Alurin Go Intel Pentium N4200/8GB/256GB SSD/14.1""",0,1,54,8,256,0,14.1,0,399.0,2,3,5,7,1
"HP ProBook 450 G9 Intel Core i7-1255U/16GB/1TB SSD/15.6""",0,9,85,16,1000,0,15.6,0,1312.0,2,3,12,7,1
HP Victus 16-d1012np Intel Core i7-12700H/8GB/512GB SSD/RTX 3050Ti/16.1'' (PT),0,9,112,8,512,0,16.1,0,1329.51,2,6,12,22,0
"Lenovo IdeaPad 3 15ITL6 Intel Core i5-1135G7/8 GB/512GBSSD/15.6""",0,13,56,8,512,0,15.6,0,599.0,2,3,11,7,1
Acer Extensa 15 EX215-54 Intel Core i5-1135G7/8GB/256GB SSD,0,0,43,8,256,0,15.6,0,524.99,2,3,11,7,1
"MSI Modern 14 C12M-052ES Intel Core i7-1255U/16GB/1TB SSD/14""",0,14,68,16,1000,0,14.0,0,1149.0,2,3,12,7,1
"Microsoft Surface Pro 6 Intel Core i5-8250U/8GB/256GB SSD/12.3"" Táctil",1,16,96,8,256,0,12.3,1,1349.0,2,3,11,7,1
"MSI Creator Z16 HX Studio B13VGTO-032ES Intel Core i9-13950HX/64GB/1TB SSD/RTX 4070/16"" Táctil",0,14,29,64,1000,0,16.0,1,3289.01,2,6,13,28,0
"MSI Creator Z17 HX Studio A13VGT-041ES Intel Core i9-13950HX/64GB/2TB SSD/RTX 4070/17"" Táctil",1,14,29,64,2000,0,17.0,1,3394.99,2,6,13,28,0
"HP 250 G9 Intel Core i7-1255U/16GB/512GB SSD/15.6"" Gris",0,9,7,16,512,0,15.6,0,786.14,2,3,12,7,1
ASUS Vivobook Pro 15 M6500QE AMD Ryzen 7-5800H/16GB/1TB SSD/RTX 3050Ti/15.6'' (PT),0,3,113,16,1000,0,15.6,0,1501.55,0,6,8,22,0
"Apple MacBook Pro Apple M2 Pro 12 Núcleos/16GB/1TB SSD/16.2"" Gris Espacial",0,2,66,16,1000,0,16.2,0,2999.01,1,3,2,7,1
"ASUS TUF GAMING A15 FA507NU-R77B46CS1 AMD Ryzen 7 7735HS/16GB/512GB SSD/RTX4060/15.6"" (PT)",0,3,98,16,512,0,15.6,0,1499.96,0,6,8,27,0
"Dell Latitude E5440 Intel Core i5-4310U/8GB/128GB SSD/14""",1,5,60,8,128,0,14.0,0,379.0,2,3,11,7,1
"Lenovo ThinkPad T470 Intel Core i5-7300U/16GB/256GB SSD/14""",1,13,102,16,256,0,14.0,0,575.0,2,3,11,7,1
"Samsung Galaxy Book3 Pro Intel Evo Core i7-1360P/16GB/512GB SSD/14""",0,23,53,16,512,0,14.0,0,1889.0,2,3,12,7,1
"Lenovo Yoga Slim 7 Pro 14ARH7 AMD Ryzen 5 6600HS/8GB/512GB SSD/14""",0,13,118,8,512,0,14.0,0,979.0,0,3,7,7,1
"LG Gram 17Z90R-E.AD75B Intel Evo Core i7-1360P/32GB/512GB SSD/RTX 3050/17""",0,12,55,32,512,0,17.0,0,2399.0,2,6,12,22,0
"HP EliteBook 840 G3 Intel Core i5-6200U/8GB/256GB SSD/14""",1,9,38,8,256,0,14.0,0,210.14,2,3,11,7,1
"ASUS ROG Strix G16 G614JI-N4007 Intel Core i9-13980HX/32GB/1TB SSD/RTX 4070/16""",0,3,87,32,1000,0,16.0,0,2459.01,2,6,13,28,0
"Lenovo V15 G2 ITL Intel Core i5-1135G7/8GB/512GB SSD/15.6"" Negro",0,13,108,8,512,0,15.6,0,509.0,2,3,11,7,1
"Dynabook Toshiba Satellite Pro C50-J-12X Intel Core i3-1115G4/8GB/256GB SSD/15.6""",0,7,90,8,256,0,15.6,0,679.0,2,3,10,7,1
"ASUS ROG Strix G17 G713PI-HX004 AMD Ryzen 9 7945HX/32GB/1TB SSD/RTX 4070/17.3""",1,3,87,32,1000,0,17.3,0,2499.0,0,6,9,28,0
"Gigabyte AORUS 15 9KF-E3ES383SD Intel Core i5-12500H/8GB/512GB SSD/RTX 4060/15.6""",0,8,18,8,512,0,15.6,0,1086.85,2,6,11,27,0
"Medion Erazer Beast X40 Intel Core i9-13900HX/32GB/2TB SSD/RTX 4090/17""",0,15,21,32,2000,0,17.0,0,3799.0,2,6,13,30,0
"MSI Prestige 16 A12UD-218ES Intel Core i7-1280P/32GB/1TB SSD/RTX 3050Ti/16""",0,14,83,32,1000,0,16.0,0,1929.01,2,6,12,22,0
Lenovo Legion 5 15ACH6-990 AMD Ryzen 7 5800H/16GB/512GB SSD/RTX3070/15.6'' (PT),1,13,61,16,512,0,15.6,0,1180.29,0,6,8,24,0
"Alurin Flex Advance Intel Core i5-1155G7/8GB/256GB SSD/14"" + Windows 11 Home",0,1,48,8,256,0,14.0,0,540.0,2,3,11,7,1
"HP OMEN 17-ck0013ns Intel Core i7-11800H/32GB/1TB SSD/RTX 3060/17.3""",0,9,76,32,1000,0,17.3,0,1699.01,2,6,12,23,0
"Alurin Flex Intel Core i3-10110U/8GB/256GB SSD/nOS/14""",0,1,47,8,256,0,14.0,0,429.9,2,3,10,7,1
"Acer Aspire 3 A315-56-35X1 Intel Core i3-1005G1/8GB/256GB SSD/15.6""",0,0,19,8,256,0,15.6,0,385.2,2,3,10,7,1
"Acer TravelMate P2 TMP215-53-58LP Intel Core i5-1135G7/8GB/256GB SSD/15.6""",0,0,104,8,256,0,15.6,0,725.0,2,3,11,7,1
"Acer Extensa 15 EX215-54-50GK Intel Core i5-1135G7/8GB/512GB SSD/15.6""",0,0,43,8,512,0,15.6,0,589.0,2,3,11,7,1
"ASUS ExpertBook B1 B1502CBA-EJ0439W Intel Core i7-1255U/16GB/512GB SSD/15.6""",0,3,42,16,512,0,15.6,0,884.99,2,3,12,7,1
"HP Chromebook x360 11 G3 Education Edition Intel Celeron N4020/4GB/32GB/11.6"" Táctil",0,9,26,4,32,0,11.6,1,282.57,2,3,1,7,1
"LG Gram 14Z90R-G.AD78B Intel Evo Core i7-1360P/32GB/1TB SSD/14""",0,12,55,32,1000,0,14.0,0,1999.0,2,3,12,7,1
"Acer Extensa 15 EX215-54-323B Intel Core i3-1115G4/8GB/256GB SSD/15.6""",0,0,43,8,256,0,15.6,0,430.99,2,3,10,7,1
"LG Gram 16Z90R-E.AD75B Intel Evo Core i7-1360P/32GB/512GB SSD/RTX 3050/16""",0,12,55,32,512,0,16.0,0,2349.0,2,6,12,22,0
"Microsoft Surface Laptop 5 Platino Intel Evo Core i7-1255U/8GB/256GB SSD/15"" Táctil",0,16,95,8,256,0,15.0,1,1529.0,2,3,12,7,1
"HP EliteBook 840 G5 Intel Core i7-8550U/16GB/512GB SSD/14""",1,9,38,16,512,0,14.0,0,588.0,2,3,12,7,1
"Dynabook Toshiba Portégé X30L-K-108 Intel Core i7-1260P/16GB/512GB SSD/13.3""",0,7,80,16,512,0,13.3,0,1805.01,2,3,12,7,1
"Lenovo ThinkPad T440 Intel Core i5-4300U/8GB/256GB SSD/14""",1,13,102,8,256,0,14.0,0,399.0,2,3,11,7,1
"Dynabook Toshiba Tecra A50-J-1F8 Intel Core i5-1135G7/8GB/256GB SSD/15.6""",0,7,99,8,256,0,15.6,0,899.01,2,3,11,7,1
"ASUS Zenbook 14 OLED UM3402YA-KM063W AMD Ryzen 5 5625U/16GB/512GB SSD/14""",0,3,120,16,512,0,14.0,0,856.0,0,3,7,7,1
"Alurin Flex Intel Core i3-10110U/8GB/512GB SSD/14""",0,1,47,8,512,0,14.0,0,529.0,2,3,10,7,1
"Apple MacBook Pro Apple M2 Pro 12 Núcleos/16GB/1TB SSD/14.2"" Plata",0,2,66,16,1000,0,14.2,0,2749.0,1,3,2,7,1
"HP EliteBook 850 G5 i5-8250U/8GB/256GB SSD/15.6""",1,9,38,8,256,0,15.6,0,899.01,2,3,11,7,1
"Apple MacBook Pro Apple M2 Pro 12 Núcleos/16GB/512GB SSD/16.2"" Plata",0,2,66,16,512,0,16.2,0,2789.0,1,3,2,7,1
"Thomson Neo White Intel Celeron N4020/4GB/64GB eMMC/14.1""",0,24,71,4,64,1,14.1,0,201.05,2,3,1,7,1
"ASUS VivoBook F515EA-BQ3063 Intel Core i5-1135G7/8GB/512GB SSD/15.6""",0,3,113,8,512,0,15.6,0,505.01,2,3,11,7,1
"Alurin Flex Advance AMD Ryzen 5 5500U/16GB/500GB SSD/15.6""",0,1,48,16,500,0,15.6,0,499.0,0,3,7,7,1
"ASUS VivoBook 15 F1500EA-EJ3100 Intel Core i3-1115G4/8GB/256GB SSD/15.6""",0,3,113,8,256,0,15.6,0,355.0,2,3,10,7,1
"ASUS Zenbook 14 OLED UM3402YA-KM094W AMD Ryzen 7 5825U/16GB/512GB SSD/14""",0,3,120,16,512,0,14.0,0,1199.0,0,3,8,7,1
"Acer ConceptD 3 Pro CN316-73P-79PD Intel Core i7-11800H/16GB/1TB SSD/T1200/16""",0,0,28,16,1000,0,16.0,0,1899.0,2,9,12,40,3
"Lenovo V15 G2 ITL Intel Core i7-1165G7/16GB/512GB SSD/15.6""",0,13,108,16,512,0,15.6,0,969.0,2,3,12,7,1
"Lenovo ThinkPad T15p Gen 2 Intel Core i7-11800H/16GB/512GB SSD/GTX 1650/15.6""",0,13,102,16,512,0,15.6,0,2039.0,2,2,12,5,2
"ASUS ExpertBook P1512CEA-EJ0084X Intel Core i7-1165G7/16GB/512GB SSD/15.6""",0,3,42,16,512,0,15.6,0,860.0,2,3,12,7,1
"Lenovo ThinkPad L14 Gen 2 Intel Core i5-1145G7/16 GB/256GB SSD/14""",0,13,102,16,256,0,14.0,0,869.0,2,3,11,7,1
"Acer Predator Helios 300 PH317-55-77GT Intel Core i7-11800H/32GB/1TB SSD/RTX3070/17.3""",1,0,82,32,1000,0,17.3,0,1417.19,2,6,12,24,0
"MSI Modern 14 C5M-023XES AMD Ryzen 5 5625U/8GB/512GB SSD/14""",1,14,68,8,512,0,14.0,0,659.44,0,3,7,7,1
"HP 15S-EQ1134NS AMD 3020e/8GB/256GB SSD/15.6""",0,9,4,8,256,0,15.6,0,301.01,0,3,3,7,1
"HP Pavilion Aero 13-be1006ns AMD Ryzen 7 5825U/16GB/512GB SSD/13.3""",1,9,79,16,512,0,13.3,0,663.69,0,3,8,7,1
"Dynabook Toshiba Tecra A50-K-14S Intel Core i7-1260P/16GB/512GB SSD/15.6""",0,7,99,16,512,0,15.6,0,1637.0,2,3,12,7,1
"Apple MacBook Pro Apple M2 Max/32GB/1TB SSD/14.2"" Plata",0,2,66,32,1000,0,14.2,0,3399.0,1,3,2,7,1
"ASUS ExpertBook B1 B1402CBA-EB0862 Intel Core i7-1255U/16GB/512GB SSD/14""",0,3,42,16,512,0,14.0,0,800.0,2,3,12,7,1
"Apple Macbook Pro Intel Core i7/16GB/512GB SSD/Radeon Pro 5300M/16"" Gris Espacial",1,2,66,16,512,0,16.0,0,1093.69,2,8,12,37,3
"Lenovo V15 IGL Intel Celeron N4020/4GB/128GB SSD/15.6""",0,13,108,4,128,0,15.6,0,279.0,2,3,1,7,1
ASUS TUF Dash F15 FX517ZE Intel Core i7-12650H/16GB/512GB SSD/RTX 3050Ti/15.6'' (PT),0,3,98,16,512,0,15.6,0,1481.63,2,6,12,22,0
"Dell Latitude 3520 Intel Core i5-1135G7/8 GB/256GB SSD/15.6""",0,5,60,8,256,0,15.6,0,879.0,2,3,11,7,1
"LG Ultra 16U70Q AMD Ryzen 5 5625U/8GB/512GB SSD/16""",0,12,106,8,512,0,16.0,0,969.0,0,3,7,7,1
"Lenovo Yoga Slim 7 Pro 14IAP7 Intel Evo Core i5-1240P/8GB/512GB SSD/14""",0,13,118,8,512,0,14.0,0,979.0,2,3,11,7,1
"MSI Katana GF66 11UC-045XES Intel Core i7-11800H/16 GB/1TB SSD/RTX3050/15.6""",0,14,58,16,1000,0,15.6,0,1199.0,2,6,12,22,0
"Medion Erazer Beast X40 Intel Core i9-13900HX/32GB/1TB SSD/RTX 4080/17""",0,15,21,32,1000,0,17.0,0,3199.01,2,6,13,29,0
"Medion Erazer Major X10 Intel Core i7-12700H/16GB/1TB SSD/Intel Arc A730M/16""",0,15,41,16,1000,0,16.0,0,1699.0,2,1,12,2,3
"Razer Blade 17 FullHD 360Hz Intel Core i7-12800H/16GB/1TB SSD/RTX 3070Ti/17.3""",0,21,22,16,1000,0,17.3,0,3500.0,2,6,12,24,0
"ASUS ROG Zephyrus G14 2023 GA402XY-NC019W AMD Ryzen 9 7940HS/32GB/1TB SSD/RTX 4090/14""",0,3,87,32,1000,0,14.0,0,4599.0,0,6,9,30,0
"Apple Macbook Air 2023 Apple M2/8GB/512GB SSD/GPU Deca Core/15.3"" Blanco Estrella",0,2,65,8,512,0,15.3,0,1829.0,1,3,2,7,1
"Apple Macbook Air 2023 Apple M2/8GB/512GB SSD/GPU Deca Core/15.3"" Plata",0,2,65,8,512,0,15.3,0,1829.0,1,3,2,7,1
"Microsoft Surface Laptop Studio Intel Core i5-11300H/16GB/512GB SSD/14.4"" Táctil Platino",0,16,95,16,512,0,14.4,1,1899.0,2,3,11,7,1
"Razer Blade 15 Advanced Model QHD Intel Core i7-12800H/32 GB/1TB SSD/RTX 3080Ti/15.6""",0,21,22,32,1000,0,15.6,0,4099.0,2,6,12,25,0
"Razer Blade 17 4K 144Hz Intel Core i9-12900H/32GB/1TB SSD/RTX 3070Ti/17.3""",0,21,22,32,1000,0,17.3,0,4499.99,2,6,13,24,0
"Razer Blade 17 QHD 240Hz Intel Core i9-12900H/16GB/1TB SSD/RTX 3070Ti/17.3""",0,21,22,16,1000,0,17.3,0,3899.99,2,6,13,24,0
"Samsung Galaxy Book3 Ultra Intel Evo Core i7-13700H/16GB/1TB SSD/RTX 4050/16""",0,23,53,16,1000,0,16.0,0,2999.01,2,6,12,26,0
"Dell Latitude E7470  Intel Core i5-6200U/16GB/256GB SSD/14""",1,5,60,16,256,0,14.0,0,499.0,2,3,11,7,1
"Razer Blade 14 165Hz AMD Ryzen 9 6900HX/16GB/1TB SSD/RTX 3070Ti/14""",1,21,22,16,1000,0,14.0,0,2899.99,0,6,9,24,0
"Lenovo IdeaPad Flex 5 13ITL6 Chromebook 13ITL6 Intel Core i3-1115G4/8GB/256GB SSD/13.3"" Táctil",0,13,56,8,256,0,13.3,1,699.0,2,3,10,7,1
"ASUS VivoBook 15 F1502ZA-EJ1112W Intel Core i7-1255U/16GB/512GB SSD/15.6""",0,3,113,16,512,0,15.6,0,755.0,2,3,12,7,1
"ASUS ExpertBook B1 B1500CEAE-EJ3404W Intel Core i5-1135G7/8GB/1TB SSD/15.6""",0,3,42,8,1000,0,15.6,0,789.0,2,3,11,7,1
"Lenovo 300e Intel Celeron N4120/4GB/128GB SSD/11.6"" Táctil",0,13,26,4,128,0,11.6,1,451.0,2,3,1,7,1
"HP 250 G9 Intel Core i5-1235U/8GB/512GB SSD/15.6""",0,9,7,8,512,0,15.6,0,569.99,2,3,11,7,1
"ASUS VivoBook 14 F1402ZA-EK645 Intel Core i7-1255U/16GB/512GB SSD/14""",0,3,113,16,512,0,14.0,0,789.0,2,3,12,7,1
"ASUS TUF Gaming F15 TUF507ZC4-HN040 Intel Core i7-12700H/16GB/512GB SSD/RTX 3050/15.6""",0,3,98,16,512,0,15.6,0,909.99,2,6,12,22,0
"Denver Electronics NBD-14105SSDES Intel Celeron N4020/4GB/64GB+256GB SSD/14""",0,6,37,4,256,0,14.0,0,329.95,2,3,1,7,1
"HP 15S-FQ5044NS Intel Core i7-1255U/8GB/512GB SSD/15.6""",0,9,4,8,512,0,15.6,0,730.01,2,3,12,7,1
"Microsoft Surface Pro 9 Platino Intel Evo Core i7-1255U/16GB/1TB SSD/13"" Táctil",0,16,96,16,1000,0,13.0,1,2529.0,2,3,12,7,1
"ASUS ROG FLOW Z13  GZ301VU-93D45PB1 Intel Core i9-13900H/16GB/1TB SSD/RTX4050/13.4"" Tátil (PT)",0,3,87,16,1000,0,13.4,1,2420.65,2,3,13,7,1
"Samsung Galaxy Book3 Ultra Intel Evo Core i9-13900H/32GB/1TB SSD/RTX 4070/16""",0,23,53,32,1000,0,16.0,0,3699.01,2,6,13,28,0
"Lenovo ThinkPad L13 Gen 3 Intel Core i7-1255U/16GB/512GB SSD/13.3""",0,13,102,16,512,0,13.3,0,1333.57,2,3,12,7,1
"HP 15S-FQ4073NS Intel Core i5-1155G7/8GB/1TB SSD/15.6""",0,9,4,8,1000,0,15.6,0,749.0,2,3,11,7,1
"Dynabook Toshiba Satellite Pro C50-G-10E Intel Core i5-10210U/8GB/512GB SSD/15.6""",0,7,90,8,512,0,15.6,0,739.0,2,3,11,7,1
"HP ProBook 450 G9 Intel Core i5-1235U/16GB/512GB SSD/15.6""",0,9,85,16,512,0,15.6,0,1041.0,2,3,11,7,1
"Lenovo ThinkPad T490s Intel Core i5-8265U/8GB/256GB SSD/14""",1,13,102,8,256,0,14.0,0,799.0,2,3,11,7,1
"LG Gram 15Z90R-G.AA75B Intel Evo Core i7-1360P/16GB/512GB SSD/15""",0,12,55,16,512,0,15.0,0,1699.0,2,3,12,7,1
"ASUS VivoBook 15 F1500EA-EJ3107 Intel Core i5-1135G7/8GB/256GB SSD/15.6""",0,3,113,8,256,0,15.6,0,454.23,2,3,11,7,1
"Microsoft Surface Pro 7+ Intel Core i5-1135G7/8GB/256GB SSD/12.3"" Táctil Platino",0,16,96,8,256,0,12.3,1,1143.16,2,3,11,7,1
"Apple MacBook Pro Apple M2 Pro 12 Núcleos/32GB/1TB SSD/14.2"" Gris Espacial",0,2,66,32,1000,0,14.2,0,3279.0,1,3,2,7,1
"ASUS VivoBook 15 F1500EA-EJ3167W Intel Core i5-1135G7/8GB/512GB SSD/15.6""",0,3,113,8,512,0,15.6,0,502.0,2,3,11,7,1
"HP 15S-FQ2161NS Intel Core i3-1115G4/8GB/256GB SSD/15.6""",0,9,4,8,256,0,15.6,0,416.87,2,3,10,7,1
"HP Chromebook 11 G9 Intel Celeron N4500/4GB/32GB/11.6""",0,9,26,4,32,0,11.6,0,230.14,2,3,1,7,1
"Acer Extensa 15 EX215-22 AMD Ryzen 5 3500U/8GB/512GB SSD/15.6""",0,0,43,8,512,0,15.6,0,379.01,0,3,7,7,1
"Microsoft Surface Laptop Studio Intel Core i7-11370H/16GB/512GB SSD/RTX 3050Ti/14.4"" Táctil Platino",0,16,95,16,512,0,14.4,1,2199.01,2,6,12,22,0
"Alurin Flex Advance Intel Core i5-1155G7/8GB/256GB/15.6"" + Windows 11 Home",0,1,48,8,256,0,15.6,0,549.0,2,3,11,7,1
"Medion Erazer Beast X30 Intel Core i7-12700H/32GB/1TB SSD/RTX 3070 Ti/17.3""",0,15,21,32,1000,0,17.3,0,2599.0,2,6,12,24,0
"Acer Aspire Vero Green Intel Core i7-1195G7/8GB/512GB SSD/15.6""+ Ratón Inalámbrico 1200 DPI Gris + Funda Protectora",0,0,19,8,512,0,15.6,0,1249.01,2,3,12,7,1
"MSI Modern 14 C12M-078XES Intel Core i5-1235U/8GB/512GB SSD/14""",0,14,68,8,512,0,14.0,0,799.0,2,3,11,7,1
"Thomson Neo Intel Core i5-8259U/8GB/512GB SSD/15.6""",0,24,71,8,512,0,15.6,0,399.0,2,3,11,7,1
"Alurin Flex Advance Intel Core i5-1155G7/16GB/500GB SSD/15.6""",0,1,48,16,500,0,15.6,0,539.01,2,3,11,7,1
"Lenovo ThinkBook 15 G2 ITL Intel Core i7-1165G7/16GB/512GB SSD/15.6"" Gris",0,13,101,16,512,0,15.6,0,1199.0,2,3,12,7,1
"ASUS F515EA-EJ3048W Intel Core i5-1135G7/8GB/512GB SSD/15.6""",0,3,46,8,512,0,15.6,0,609.01,2,3,11,7,1
"ASUS VivoBook F1500EA-EJ2535W Intel Core i3-1115G4/8GB/512GB SSD/15.6""",0,3,113,8,512,0,15.6,0,449.9,2,3,10,7,1
"Acer Aspire 3 A315-56-566L Intel Core i5-1035G1/8GB/256GB SSD/15.6""",0,0,19,8,256,0,15.6,0,529.0,2,3,11,7,1
"HP 255 G9 AMD Ryzen 3 5425U/8GB/512GB SSD/15.6""",0,9,8,8,512,0,15.6,0,495.33,0,3,6,7,1
"Apple MacBook Pro Apple M2 Pro 12 Núcleos/32GB/512GB SSD/16.2"" Gris Espacial",0,2,66,32,512,0,16.2,0,3279.0,1,3,2,7,1
"HP 250 G9 Intel Core i5-1235U/16 GB/512GB SSD/15.6""",0,9,7,16,512,0,15.6,0,880.53,2,3,11,7,1
"Acer Extensa 15 EX215-54-57ZW Intel Core i5-1135G7/16GB/512GB SSD/15.6""",0,0,43,16,512,0,15.6,0,670.67,2,3,11,7,1
"HP 14S-FQ0004NS AMD Athlon Silver 3050U/8GB/512GB SSD/14""",0,9,2,8,512,0,14.0,0,424.0,0,3,0,7,1
"PcCom Revolt 3050 Intel Core i5-13500H/16GB/500GB SSD/RTX 3050/15.6"" + Windows 11 Home",0,18,89,16,500,0,15.6,0,1329.9,2,6,11,22,0
"PcCom Revolt 3050 Intel Core i7-13700H/16GB/500GB/RTX 3050/15.6"" + Windows 11 Home",0,18,89,16,500,0,15.6,0,1479.9,2,6,12,22,0
PcCom Revolt 4050 Intel Core i5-13500H/16GB/500GB SSD/RTX 4050/15.6,0,18,89,16,500,0,15.6,0,1349.9,2,6,11,26,0
PcCom Revolt 4050 Intel Core i5-13500H/16GB/500GB SSD/RTX 4050/15.6” + Windows 11 Home,0,18,89,16,500,0,15.6,0,1479.9,2,6,11,26,0
PcCom Revolt 4060 Intel Core i5-13500H/16GB/500GB SSD/RTX 4060/15.6” + Windows 11 Home,0,18,89,16,500,0,15.6,0,1679.9,2,6,11,27,0
PcCom Revolt 4060 Intel Core i7-13700H/16GB/500GB SSD/RTX 4060/15.6,0,18,89,16,500,0,15.6,0,1699.9,2,6,12,27,0
"Microsoft Surface Laptop 5 Negro Intel Evo Core i7-1255U/16GB/512GB SSD/15"" Táctil",0,16,95,16,512,0,15.0,1,2079.0,2,3,12,7,1
"Alurin Flex Advance Intel Core i5-1155G7/16GB/500GB SSD/15.6"" + Windows 11 Home",0,1,48,16,500,0,15.6,0,639.0,2,3,11,7,1
"ASUS VivoBook Flip 14 TP401MA-EC444WS Intel Celeron N4020/4GB/128GB EMMC/14"" Táctil",0,3,113,4,128,1,14.0,1,345.0,2,3,1,7,1
"Lenovo V15 Intel Core i5-1135G7/8GB/256GB SSD/15.6""",0,13,108,8,256,0,15.6,0,719.0,2,3,11,7,1
"Samsung Galaxy Book3 360 Intel Evo Core i7-1360P/16GB/512GB SSD/15.6"" Táctil",0,23,53,16,512,0,15.6,1,1854.36,2,3,12,7,1
"ASUS VivoBook 15 F1500EA-EJ3149W Intel Core i7-1165G7/8GB/512GB SSD/15.6""",0,3,113,8,512,0,15.6,0,628.04,2,3,12,7,1
"HP ProBook 455 G10 AMD Ryzen 7 7730U/32GB/1TB SSD/15.6""",0,9,85,32,1000,0,15.6,0,999.0,0,3,8,7,1
"LG Gram 17 16Z90P Intel Core i7-1165G7/16GB/512GB SSD/17""",0,12,55,16,512,0,17.0,0,1859.01,2,3,12,7,1
PcCom Revolt 4060 Intel Core i7-13700H/16GB/500GB SSD/RTX 4060/15.6 + Windows 11 Home,0,18,89,16,500,0,15.6,0,1849.9,2,6,12,27,0
"Medion Classmate Pro E14409 MD62389 Intel Core i3-1005G1/8GB/256GB SSD/14""",0,15,27,8,256,0,14.0,0,429.0,2,3,10,7,1
"LG Gram 14T90Q-G.AA78B Intel Evo Core i7-12800HE/16GB/1TB SSD/14"" Táctil",0,12,55,16,1000,0,14.0,1,1899.01,2,3,12,7,1
"Lenovo Legion Pro 7 16IRX8H Intel Core i9-13900HX/32GB/1TB SSD/RTX 4090/16""",0,13,61,32,1000,0,16.0,0,4199.0,2,6,13,30,0
"Lenovo V15 G3 IAP Intel Core i3-1215U/8GB/512GB SSD/15.6""",0,13,108,8,512,0,15.6,0,465.0,2,3,10,7,1
PcCom Revolt 4060 Intel Core i5-13500H/16GB/500GB SSD/RTX 4060/15.6”,0,18,89,16,500,0,15.6,0,1549.9,2,6,11,27,0
"HP 15S-EQ1163NS AMD 3020e/8GB/256GB SSD/15.6""",0,9,4,8,256,0,15.6,0,366.0,0,3,3,7,1
"Acer Aspire 3 A315-34 Intel Celeron N4020/8GB/256GB SSD/15.6""",0,0,19,8,256,0,15.6,0,359.01,2,3,1,7,1
"Dell Vostro 3420 Intel Core i5-1135G7/8 GB/512GB SSD/14""",0,5,115,8,512,0,14.0,0,743.0,2,3,11,7,1
"HP 15S-FQ3008NS Intel Celeron N4500/8GB/256GB SSD/15.6""",0,9,4,8,256,0,15.6,0,323.45,2,3,1,7,1
"MSI Prestige 15 A10SC-007ES Intel Core i7-10710U/32GB/1TB SSD/GTX 1650/15.6""",0,14,83,32,1000,0,15.6,0,1999.0,2,2,12,5,2
PcCom Revolt 3050 Intel Core i7-13700H/16GB/1TB SSD/RTX 3050/15.6”,0,18,89,16,1000,0,15.6,0,1449.9,2,6,12,22,0
"Lenovo ThinkPad E15 Gen 4 Intel Core i7-1255U/16GB/512GB SSD/MX550/15.6""",0,13,102,16,512,0,15.6,0,1405.19,2,4,12,11,2
"ASUS F1500EA-EJ2369W Intel Core i7-1165G7/8GB/512GB SSD/15.6""",0,3,113,8,512,0,15.6,0,849.0,2,3,12,7,1
"ASUS ROG Strix SCAR 17 SE G733CX-LL045W Intel Core i9-12950HX/64GB/1TB+1TB SSD/RTX 3080Ti/17.3""",0,3,87,64,1000,0,17.3,0,4299.01,2,6,13,25,0
"MSI Prestige 13 Evo A12M-010ES Intel Core i7-1280P/16GB/512GB SSD/13.3""",1,14,83,16,512,0,13.3,0,867.53,2,3,12,7,1
"Microsoft Surface Laptop 4 Platino AMD Ryzen 5 4680U/8 GB/256 GB SSD/13.5"" Táctil",0,16,95,8,256,0,13.5,1,1129.0,0,3,7,7,1
"HP 17-CN0018NS Intel Celeron N4120/4GB/128GB SSD/17.3""",0,9,6,4,128,0,17.3,0,391.0,2,3,1,7,1
"Acer Aspire 5 A515-45-R35H AMD Ryzen 7 5700U/8GB/512GB SSD/15.6""",0,0,19,8,512,0,15.6,0,809.01,0,3,8,7,1
"Acer ConceptD 3 Pro CN316-73P-77Y4 Intel Core i7-11800H/16 GB/1TB SSD/T1200/16""",0,0,28,16,1000,0,16.0,0,1471.61,2,9,12,40,3
Dell XPS 13 9315 Intel Core i7-1250U/16GB/512GB SSD/13.4'' Tátil (PT),0,5,117,16,512,0,13.4,1,2139.73,2,3,12,7,1
"HP 250 G9 Intel Core i7-1255U/16GB/512GB SSD/15.6""",0,9,7,16,512,0,15.6,0,1057.0,2,3,12,7,1
"HP ProBook 635 Aero G7 AMD Ryzen 5 Pro 4650U/8GB/256GB SSD/13.3""",0,9,85,8,256,0,13.3,0,1069.0,0,3,7,7,1
MSI Pulse 17 B13VGK-435PT Intel Core i7-13700H/16GB/1TB SSD/RTX 4070/17.3'' (PT),0,14,86,16,1000,0,17.3,0,2303.1,2,6,12,28,0
"Microsoft Surface Laptop 4 Negro AMD Ryzen 7 4980U/8GB/512 GB SSD/15"" Táctil",0,16,95,8,512,0,15.0,1,1649.0,0,3,8,7,1
"Microsoft Surface Laptop 5 Negro Intel Evo Core i7-1255U/8GB/512GB SSD/15"" Táctil",0,16,95,8,512,0,15.0,1,1749.0,2,3,12,7,1
"Microsoft Surface Laptop Studio Intel Core i7-11370H/32GB/2TB SSD/RTX 3050Ti/14.4"" Táctil Platino",0,16,95,32,2000,0,14.4,1,3199.0,2,6,12,22,0
"PcCom Revolt 3050 Intel Core i7-13700H/16GB/500GB/RTX 3050/15.6""",0,18,89,16,500,0,15.6,0,1349.9,2,6,12,22,0
"Acer Predator Triton 500 SE PT516-51s-75K6 Intel Core i7-11800H/32GB/1TB SSD/RTX 3080/16""",0,0,82,32,1000,0,16.0,0,2739.0,2,6,12,25,0
"HP Zbook Firefly 16 G9 Intel Core i7-1260P/16 GB/512GB SSD/16""",0,9,119,16,512,0,16.0,0,1627.0,2,3,12,7,1
"Lenovo ThinkPad E14 Gen 4 Intel Core i7-1255U/16GB/512GB SSD/14""",0,13,102,16,512,0,14.0,0,1515.0,2,3,12,7,1
PcCom Revolt 3050 Intel Core i7-13700H/16GB/1TB SSD/RTX 3050/15.6 + Windows 11 Home,0,18,89,16,1000,0,15.6,0,1599.9,2,6,12,22,0
"ASUS F515EA-BQ1154X Intel Core i5-1135G7/8GB/512GB SSD/15.6""",0,3,46,8,512,0,15.6,0,809.01,2,3,11,7,1
"Acer Extensa 15 EX215-54-55M9 Intel Core i5-1135G7/8GB/1TB SSD/15.6""",0,0,43,8,1000,0,15.6,0,583.85,2,3,11,7,1
"Primux Ioxbook C15 Intel Celeron N4020/4GB/128GB SSD/15.6""",0,19,57,4,128,0,15.6,0,272.58,2,3,1,7,1
"Razer Blade 14 165Hz AMD Ryzen 9 6900HX/16GB/1TB SSD/RTX 3080Ti/14""",0,21,22,16,1000,0,14.0,0,4105.45,0,6,9,25,0
"ASUS ZenBook 14 OLED UM3402YA-KM428WS AMD Ryzen 7 7730U/16GB/512GB SSD/14""",0,3,120,16,512,0,14.0,0,1056.0,0,3,8,7,1
"HP 255 G8 AMD Ryzen 3 5300U/8GB/1TB SSD/15.6""",0,9,8,8,1000,0,15.6,0,471.0,0,3,6,7,1
"Lenovo ThinkPad L380 Intel Core i3-8130U/8GB/256GB SSD/13.3""",1,13,102,8,256,0,13.3,0,419.0,2,3,10,7,1
PcCom Revolt 4060 Intel Core i7-13700H/16GB/1TB SSD/RTX 4060/15.6 + Windows 11 Home,0,18,89,16,1000,0,15.6,0,1949.9,2,6,12,27,0
"ASUS ExpertBook B1 B1402CBA-EB0861W Intel Core i5-1235U/16GB/512GB SSD/14""",0,3,42,16,512,0,14.0,0,800.0,2,3,11,7,1
"ASUS Zenbook UM425QA AMD Ryzen 7 5800H 16GB/1TB SSD/14""(PT)",0,3,120,16,1000,0,14.0,0,1377.62,0,3,8,7,1
"HP ProBook 440 G9 Intel Core i7-1255U/16GB/1TB SSD/14""",0,9,85,16,1000,0,14.0,0,1214.49,2,3,12,7,1
"Acer TravelMate P2 TMP214-53-594U Intel Core i5-1135G7/16GB/512GB SSD/14""",0,0,104,16,512,0,14.0,0,925.0,2,3,11,7,1
"Dell XPS 15 9520 Intel Core i7-12700H/16GB/1TB SSD/RTX3050 Ti/15.6""",0,5,117,16,1000,0,15.6,0,2319.0,2,6,12,22,0
"Alurin Flex Advance Intel Core i5-1155G7/8GB/500GB SSD/14"" + Windows 11 Home",0,1,48,8,500,0,14.0,0,590.0,2,3,11,7,1
"LG Gram 17Z90Q Intel Core i7-1260P/32GB/512GB SSD/RTX 2050/17""",0,12,55,32,512,0,17.0,0,2209.0,2,6,12,17,0
"Lenovo ThinkPad T480 Intel Core i5-7200U/8GB/256GB SSD/14""",1,13,102,8,256,0,14.0,0,635.0,2,3,11,7,1
"Acer TravelMate P2 TMP215-53-5887 Intel Core i5-1135G7/8GB/512GB SSD/15.6""",0,0,104,8,512,0,15.6,0,770.56,2,3,11,7,1
"Dell Latitude E7450 Intel Core i5-5300U/8GB/256GB SSD/14""",1,5,60,8,256,0,14.0,0,448.99,2,3,11,7,1
"Lenovo ThinkBook 15 G4 IAP Intel Core i7-1255U/16GB/512GB SSD/15.6""",0,13,101,16,512,0,15.6,0,1196.97,2,3,12,7,1
"HP 15S-FQ4100NS Intel Core i5-1155G7/8GB/512GB SSD/15.6""",0,9,4,8,512,0,15.6,0,595.9,2,3,11,7,1
"HP 15S-FQ5028NS Intel Core i5-1235U/16GB/512GB SSD/15.6""+ Microsoft 365 Personal 12 Meses Descarga Digital",0,9,4,16,512,0,15.6,0,850.99,2,3,11,7,1
"Lenovo ThinkPad L450 Intel Core i5-4300U/8GB/256GB SSD/14""",1,13,102,8,256,0,14.0,0,239.0,2,3,11,7,1
"Apple MacBook Pro Intel Core i7/16GB/512GB SSD/Radeon Pro 560X/15.4"" Plata",1,2,66,16,512,0,15.4,0,977.08,2,8,12,31,3
"ASUS F1500EA-EJ3528 Intel Core i3-1115G4/8GB/512GB SSD/15.6""",0,3,113,8,512,0,15.6,0,398.22,2,3,10,7,1
"ASUS TUF GAMING A15 FA507XI-R97B47CS1 AMD Ryzen 9 7940HS/16GB/1TB SSD/RTX4070/15.6"" (PT)",0,3,98,16,1000,0,15.6,0,2017.87,0,6,9,28,0
"ASUS BR1100FKA-BP1185XA Intel Celeron N4500/4GB/128GB SSD/11.6"" Táctil",0,3,20,4,128,0,11.6,1,495.33,2,3,1,7,1
"ASUS ROG Flow X16 GV601RM-M6074W AMD Ryzen 9 6900HS/16GB/1TB SSD/RTX 3060/16"" Táctil",0,3,87,16,1000,0,16.0,1,2773.31,0,6,9,23,0
"MSI Vector GP66HX 12UHS-204XES Intel Core i7-12800HX/32GB/1TB SSD/RTX 3080Ti/15.6""",1,14,111,32,1000,0,15.6,0,3499.0,2,6,12,25,0
"Alurin Flex Advance Intel Core i5-1155G7/16GB/500GB SSD/14""",1,1,48,16,500,0,14.0,0,530.0,2,3,11,7,1
ASUS ROG Flow X16 2023 GV601VV-NF015W Intel Core i9-13900H/16GB/1TB SSD/RTX 4060/16'' Táctil,0,3,87,16,1000,0,16.0,1,2599.01,2,6,13,27,0
"ASUS Zenbook UM425QA-R55BLHDCP1 AMD Ryzen 5 5600H 16GB/512GB SSD/14""(PT)",0,3,120,16,512,0,14.0,0,1157.12,0,3,7,7,1
"MSI Creator Pro Z16P B12UMST-094ES Intel Core i7-12700H/32GB/1TB SSD/RTX A5500/16"" Táctil",0,14,29,32,1000,0,16.0,1,4399.0,2,6,12,16,0
"Lenovo V15 Gen 2 ALC AMD Ryzen 3 5300U/8GB/256GB SSD/15.6""",0,13,108,8,256,0,15.6,0,359.9,0,3,6,7,1
"ASUS VivoBook S OLED K3402ZA-KM079W Intel Evo Core i7-12700H/16GB/512GB SSD/14""",0,3,113,16,512,0,14.0,0,1449.5,2,3,12,7,1
"Acer ConceptD 3 Ezel Pro CC315-73P-73PA Intel Core i7-11800H/16GB/1TB SSD/T1200/15.6"" Táctil",0,0,28,16,1000,0,15.6,1,2206.1,2,9,12,40,3
MSI Stealth 15 A13VF-060XES Intel Core i7-13620H/32GB/1TB SSD/RTX 4060/15.6'',0,14,92,32,1000,0,15.6,0,2184.41,2,6,12,27,0
"ASUS E510MA-EJ972 Intel Celeron N4020/8GB/256GB SSD/15.6""",0,3,35,8,256,0,15.6,0,285.0,2,3,1,7,1
"Lenovo ThinkPad X250 Intel Core i5-5300U/8GB/256GB SSD/12.5""",1,13,7,8,256,0,12.5,0,358.99,2,3,11,7,1
"ASUS F515EA-EJ1564W Intel Core i3-1115G4/8GB/256GB SSD/15.6""",0,3,46,8,256,0,15.6,0,391.6,2,3,10,7,1
"Dynabook Toshiba Satellite Pro C40-G-120 Intel Core i7-10510U/8GB/256GB SSD/14""",0,7,90,8,256,0,14.0,0,765.75,2,3,12,7,1
"ASUS VivoBook 15 F1502ZA-EJ1119W Intel Core i7-1255U/8GB/512GB SSD/15.6""",0,3,113,8,512,0,15.6,0,635.01,2,3,12,7,1
"Dell Latitude 5430 Intel Core i7-1255U/16GB/512GB SSD/14""",0,5,60,16,512,0,14.0,0,1433.0,2,3,12,7,1
"Microsoft Surface Pro 7 Intel Core i5-1035G4/16GB/256 GB SSD/12.3"" Platino",1,16,96,16,256,0,12.3,0,1111.35,2,3,11,7,1
"Lenovo ThinkPad T480 Intel Core i5-8250U/8GB/256GB SSD/14""",1,13,102,8,256,0,14.0,0,635.0,2,3,11,7,1
"ASUS VivoBook F515EA-EJ3060W Intel Core i7-1165G7/16GB/512/GB SSD/15.6""",0,3,113,16,512,0,15.6,0,883.19,2,3,12,7,1
"HP EliteBook x360 830 G6 Intel Core i5-8265U/8GB/256GB SSD/13.3"" Táctil",1,9,38,8,256,0,13.3,1,555.0,2,3,11,7,1
"Lenovo ThinkBook 14s Yoga G2 Intel Core i7-1255U/16GB/512GB SSD/14"" Táctil",0,13,101,16,512,0,14.0,1,1473.83,2,3,12,7,1
"Medion Akoya S15447 Intel Core i5-10210U/8 GB/256 GB SSD/15.6""",0,15,15,8,256,0,15.6,0,727.49,2,3,11,7,1
"Dell Vostro 3420 Intel Core i7-1165G7/16 GB/512GB SSD/14""",0,5,115,16,512,0,14.0,0,1064.0,2,3,12,7,1
"LG Gram 16T90Q-G Intel Core i7-1260P/16GB/1TB SSD/16"" Táctil",1,12,55,16,1000,0,16.0,1,1999.0,2,3,12,7,1
"Microsoft Surface Pro 9 Bosque Intel Evo Core i5-1235U/8GB/256GB SSD/13"" Táctil",0,16,96,8,256,0,13.0,1,1403.0,2,3,11,7,1
"Apple MacBook Pro Intel Core i5/8GB/128GB/13"" Plateado",1,2,66,8,128,0,13.0,0,604.0,2,3,11,7,1
"ASUS Vivobook  F1605EA-51BLHDSS1 Intel Core i5-1135G7/12GB/512GB SSD/16.0"" (PT)",0,3,113,12,512,0,16.0,0,832.01,2,3,11,7,1
"Gigabyte AORUS 5 KE4-72ES314SD Intel Core i7-12700H/16GB/1TB SSD/RTX 3060/15.6""",1,8,18,16,1000,0,15.6,0,1599.0,2,6,12,23,0
"ASUS ExpertBook B1 B1502CBA-EJ0438W Intel Core i5-1235U/16GB/512GB SSD/15.6""",0,3,42,16,512,0,15.6,0,800.0,2,3,11,7,1
"ASUS ZenBook 13 OLED UX325EA-KG261 Intel Core i5-1135G7/8GB/512GB SSD/13.3""",0,3,120,8,512,0,13.3,0,819.0,2,3,11,7,1
"HP ENVY 17-cr0004np Intel Core i7-1260P/16GB/512GB SSD/17.3"" (PT)",0,9,40,16,512,0,17.3,0,1453.6,2,3,12,7,1
"Dell Latitude 7320 Detachable Intel Evo Core i7-1180G7/16GB/512GB SSD/13"" Táctil",0,5,60,16,512,0,13.0,1,1620.92,2,3,12,7,1
"Acer Aspire 3 A315-56-56XH Intel Core i5-1035G1/8GB/512GB SSD/15.6""",0,0,19,8,512,0,15.6,0,552.99,2,3,11,7,1
"HP 250 G8 59T50EA Intel Core i3-1115G4/8GB/512GB SSD/15.6""",0,9,7,8,512,0,15.6,0,549.0,2,3,10,7,1
"Lenovo ThinkPad T470 Intel Core i5-7300U/8GB/512GB SSD/14""",1,13,102,8,512,0,14.0,0,518.63,2,3,11,7,1
"HP 15S-FQ3013NS Intel Celeron N4500/8GB/256GB SSD/15.6""",0,9,4,8,256,0,15.6,0,465.26,2,3,1,7,1
"HP 470 G9 Intel Core i5-1235U/16GB/512GB SSD/MX550/17.3""",0,9,10,16,512,0,17.3,0,1212.0,2,4,11,11,2
"Lenovo IdeaPad 5 15ITL05 Intel Core i5-1135G7/16GB/512GB SSD/15.6""",0,13,56,16,512,0,15.6,0,799.0,2,3,11,7,1
"ASUS TUF Gaming F15 TUF506HC-HN088 Intel Core i5-11400H/16GB/512GB SSD/RTX 3050/15.6""",0,3,98,16,512,0,15.6,0,769.0,2,6,11,22,0
"Acer Swift 3 SF313-53 Intel Evo Core i7-1165G7/16GB/1TB SSD/13.5""",0,0,97,16,1000,0,13.5,0,1347.18,2,3,12,7,1
"Apple Macbook Pro Intel Core i9/16GB/1TB SSD/Radeon Pro 5500M/16"" Gris Espacial",1,2,66,16,1000,0,16.0,0,1899.0,2,8,13,38,3
"Lenovo ThinkPad X1 Carbon Intel Core i7-8565U/16GB/1TB SSD/14""",1,13,102,16,1000,0,14.0,0,818.0,2,3,12,7,1
"MSI Creator M16 B13VE-681ES Intel Core i7-13700H/32GB/1TB SSD/RTX 4050/16""",0,14,29,32,1000,0,16.0,0,2102.18,2,6,12,26,0
PcCom Revolt 4060 Intel Core i7-13700H/32GB/1TB SSD/RTX 4060/15.6,0,18,89,32,1000,0,15.6,0,1899.9,2,6,12,27,0
"Acer TravelMate P2 TMP214-52-P5SM Intel Pentium Gold 6405U/8GB/256GB SSD/14""",0,0,104,8,256,0,14.0,0,474.99,2,3,5,7,1
"Medion Akoya E15301 AMD Ryzen 3 3200U/8 GB/256 GB SSD/15.6""",0,15,15,8,256,0,15.6,0,327.51,0,3,6,7,1
"ASUS Rog Strix G17 G713QR-K4189 AMD Ryzen 7 5800H/32GB/1TB SSD/RTX 3070/17.3""",0,3,87,32,1000,0,17.3,0,2649.44,0,6,8,24,0
"ASUS ZenBook 14 UX3402ZA-KP490W Intel Core i5-1240P/16GB/512GB SSD/14""",0,3,120,16,512,0,14.0,0,846.31,2,3,11,7,1
"HP 15S-FQ2180NS Intel Core i3-1115G4/8GB/512GB SSD/15.6""",0,9,4,8,512,0,15.6,0,414.84,2,3,10,7,1
"HP 250 G9 Intel Core i3-1215U/8GB/256 GB SSD/15.6""",0,9,7,8,256,0,15.6,0,399.37,2,3,10,7,1
"Lenovo ThinkBook 15 G2 ITL Intel Core i5-1135G7/16 GB/512GB SSD/15.6""",0,13,101,16,512,0,15.6,0,1069.0,2,3,11,7,1
"Lenovo 300w Gen 3 AMD 3015e/4GB/128GB SSD/11.6"" Táctil",0,13,9,4,128,0,11.6,1,461.48,0,3,3,7,1
"Apple MacBook Pro Apple M2 Pro 12 Núcleos/16GB/1TB SSD/16.2"" Plata",0,2,66,16,1000,0,16.2,0,2999.01,1,3,2,7,1
"HP 15S-EQ2135NS AMD Ryzen 7 5700U/12GB/512GB SSD/15.6""",0,9,4,12,512,0,15.6,0,613.2,0,3,8,7,1
"ASUS VivoBook F1605PA-MB147 Intel Core i7-11370H/8GB/512GB SSD/16""",0,3,113,8,512,0,16.0,0,599.99,2,3,12,7,1
"HP Victus 16-E0099NS AMD Ryzen 7 5800H/8GB/512GB SSD/RX 5500M/16.1""",0,9,112,8,512,0,16.1,0,864.23,0,8,8,38,3
"MSI Modern 15 B12M-042ES i7-1255U/16GB/1TB SSD/15.6""",1,14,68,16,1000,0,15.6,0,1199.0,2,3,12,7,1
"Microsoft Surface Pro 7 Intel Core i5-1035G4/8 GB/256 GB/12.3"" Negra",0,16,96,8,256,0,12.3,0,1349.0,2,3,11,7,1
"HP 15S-FQ4037NS Intel Core i7-1195G7/16GB/512GB SSD/15.6""",0,9,4,16,512,0,15.6,0,695.5,2,3,12,7,1
"MSI Stealth 14 Studio A13VG-048ES Intel Core i7-13700H/32GB/1TB SSD/RTX 4070/14""",0,14,92,32,1000,0,14.0,0,2699.0,2,6,12,28,0
ASUS Laptop M515DA AMD Ryzen 5 3500U/12GB/512GB SSD/15.6'' (PT),0,3,63,12,512,0,15.6,0,707.51,0,3,7,7,1
"LG Gram UltraSlim 15Z90RT-G.AD75B Intel Evo Core i7-1360P/32GB/512GB SSD/15"" OLED",0,12,55,32,512,0,15.0,0,2099.0,2,3,12,7,1
"MSI Creator M16 A12UD-232ES Intel Core i7-12700H/16GB/1TB SSD/RTX 3050Ti/16""",1,14,29,16,1000,0,16.0,0,1749.0,2,6,12,22,0
"HP ProBook 640 G8 Intel Core i5-1135G7/8GB/256GB SSD/14""",0,9,85,8,256,0,14.0,0,764.34,2,3,11,7,1
"Dell Latitude 3420 Intel Core i7-1165G7/16GB/512GB SSD/14""",0,5,60,16,512,0,14.0,0,999.0,2,3,12,7,1
"HP 15S-EQ2070NS AMD Ryzen 7 5700U/12GB/512GB SSD/15.6""",0,9,4,12,512,0,15.6,0,641.0,0,3,8,7,1
"Medion Akoya E15303 AMD Ryzen 5 4500U/8GB/256GB SSD/15.6""",0,15,15,8,256,0,15.6,0,563.62,0,3,7,7,1
"MSI Summit E13 FlipEvo A12MT-030ES Intel Core i7-1280P/32GB/1TB SSD/13.4"" Táctil",0,14,93,32,1000,0,13.4,1,1899.0,2,3,12,7,1
"Thomson Neo Black Intel Celeron N4020/4GB/64GB eMMC/14.1""",0,24,71,4,64,1,14.1,0,230.83,2,3,1,7,1
"PcCom Revolt 3050 Intel Core i5-13500H/16GB/500GB SSD/RTX 3050/15.6""",0,18,89,16,500,0,15.6,0,1199.9,2,6,11,22,0
"PcCom Revolt 3060 Intel Core i7-12700H/32GB/1TB SSD/RTX 3060/15.6""/Windows 11 Home",0,18,89,32,1000,0,15.6,0,1800.01,2,6,12,23,0
"LG Gram 17Z90R-G.AD78B Intel Evo Core i7-1360P/32GB/1TB SSD/17""",0,12,55,32,1000,0,17.0,0,2199.0,2,3,12,7,1
"HP 15S-EQ2073NS AMD Ryzen 5 5500U/8GB/512GB SSD/15.6""",0,9,4,8,512,0,15.6,0,479.61,0,3,7,7,1
"Lenovo ThinkBook 15 G4 IAP Intel Core i5-1235U/16GB/512GB SSD/15.6""",0,13,101,16,512,0,15.6,0,1074.0,2,3,11,7,1
"ASUS ExpertBook B1 B1502CBA-EJ0425X Intel Core i5-1235U/16GB/512GB SSD/15.6""",0,3,42,16,512,0,15.6,0,869.0,2,3,11,7,1
"Lenovo ThinkPad L14 Gen 3 Intel Core i5-1235U/16GB/512GB SSD/14""",0,13,102,16,512,0,14.0,0,1282.0,2,3,11,7,1
"HP 15s-fq4108ns i7-1195G7 Intel Core i7-1195G7/8GB/512GB SSD/15.6""",0,9,4,8,512,0,15.6,0,630.72,2,3,12,7,1
"MSI Modern 15 A5M-010XES AMD Ryzen 5 5500U/8GB/512GB SSD/15.6""",0,14,68,8,512,0,15.6,0,720.25,0,3,7,7,1
"HP 250 G8 Intel Core i5-1135G7/8 GB/512 GB SSD/15.6""",0,9,7,8,512,0,15.6,0,549.0,2,3,11,7,1
"Apple MacBook Air Intel Core i5/16GB/512GB SSD/13.3"" Gris Espacial",1,2,65,16,512,0,13.3,0,1498.0,2,3,11,7,1
"LG Ultra 16U70Q AMD Ryzen 7 5825U/16GB/512GB SSD/16""",0,12,106,16,512,0,16.0,0,1299.0,0,3,8,7,1
"Lenovo Yoga 7 14ITL5 Intel Evo Core i7-1165G7/16 GB/512GB SSD/14"" Táctil",0,13,118,16,512,0,14.0,1,1671.0,2,3,12,7,1
"HP 15S-FQ4019NS Intel Core i5-1155G7/8GB/512GB SSD/15.6""",0,9,4,8,512,0,15.6,0,568.82,2,3,11,7,1
"HP 250 G8 2W9A0EA Intel Core i3-1115G4/8GB/256GB SSD/15.6""",0,9,7,8,256,0,15.6,0,556.59,2,3,10,7,1
"Lenovo IdeaPad 3 Gen 6 14ITL6 Intel Core i5-1135G7/8GB/512GB SSD/14""",0,13,56,8,512,0,14.0,0,844.0,2,3,11,7,1
"ASUS ROG Strix SCAR 17 2023 G733PY-LL002 AMD Ryzen 9 7945HX/32GB/1TB SSD/RTX 4090/17.3""",1,3,87,32,1000,0,17.3,0,3258.19,0,6,9,30,0
"Lenovo Thinkpad E15 Gen 4 Intel Core i5-1235U/16GB/512GB SSD/15.6""",0,13,102,16,512,0,15.6,0,1069.0,2,3,11,7,1
"Lenovo V15 G2 ALC AMD Ryzen 7 5700U/8GB/512GB SSD/15.6""",0,13,108,8,512,0,15.6,0,565.01,0,3,8,7,1
HP OMEN 16-c0030np AMD Ryzen 7-5800H/16GB/512GB SSD/RTX 3070/16.1'' (PT),0,9,76,16,512,0,16.1,0,1580.62,0,6,8,24,0
"Lenovo IdeaPad Flex 5 13ITL6 Chromebook 13ITL6 Intel Core i5-1135G7/8GB/256GB SSD/13.3"" Táctil",0,13,56,8,256,0,13.3,1,779.01,2,3,11,7,1
"Lenovo Yoga Slim 9 14IAP7 Intel Evo Core i7-1280P/16 GB/1TB SSD/14"" Táctil",0,13,118,16,1000,0,14.0,1,1979.0,2,3,12,7,1
"Lenovo Yoga Slim 9 14IAP7 Intel Evo Core i7-1280P/16GB/1TB SSD/14"" Táctil",0,13,118,16,1000,0,14.0,1,2099.0,2,3,12,7,1
"MSI Modern 15 B12M-043XES Intel Core i7-1255U/16GB/1TB SSD/15.6""",1,14,68,16,1000,0,15.6,0,1049.0,2,3,12,7,1
"Acer ConceptD 3 Pro CN314-73P-77XL Intel Core i7-11800H/16GB/1TB SSD/T1200/14""",0,0,28,16,1000,0,14.0,0,1899.0,2,9,12,40,3
"Acer Nitro 5 AN515-46-R80A AMD Ryzen 5 6600H/16GB/512GB SSD/RTX 3050Ti/15.6""",0,0,73,16,512,0,15.6,0,1559.0,0,6,7,22,0
"HP ChromeBook 14b-na0005ns AMD Athlon Silver 3050C/4GB/64GB eMMC/14""",0,9,26,4,64,1,14.0,0,399.0,0,3,0,7,1
"MSI Pulse GL66 12UGK-465ES Intel Core i7-12700H/16GB/1TB SSD/RTX 3070/15.6""",0,14,86,16,1000,0,15.6,0,2099.0,2,6,12,24,0
"Microsoft Surface Laptop 5 Platino Intel Evo Core i7-1255U/16GB/512GB SSD/15"" Táctil",0,16,95,16,512,0,15.0,1,2079.0,2,3,12,7,1
"Razer Blade 15 Advanced Model QHD Intel Core i7-11800H/16 GB/1TB SSD/RTX 3070/15.6""",0,21,22,16,1000,0,15.6,0,2800.0,2,6,12,24,0
"Razer Blade 15 OLED QHD Intel Core i9-12900H/16GB/1TB SSD/RTX 3070Ti/15.6""",0,21,22,16,1000,0,15.6,0,3699.0,2,6,13,24,0
"Razer Blade 17 FullHD 360Hz Intel Core i7-12800H/32GB/1TB SSD/RTX 3080Ti/17.3""",0,21,22,32,1000,0,17.3,0,4299.99,2,6,12,25,0
"Samsung Galaxy Book2 Intel Core i5-1235U/8 GB/256GB SSD/15.6""",0,23,53,8,256,0,15.6,0,849.01,2,3,11,7,1
"Samsung Galaxy Book2 Pro Intel Evo Core i5-1240P/16GB/512GB SSD/13.3""",0,23,53,16,512,0,13.3,0,1349.0,2,3,11,7,1
"Samsung Galaxy Book3 Pro Intel Evo Core i7-1360P/16GB/512GB SSD/16"" + Microsoft 365 Personal 12 Meses Descarga Digital",0,23,53,16,512,0,16.0,0,2050.99,2,3,12,7,1
"HP ZBook Firefly 16 G9 Intel Core i7-1265U/32GB/1TB SSD/QUADRO T500/16""",0,9,119,32,1000,0,16.0,0,2149.4,2,9,12,42,3
"Lenovo Yoga Slim 7 ProX 14IAH7 Intel Evo Core i7-12700H/16GB/512GB SSD/14.5""",0,13,118,16,512,0,14.5,0,1561.0,2,3,12,7,1
"Acer ConceptD 7 Ezel CC715-72G-72AS Intel Core i7-11800H/32GB/1TB SSD/RTX 3080/15.6"" Táctil",0,0,28,32,1000,0,15.6,1,3691.0,2,6,12,25,0
"HP ProBook 650 G4 Intel Core i5-8250U/8GB/256GB SSD/15.6""",1,9,85,8,256,0,15.6,0,679.95,2,3,11,7,1
"HP ZBook Studio G9 Intel Core i7-12700H/32GB/512GB SSD/RTX A1000/16""",0,9,119,32,512,0,16.0,0,2866.16,2,6,12,13,0
"Apple MacBook Air i5/4GB/128GB/13.3""",1,2,65,4,128,0,13.3,0,299.0,2,3,11,7,1
"Lenovo ThinkPad E15 Gen 2 Intel Core i7-1165G7/16GB/512GB SSD/15.6""",1,13,102,16,512,0,15.6,0,973.89,2,3,12,7,1
"Microsoft Surface Pro 9 Platino Intel Evo Core i5-1235U/16GB/256GB SSD/13"" Táctil",0,16,96,16,256,0,13.0,1,1778.0,2,3,11,7,1
"Samsung Galaxy Book3 360 Intel Evo Core i5/16GB/512GB SSD/13.3"" Táctil + Microsoft 365 Personal 12 Meses Descarga Digital",0,23,53,16,512,0,13.3,1,1561.0,2,3,11,7,1
"Apple MacBook Air i5/8GB/128GB/13.3"" Plata",1,2,65,8,128,0,13.3,0,331.75,2,3,11,7,1
"Razer Blade 16 QHD+ Intel Core i9-13950HX/32GB/1TB SSD/RTX 4080/16""",0,21,22,32,1000,0,16.0,0,4199.91,2,6,13,29,0
"HP 15S-FQ3012NS Intel Celeron N4500/8GB/512GB SSD/15.6""",0,9,4,8,512,0,15.6,0,392.0,2,3,1,7,1
"Samsung Galaxy Book2 Business Intel Core i7-1260P/16GB/512GB SSD/14""",0,23,53,16,512,0,14.0,0,1599.0,2,3,12,7,1
"ASUS ExpertBook B1 B1502CBA-EJ0433 Intel Core i3-1215U/8GB/256GB SSD/15.6""",0,3,42,8,256,0,15.6,0,445.99,2,3,10,7,1
"Deep Gaming Nubian 17 Intel Core i7-13700H/32GB/1TB SSD/RTX 3050/17.3""",0,4,75,32,1000,0,17.3,0,1549.01,2,6,12,22,0
"HP Essential 250 G8 Intel Core i3-1115G4/8GB/256GB SSD/15.6""",0,9,7,8,256,0,15.6,0,831.12,2,3,10,7,1
"HP ProBook 440 G9 Intel Core i5-1235U/8GB/256GB SSD/14""",0,9,85,8,256,0,14.0,0,869.14,2,3,11,7,1
"Lenovo V15 IIL Intel Core i3-1005G1/8GB/512GB SSD/15.6""",0,13,108,8,512,0,15.6,0,773.6,2,3,10,7,1
"MSI Katana GF66 12UC-873XES Intel Core i5-12450H/16GB/512GB SSD/RTX 3050/15.6""",0,14,58,16,512,0,15.6,0,875.06,2,6,11,22,0
"MSI Pulse GL66 12UEK-034ES Intel Core i7-12700H/32GB/1TB SSD/RTX 3060/15.6""",0,14,86,32,1000,0,15.6,0,2217.07,2,6,12,23,0
"Dell Vostro 5620 Intel Core i7-1260P/16GB/512GB SSD/16""",0,5,115,16,512,0,16.0,0,1092.52,2,3,12,7,1
"ASUS F515EA-BQ3062X Intel Core i3-1115G4/8GB/512GB SSD/15.6""",0,3,46,8,512,0,15.6,0,550.6,2,3,10,7,1
"HP 15S-EQ1137NS AMD Athlon Silver 3050U/8GB/256GB SSD/15.6""",0,9,4,8,256,0,15.6,0,391.02,0,3,0,7,1
"HP 15S-EQ1148NS AMD Athlon Silver 3050U/8GB/512GB/15.6""",0,9,4,8,512,0,15.6,0,406.0,0,3,0,7,1
"HP 15S-EQ1160NS AMD 3020e/4GB/128GB SSD/15.6""",0,9,4,4,128,0,15.6,0,381.76,0,3,3,7,1
"HP 15S-FQ4104NS Intel Core i5-1155G7/8GB/256GB SSD/15.6""",0,9,4,8,256,0,15.6,0,494.81,2,3,11,7,1
"HP EliteBook 840 G8 Intel Core i5-1135G7/8 GB/256GB SSD/14""",0,9,38,8,256,0,14.0,0,750.73,2,3,11,7,1
"HP Victus 16-e1017ns AMD Ryzen 5 6600H/16GB/512GB SSD/RTX 3050/16.1""",0,9,112,16,512,0,16.1,0,1120.0,0,6,7,22,0
"Lenovo ThinkPad L15 Gen 2 Intel Core i5-1145G7/16GB/256GB SSD/15.6""",0,13,102,16,256,0,15.6,0,969.0,2,3,11,7,1
"Apple MacBook Air Intel Core i5/8GB/512GB SSD/13.3"" Plata",1,2,65,8,512,0,13.3,0,895.0,2,3,11,7,1
"MSI Raider GE78HX 13VI-063ES Intel Core i9-13980HX/64GB/2TB SSD/RTX 4090/17""",0,14,88,64,2000,0,17.0,0,5199.0,2,6,13,30,0
"Medion Classmate Pro E14409 MD62157 Intel Core i3-1005G1/4GB/128GB SSD/14""",0,15,27,4,128,0,14.0,0,273.61,2,3,10,7,1
"Lenovo V15 G2 ALC AMD Ryzen 7-5700U/8GB/256GB SSD/15.6""",0,13,108,8,256,0,15.6,0,628.99,0,3,8,7,1
"HP Victus 16-E0073NS AMD Ryzen 7 5800H/8GB/512GB SSD/RX 5500M/16.1""",0,9,112,8,512,0,16.1,0,982.0,0,8,8,38,3
"Acer Aspire 3 A315-56-519X Intel Core i5-1035G1/8GB/256GB SSD/15.6""",0,0,19,8,256,0,15.6,0,474.86,2,3,11,7,1
"Asus ZenBook Flip 13 UX363JA-EM189T Intel Core i5-1035G4/16GB/512GB SSD/13.3"" Táctil",1,3,120,16,512,0,13.3,1,678.39,2,3,11,7,1
"Dell Vostro 3420 Intel Core i5-1135G7/8GB/256GB SSD/14"" (PT)",0,5,115,8,256,0,14.0,0,697.36,2,3,11,7,1
"Lenovo IdeaPad Flex 5 14ITL05 Intel Core i5-1135G7/8GB/512GB SSD/14"" Táctil",1,13,56,8,512,0,14.0,1,799.0,2,3,11,7,1
"ASUS VivoBook Flip 14 TP401MA-EC448W Intel Celeron N4020/4GB/256GB SSD/14"" Táctil",0,3,113,4,256,0,14.0,1,398.01,2,3,1,7,1
"Asus Chromebook C204MA-GJ0342 Intel Celeron N4020/4GB/32GB eMMC/11.6""",0,3,26,4,32,1,11.6,0,239.25,2,3,1,7,1
"HP 15S-EQ1126NS AMD Athlon Silver 3050U/8GB/256GB SSD/15.6""",0,9,4,8,256,0,15.6,0,384.27,0,3,0,7,1
"HP 255 G7 AMD Ryzen 3 3200U/8 GB/256GB SSD/15.6""",0,9,8,8,256,0,15.6,0,556.22,0,3,6,7,1
"Lenovo 100e Intel Celeron N4000/4GB/128GB SSD/11.6""",0,13,0,4,128,0,11.6,0,350.0,2,3,1,7,1
"Lenovo ThinkPad P16s Gen 1 Intel Core i7-1260P/32GB/1TB SSD/Quadro T550/16""",0,13,102,32,1000,0,16.0,0,2575.0,2,9,12,43,3
"Lenovo Thinkpad P17 Gen 2 Intel Core i7-11850H/32GB/1TB SSD/RTX A3000/17.3""",0,13,102,32,1000,0,17.3,0,3496.86,2,6,12,15,0
"MSI Katana 17 B13VEK-298ES Intel Core i7-13620H/16GB/1TB SSD/RTX 4050/17.3""",0,14,58,16,1000,0,17.3,0,1496.56,2,6,12,26,0
"Microsoft Surface Go 3 Business 4G LTE Intel Core i3-10100Y/8 GB/128GB SSD/10.5"" Táctil Platino",0,16,94,8,128,0,10.5,1,853.59,2,3,10,7,1
"Vant Moove3-14 Intel Core i5-1135G7/16GB/500GB SSD/14""",0,26,69,16,500,0,14.0,0,645.99,2,3,11,7,1
"MSI Pulse GL66 12UEK-086XES Intel Core i7-12700H/16GB/1TB SSD/RTX 3060/15.6""",1,14,86,16,1000,0,15.6,0,1649.0,2,6,12,23,0
"Asus F515JA-BR1164T Intel Core i3-1005G1/8GB/256GB SSD/15.6""",0,3,46,8,256,0,15.6,0,650.36,2,3,10,7,1
"Lenovo ThinkBook 13s G4 Intel Core i5-1240P/16GB/512GB SSD/13.3""",0,13,101,16,512,0,13.3,0,1310.61,2,3,11,7,1
"ASUS ExpertBook B1 B1502CBA-EJ0426X Intel Core i7-1255U/16GB/512GB SSD/15.6""",0,3,42,16,512,0,15.6,0,950.53,2,3,12,7,1
"Asus ROG Zephyrus M GU603HR-K8009T Intel Core i7-11800H/32GB/1TB SSD/RTX 3070/16""",1,3,87,32,1000,0,16.0,0,2599.0,2,6,12,24,0
"HP 250 G9 Intel Celeron N4500/8GB/256GB SSD/15.6""",0,9,7,8,256,0,15.6,0,357.64,2,3,1,7,1
"HP 250 G9 Intel Core i3-1215U/8GB/256GB SSD/15.6""",0,9,7,8,256,0,15.6,0,634.05,2,3,10,7,1
"HP EliteBook 860 G9 Intel Core i7-1255U/32GB/1TB SSD/16""",0,9,38,32,1000,0,16.0,0,1735.35,2,3,12,7,1
"Alurin Flex Advance Intel Core i5-1155G7/16GB/500GB SSD/14"" + Windows 11 Home",0,1,48,16,500,0,14.0,0,629.01,2,3,11,7,1
"Lenovo ThinkPad T480s Intel Core i7-8565U/8GB/256GB SSD/14""",1,13,102,8,256,0,14.0,0,711.95,2,3,12,7,1
"Apple MacBook Air Intel Core i5/8GB/128GB SSD/13"" Plata",1,2,65,8,128,0,13.0,0,391.17,2,3,11,7,1
"Lenovo IdeaPad Flex 5 14ALC05 AMD Ryzen 7 5700U/16GB/512GB SSD/14""",0,13,56,16,512,0,14.0,0,1058.0,0,3,8,7,1
"MSI Creator Z17 HX Studio A13VGT-044ES Intel Core i9-13950HX/32GB/1TB SSD/RTX 4070/17"" Táctil",0,14,29,32,1000,0,17.0,1,3175.35,2,6,13,28,0
"MSI Katana 17 B13VEK-294XES Intel Core i7-13620H/16GB/1TB SSD/RTX 4050/17.3""",0,14,58,16,1000,0,17.3,0,1496.56,2,6,12,26,0
"Lenovo IdeaPad D330-10IGM Intel Celeron N4000/4GB/64GB eMMC/10.1"" Táctil",0,13,56,4,64,1,10.1,1,324.0,2,3,1,7,1
"Microsoft Surface Laptop 5 Negro Intel Evo Core i7-1265U/16GB/512GB SSD/15"" Táctil",0,16,95,16,512,0,15.0,1,2310.0,2,3,12,7,1
"Microsoft Surface Laptop Studio Intel Core i7-11370H/32GB/1TB SSD/RTX 3050Ti/14.4"" Táctil Platino",0,16,95,32,1000,0,14.4,1,2799.0,2,6,12,22,0
"HP 15S-eq2093ns AMD Ryzen 3 5300U/8GB/512GB SSD/15.6""",0,9,4,8,512,0,15.6,0,470.44,0,3,6,7,1
"Lenovo Legion Pro 7 16IRX8H Intel Core i9-13900HX/32GB/1TB SSD/RTX 4080/16""",0,13,61,32,1000,0,16.0,0,4580.73,2,6,13,29,0
"Lenovo V14 Intel Core i3-10110U/8GB/256GB SSD/14""",0,13,107,8,256,0,14.0,0,484.5,2,3,10,7,1
"ASUS VivoBook F1500EA-EJ3066W Intel Core i7-1165G7/8GB RAM/512GB SSD/15.6""",0,3,113,8,512,0,15.6,0,625.0,2,3,12,7,1
"ASUS ZenBook 14 UM3402YA-KP287 AMD Ryzen 5 5625U/16GB/512GB SSD/14""",0,3,120,16,512,0,14.0,0,812.61,0,3,7,7,1
"ASUS ProArt StudioBook Pro 16 OLED W7600Z3A-L2022X Intel Core i7-12700H/32GB/1TB SSD/RTX A3000/16""",0,3,84,32,1000,0,16.0,0,2846.0,2,6,12,15,0
"Acer Predator Helios 300 PH315-54 Intel Core i7-11800H/16GB/1TB SSD/RTX 3070/15.6""",0,0,82,16,1000,0,15.6,0,1849.0,2,6,12,24,0
"Dell Latitude 5330 Intel Core i5-1235U/16GB/512GB SSD/13.3""",0,5,60,16,512,0,13.3,0,1071.49,2,3,11,7,1
"Dell Latitude 7490 Intel Core i5-8350U/8GB/512GB SSD/14""",1,5,60,8,512,0,14.0,0,699.0,2,3,11,7,1
"Lenovo ThinkPad P15 Gen 1 Intel Core i7-10750H/16GB/512GB SSD/Quadro T2000/15.6""",0,13,102,16,512,0,15.6,0,1670.01,2,9,12,41,3
"Asus VivoBook F1605PA-MB145 Intel Core i5-11300H/8GB/256GB SSD/16""",0,3,113,8,256,0,16.0,0,469.9,2,3,11,7,1
"Acer Nitro 5 AN517-54-9875 Intel Core i9-11900H/16GB/512GB SSD/RTX 3060/17.3""",0,0,73,16,512,0,17.3,0,1495.69,2,6,13,23,0
"Alurin Go Start Intel Celeron N4020/8GB/256GB SSD/14"" + Windows 11 Home",0,1,54,8,256,0,14.0,0,339.0,2,3,1,7,1
"Asus ROG Zephyrus G15 GA503QR-HQ007T AMD Ryzen 7 5800HS/16GB/1TB SSD/RTX 3070/15.6""",1,3,87,16,1000,0,15.6,0,1600.0,0,6,8,24,0
"HP 15S-FQ4089NS Intel Core i5-1155G7/16GB/512GB SSD/15.6""",0,9,4,16,512,0,15.6,0,687.64,2,3,11,7,1
"LG Gram UltraSlim 15Z90RT-G.AA75B Intel Evo Core i7-1360P/16GB/512GB SSD/15"" OLED",0,12,55,16,512,0,15.0,0,2175.83,2,3,12,7,1
"Lenovo ThinkPad L13 Gen 2 AMD Ryzen 5 Pro 5650U/8GB/256GB SSD/13.3""",0,13,102,8,256,0,13.3,0,799.0,0,3,7,7,1
"ASUS ExpertBook B5 Flip B5402FEA-HY0119X Intel Core i5-1155G7/16GB/512GB SSD/14"" Táctil",0,3,42,16,512,0,14.0,1,1199.0,2,3,11,7,1
"Dell Latitude 5510 Intel Core i5-10210U/8GB/256GB SSD/15.6""",1,5,60,8,256,0,15.6,0,999.0,2,3,11,7,1
"HP 15S-EQ2131NS AMD Ryzen 3 5300U/8GB/256GB SSD/15.6""",0,9,4,8,256,0,15.6,0,391.41,0,3,6,7,1
"HP 255 G9 AMD Ryzen 5 5625U/8GB/512GB SSD/15.6""",0,9,8,8,512,0,15.6,0,498.0,0,3,7,7,1
"HP ProBook 450 G9 Intel Core i5-1235U/8GB/256GB SSD/15.6""",0,9,85,8,256,0,15.6,0,855.39,2,3,11,7,1
"Lenovo Legion 5 15IAH7H Intel Core i7-12700H/16GB/512GB SSD/RTX 3060/15.6""",0,13,61,16,512,0,15.6,0,1830.0,2,6,12,23,0
"Lenovo ThinkPad E14 Gen 4 Intel Core i5-1235U/8GB/256GB SSD/14""",0,13,102,8,256,0,14.0,0,1028.0,2,3,11,7,1
"Lenovo ThinkPad P15v Gen 3 Intel Core i7-12700H/16GB/512GB SSD/Quadro T600/15.6""",0,13,102,16,512,0,15.6,0,2260.99,2,9,12,44,3
"Lenovo Yoga 7 14ARB7 AMD Ryzen 7 6800U/16GB/512GB SSD/14"" Táctil",0,13,118,16,512,0,14.0,1,1438.0,0,3,8,7,1
"Prixton Netbook Pro Intel Celeron N4020/4GB/128GB/15.6""",0,20,72,4,128,0,15.6,0,246.95,2,3,1,7,1
"Apple MacBook Pro Intel Core i5 1.4GHz/8GB/256GB SSD/13.3"" Plata",1,2,66,8,256,0,13.3,0,759.2,2,3,11,7,1
"ASUS ExpertBook P1412CEA-EK0298XA Intel Core i3-1115G4/8GB/256GB SSD/14""",0,3,42,8,256,0,14.0,0,511.13,2,3,10,7,1
"ASUS VivoBook 16 F1605PA-MB104 Intel Core i5-11300H/8GB/512GB SSD/16""",0,3,113,8,512,0,16.0,0,500.0,2,3,11,7,1
"Acer Extensa 15 EX215-22-R3V0 AMD Ryzen 5 3500U/8GB/256GB SSD/15.6""",0,0,43,8,256,0,15.6,0,439.0,0,3,7,7,1
"Dell Vostro 15 AMD Ryzen 5 5625U/8GB/256GB SSD/15.6""",1,5,115,8,256,0,15.6,0,529.99,0,3,7,7,1
"MSI Vector GP77 13VG-068XPT Intel Core  i7-13700H/32GB/1TB SSD/RTX4070/17.3"" (PT)",0,14,111,32,1000,0,17.3,0,2660.55,2,6,12,28,0
"Lenovo V15 G2-ITL Intel Core i5-1135G7/8GB/512GB SSD/15.6""",0,13,108,8,512,0,15.6,0,810.2,2,3,11,7,1
"Lenovo ThinkPad L13 Gen 2 Intel Core i5-1135G7/8GB/256GB SSD/13.3""",1,13,102,8,256,0,13.3,0,1008.37,2,3,11,7,1
"HP 15S-FQ4074NS Intel Core  i5-1155G7/8GB/1TB SSD/15.6""",0,9,4,8,1000,0,15.6,0,715.0,2,3,11,7,1
"ASUS ZenBook 14 UM3402YA-KP286 AMD Ryzen 5 5625U/8GB/512GB SSD/14""",0,3,120,8,512,0,14.0,0,755.48,0,3,7,7,1
"Dell Vostro 5320 Intel Evo Core i7-1260P/16GB/512GB SSD/13.3""",0,5,115,16,512,0,13.3,0,1216.0,2,3,12,7,1
"Lenovo ThinkPad P1 Gen 3 Intel Core i7-10750H/16GB/512GB SSD/Quadro T1000/15.6""",0,13,102,16,512,0,15.6,0,1857.0,2,9,12,39,3
"Apple MacBook Pro Apple M1 Pro/16GB/1TB SSD/14.2"" Gris Espacial",1,2,66,16,1000,0,14.2,0,2749.0,1,3,2,7,1
"ASUS Chromebook CX9400CEA-KC0172 Intel Core i5-1135G7/8GB/256GB SSD/14""",0,3,26,8,256,0,14.0,0,1143.53,2,3,11,7,1
ASUS F515EA Intel Core i5-1135G7/12GB/512GB SSD/15.6'' (PT),0,3,46,12,512,0,15.6,0,824.78,2,3,11,7,1
"ASUS TUF Gaming A15 TUF507NV-LP042 AMD Ryzen 7 7735HS/16GB/1TB SSD/RTX 4060/15.6""",0,3,98,16,1000,0,15.6,0,1335.01,0,6,8,27,0
"Dell Vostro 3510 Intel Core i7-1165G7/16GB/512GB SSD/15.6""",1,5,115,16,512,0,15.6,0,932.15,2,3,12,7,1
"HP 15S-FQ3001NS Intel Celeron N4500/4GB/128GB SSD/15.6""",0,9,4,4,128,0,15.6,0,395.4,2,3,1,7,1
"HP 15S-eq2126ns AMD Ryzen 3 5300U/8GB/256GB SSD/15.6""",0,9,4,8,256,0,15.6,0,529.0,0,3,6,7,1
"HP EliteBook 830 G9 Intel Core i5-1235U/16GB/512GB SSD/13.3""",0,9,38,16,512,0,13.3,0,1375.3,2,3,11,7,1
"Lenovo 100w Gen 3 AMD 3015e/4GB/128GB eMMC/11.6""",0,13,1,4,128,1,11.6,0,397.0,0,3,3,7,1
"Lenovo IdeaPad 3 Gen 7 AMD Ryzen 7 5825U/16GB/512GB SSD/17.3""",0,13,56,16,512,0,17.3,0,1136.94,0,3,8,7,1
"Lenovo ThinkPad T14 Gen 3 Intel Core i7-1260P/16GB/512GB SSD/14""",0,13,102,16,512,0,14.0,0,1871.6,2,3,12,7,1
"Medion Akoya E15301 AMD Ryzen 5 3500U/8 GB/256 GB SSD/15.6""",0,15,15,8,256,0,15.6,0,399.99,0,3,7,7,1
"Primux IoxBook 15R3A AMD Ryzen 3-3200U/8GB/256GB SSD/15.6""",0,19,57,8,256,0,15.6,0,599.41,0,3,6,7,1
"HP 255 G8 AMD Ryzen 5 5500U/16 GB/512 GB SSD/15.6""",0,9,8,16,512,0,15.6,0,595.01,0,3,7,7,1
"Lenovo IdeaPad Duet 3 Chrome 11Q727 Qualcomm Snapdragon 7c Gen 2/8GB/128GB eMMC/10.95"" Táctil",0,13,56,8,128,1,10.95,1,531.0,5,3,2,7,1
"Lenovo V15 G2 ITL Intel Core i7-1165G7/8GB/512GB SSD/15.6""",0,13,108,8,512,0,15.6,0,709.0,2,3,12,7,1
"ASUS ROG Flow X16 GV601RW-M5041W AMD Ryzen 9 6900HS/32GB/1TB SSD/RTX 3070Ti/16"" Táctil",1,3,87,32,1000,0,16.0,1,3299.0,0,6,9,24,0
"Apple MacBook Pro Intel Core i5/16Gb/512GB SSD/13.3"" Gris Espacial",1,2,66,16,512,0,13.3,0,1302.54,2,3,11,7,1
"Apple Macbook Pro Intel Core i7/16GB/512GB SSD/Radeon Pro 5300M/16"" Plata",1,2,66,16,512,0,16.0,0,1093.69,2,8,12,37,3
"Lenovo Legion Pro 5 16IRX8 Intel Core i7-13700HX/32GB/1TB SSD/RTX 4060/16""",0,13,61,32,1000,0,16.0,0,2199.01,2,6,12,27,0
"ASUS ExpertBook B1 B1402CBA-EB0822X Intel Core i5-1235U/16GB/512GB SSD/14""",0,3,42,16,512,0,14.0,0,811.68,2,3,11,7,1
"Asus VivoBook S15 S533FA-BQ108T Intel Core i5-10210U/8GB/256GB SSD/15.6""",0,3,113,8,256,0,15.6,0,639.0,2,3,11,7,1
"Dell Latitude 5330 Intel Core i7-1265U/16GB/512GB SSD/13.3""",0,5,60,16,512,0,13.3,0,1266.49,2,3,12,7,1
"HP 15S-EQ2085NS AMD Ryzen 5 5500U/8GB/512GB SSD/15.6""",0,9,4,8,512,0,15.6,0,536.48,0,3,7,7,1
"HP 15S-FQ4107NS Intel Core i5-1155G7/8GB/512GB SSD/15.6""",0,9,4,8,512,0,15.6,0,552.0,2,3,11,7,1
PcCom Revolt 4060 Intel Core i7-13700H/16GB/1TB SSD/RTX 4060/15.6,0,18,89,16,1000,0,15.6,0,1799.9,2,6,12,27,0
"Apple Macbook Pro Intel Core i9/32GB/2TB SSD/Radeon Pro 5500M/16"" Gris Espacial",1,2,66,32,2000,0,16.0,0,2755.0,2,8,13,38,3
"HP Pavilion 15-EH1007NS AMD Ryzen 5 5500U/16GB/512GB SSD/15.6""",0,9,79,16,512,0,15.6,0,671.01,0,3,7,7,1
"Microsoft Surface Pro 7 Intel Core i5-1035G4/8GB/256 GB SSD/12.3"" Platino",1,16,96,8,256,0,12.3,0,866.0,2,3,11,7,1
"Samsung Chromebook 4 XE310XBA-K01ES Intel Celeron N4000/4GB/32GB eMMC/11.6""",0,23,26,4,32,1,11.6,0,365.9,2,3,1,7,1
"Acer Extensa 15 EX215-52-53XM Intel Core i5-1035G1/8GB/256GB SSD/15.6""",0,0,43,8,256,0,15.6,0,494.35,2,3,11,7,1
"MSI Prestige 16 A12UD-221XES Intel Core i7-1280P/16GB/1TB SSD/RTX 3050Ti/16"" + M31 Ratón Óptico 3600DPI",0,14,83,16,1000,0,16.0,0,1912.01,2,6,12,22,0
"ASUS VivoBook 17 F1704VA-AU080W Intel Core i5-1335U/16GB/512GB SSD/17.3""",0,3,113,16,512,0,17.3,0,862.19,2,3,11,7,1
"Apple MacBook Pro Intel Core i5/8GB/512GB SSD/13"" Plata",1,2,66,8,512,0,13.0,0,856.08,2,3,11,7,1
"HP 15S-EQ2101NS AMD Ryzen 5 5500U/8GB/256GB SSD/15.6""",0,9,4,8,256,0,15.6,0,478.26,0,3,7,7,1
"HP 15S-EQ2110NS AMD Ryzen 3 5300U/8GB/512GB SSD/15.6""",0,9,4,8,512,0,15.6,0,405.39,0,3,6,7,1
"HP 15S-FQ4102NS Intel Core i7-1195G7/8GB/512GB SSD/15.6""",0,9,4,8,512,0,15.6,0,734.64,2,3,12,7,1
"HP 255 G9 AMD Ryzen 5 5625U/8GB/512 GB SSD/15.6""",0,9,8,8,512,0,15.6,0,507.53,0,3,7,7,1
"Lenovo ThinkBook 13s G4 IAP Intel Core i7-1260P/16GB/512GB SSD/13.3""",0,13,101,16,512,0,13.3,0,1288.19,2,3,12,7,1
"ASUS VivoBook Pro 15 OLED K3500PC-L1293 Intel Core i5-11300H/16 GB/512GB SSD/RTX 3050/15.6""",1,3,113,16,512,0,15.6,0,1099.0,2,6,11,22,0
"Lenovo V15 G3 IAP Intel Core i7-1255U/8GB/512GB SSD/15.6""",0,13,108,8,512,0,15.6,0,903.3,2,3,12,7,1
"Microsoft Surface Pro 9 Platino Intel Evo Core i5-1235U/8GB/256GB SSD/13"" Táctil",0,16,96,8,256,0,13.0,1,1293.93,2,3,11,7,1
"Apple MacBook Air Intel Core i5 1.6GHz/8GB/256GB SSD/13.3"" Retina Plata",1,2,65,8,256,0,13.3,0,655.76,2,3,11,7,1
"Apple MacBook Air Intel Core i5/16GB/512GB SSD/13.3"" Dorado Rosa",1,2,65,16,512,0,13.3,0,884.99,2,3,11,7,1
"Apple MacBook Pro Apple M1/8GB/256GB SSD/13.3"" Gris Espacial",1,2,66,8,256,0,13.3,0,1029.76,1,3,2,7,1
"HP ProBook 430 G5 Intel Core i5-8250U/8GB/256GB SSD/13.3""",1,9,85,8,256,0,13.3,0,413.0,2,3,11,7,1
"Dell Latitude 5530 Intel Core i7-1255U/16GB/512GB SSD/15.6""",0,5,60,16,512,0,15.6,0,1334.21,2,3,12,7,1
"Lenovo ThinkBook 16 G4+ IAP Intel Core i7-1255U/16GB/512GB SSD/16""",0,13,101,16,512,0,16.0,0,1233.38,2,3,12,7,1
"Lenovo V17 G3 IAP Intel Core i5-1235U/16GB/512GB SSD/17.3""",0,13,109,16,512,0,17.3,0,999.62,2,3,11,7,1
"Samsung Chromebook Go Intel Celeron N4500/4GB/64GB eMMC/14""",0,23,26,4,64,1,14.0,0,369.27,2,3,1,7,1
"ASUS ROG Strix G17  G713PV-R97B46CB1 AMD Ryzen 9 7945HX/16GB/1TB SSD/RTX4060/17.3"" (PT)",0,3,87,16,1000,0,17.3,0,2203.07,0,6,9,27,0
"Asus Rog Strix G15 G513QY-HQ008 AMD Ryzen 9 5900HX/16GB/1TB SSD/RX6800M/15.6""",1,3,87,16,1000,0,15.6,0,1248.59,0,3,9,7,1
"Apple MacBook Pro Intel Core i5 1.4GHz/8GB/256GB SSD/13.3"" Gris Espacial",1,2,66,8,256,0,13.3,0,759.2,2,3,11,7,1
"Lenovo ThinkPad P14s Gen 3 Intel Core i7-1260P/32GB/1TB SSD/Quadro T550/14""",0,13,102,32,1000,0,14.0,0,2539.0,2,9,12,43,3
"Acer Aspire 3 A317-53G-54LF Intel Core i5-1135G7/8GB/512GB SSD/MX350/17.3""",1,0,19,8,512,0,17.3,0,713.28,2,3,11,7,1
"HP 15S-fq4015ns Intel Core i5-1155G7/8GB/512GB SSD/15.6""",0,9,4,8,512,0,15.6,0,530.19,2,3,11,7,1
"HP Victus 16-E0069NS AMD Ryzen 5 5600H/8GB/512GB SSD/GTX 1650/16.1""",0,9,112,8,512,0,16.1,0,845.48,0,2,7,5,2
MSI Katana 17 B13VFK-439PT Intel Core i7-13620H/16GB/1TB SSD/RTX 4060/17.3'' (PT),0,14,58,16,1000,0,17.3,0,1927.84,2,6,12,27,0
"ASUS F415EA-EK1464 Intel Core i3-1115G4/8GB/256GB SSD/14""",0,3,45,8,256,0,14.0,0,471.63,2,3,10,7,1
"ASUS VivoBook F515EA-BQ3013W Intel Core i5-1135G7/8GB/512GB/15.6""",0,3,113,8,512,0,15.6,0,527.0,2,3,11,7,1
"Dell Latitude 5430 Intel Core i5-1235U/8GB/256GB SSD/14""",0,5,60,8,256,0,14.0,0,1032.38,2,3,11,7,1
"Lenovo IdeaPad 5 14ALC05 AMD Ryzen 5 5500U/16GB/512 GB SSD/14""",0,13,56,16,512,0,14.0,0,749.0,0,3,7,7,1
"Lenovo V15 G2 ALC AMD Ryzen 5 5500U/8 GB/512GB SSD/15.6""",0,13,108,8,512,0,15.6,0,439.0,0,3,7,7,1
"Lenovo V15 G3 IAP Intel Core i7-1255U/16GB/512GB SSD/15.6""",0,13,108,16,512,0,15.6,0,930.24,2,3,12,7,1
"MSI Katana GF66 12UGS-665XES Intel Core i7-12700H/32GB/1TB SSD/RTX3070Ti/15.6""",1,14,58,32,1000,0,15.6,0,1899.0,2,6,12,24,0
"ASUS ExpertBook B1 B1500CEAE-EJ2824X Intel Core i5-1135G7/8GB/512GB SSD/15.6""",0,3,42,8,512,0,15.6,0,693.0,2,3,11,7,1
"ASUS TUF Dash F15 TUF517ZM-HN078 Intel Core i7-12650H/16GB/512GB SSD/RTX 3060/15.6""",0,3,98,16,512,0,15.6,0,1095.0,2,6,12,23,0
"ASUS VivoBook 13 Slate OLED T3300KA-LQ069W Intel Pentium Silver N6000/8 GB/128GB SSD/13.3"" Táctil",0,3,113,8,128,0,13.3,1,749.99,2,3,5,7,1
"Acer Aspire 5 A514-54G-59FU Intel Core i5-1135G7/8GB/512GB SSD/MX350/14""",0,0,19,8,512,0,14.0,0,769.58,2,3,11,7,1
"Acer Extensa 15 EX215-52-59MA Intel Core i5-1035G1/8GB/256GB SSD/15.6""",0,0,43,8,256,0,15.6,0,531.8,2,3,11,7,1
"Acer Extensa 15 EX215-54-51HW Intel Core i5-1135G7/8GB/256GB SSD/15.6""",0,0,43,8,256,0,15.6,0,529.9,2,3,11,7,1
"Lenovo IdeaPad 3 14ALC6 AMD Ryzen 5 5500U/8 GB/512GB SSD/14""",0,13,56,8,512,0,14.0,0,757.0,0,3,7,7,1
"Lenovo ThinkPad E14 G4 Intel Core i5-1235U/16GB/512GB SSD/14""",0,13,102,16,512,0,14.0,0,1069.0,2,3,11,7,1
"MSI Raider GE78HX 13VH-065ES Intel Core i9-13950HX/32GB/2TB SSD/RTX 4080/17""",0,14,88,32,2000,0,17.0,0,7150.47,2,6,13,29,0
"HP EliteBook x360 1030 G3 Intel Core i5-8250U/8GB/256GB SSD/13.3"" Táctil",1,9,38,8,256,0,13.3,1,620.0,2,3,11,7,1
"Lenovo LOQ 15IRH8-279 Intel Core i5-13500H/16GB/512GB SSD/RTX4060/15.6"" (PT)",0,13,59,16,512,0,15.6,0,1498.33,2,6,11,27,0
"Acer Chromebook 314 CB314-1H-C07W Intel Celeron N4020/8GB/64GB eMMC/14"" + Funda Protectora con Bolsillo Frontal",0,0,26,8,64,1,14.0,0,374.0,2,3,1,7,1
"ASUS TUF Gaming F15 FX506HE-HN012 Intel Core i5-11400H/16 GB/512GB SSD/RTX 3050Ti/15.6""",1,3,98,16,512,0,15.6,0,949.0,2,6,11,22,0
"Apple MacBook Intel Core M3/8GB/256GB/12"" Oro",1,2,67,8,256,0,12.0,0,553.58,2,3,4,7,1
"Dell Latitude 3330 Intel Core i5-1155G7/8 GB/256GB SSD/13.3""",0,5,60,8,256,0,13.3,0,912.0,2,3,11,7,1
"Dell Vostro 5620 Intel Core i5-1240P/16GB/512GB SSD/16""",0,5,115,16,512,0,16.0,0,961.6,2,3,11,7,1
"ASUS ZenBook 14 UM425UAZ-KI016W AMD Ryzen 7 5700U/16GB/512GB SSD/14""",1,3,120,16,512,0,14.0,0,849.0,0,3,8,7,1
"ASUS Zenbook 14 OLED UX3402ZA-KM023W Intel Evo Core i7-1260P/16GB/512GB SSD/14""",0,3,120,16,512,0,14.0,0,1299.0,2,3,12,7,1
"Asus VivoBook S14 S433EA-AM612T Intel Core i7-1165G7/16GB/512GB SSD/14""",1,3,113,16,512,0,14.0,0,799.0,2,3,12,7,1
"ASUS VivoBook 17 F1704VA-AU116W Intel Core i7-1355U/16GB/512GB SSD/17.3""",0,3,113,16,512,0,17.3,0,912.0,2,3,12,7,1
"HP Pavilion 15-EG1008NS Intel Core i7-1195G7/16GB/512GB SSD/15.6""",0,9,79,16,512,0,15.6,0,959.93,2,3,12,7,1
"HP Pavilion x360 14-ek0031ns Intel Core i7-1255U/16GB/512GB SSD/14"" Táctil",0,9,79,16,512,0,14.0,1,1267.58,2,3,12,7,1
"ASUS ZenBook 13 OLED UX325EA Intel Evo Core i7-1165G7/16GB/512GB SSD/13.3""",0,3,120,16,512,0,13.3,0,1016.0,2,3,12,7,1
"Dell Vostro 5320 Intel Evo Core i5-1240P/16GB/512GB SSD/13.3""",0,5,115,16,512,0,13.3,0,1020.24,2,3,11,7,1
"ASUS P1511CEA-BR1796X Intel Core i5-1135G7/8GB/512GB SSD/15.6""",1,3,20,8,512,0,15.6,0,699.0,2,3,11,7,1
"Acer Aspire 3 A315-58-79LA Intel Core i7-1165G7/16GB/512GB SSD/15.6""",1,0,19,16,512,0,15.6,0,586.54,2,3,12,7,1
"Acer Extensa 15 EX215-54-54AL Intel Core i5-1135G7/8GB/256GB SSD/15.6""",0,0,43,8,256,0,15.6,0,709.65,2,3,11,7,1
"Aspire 3 A315-56-35D3 Intel Core i3-1005G1 8GB/512GB SSD/15.6"" (PT)",1,0,19,8,512,0,15.6,0,340.24,2,3,10,7,1
"Asus ROG Zephyrus G14 GA401IU-HA123T AMD Ryzen 9 4900HS/16GB/1TB SSD/GTX 1660 Ti/14""",1,3,87,16,1000,0,14.0,0,1277.64,0,2,9,6,3
"Dynabook Toshiba Tecra A50-J-1BI Intel Core i5-1135G7/8GB/512GB SSD/15.6""",1,7,99,8,512,0,15.6,0,959.0,2,3,11,7,1
"MSI Creator Z17 A12UGST-040ES Intel Core i7-12700H/32GB/1TB SSD/RTX 3070 Ti/17"" Táctil",1,14,29,32,1000,0,17.0,1,3099.0,2,6,12,24,0
"MSI Pulse GL76 12UEK-245XES Intel Core i9-12900H/32GB/1TB SSD/RTX 3060/17.3""",1,14,86,32,1000,0,17.3,0,1999.0,2,6,13,23,0
"ASUS ROG Flow Z13 2022 GZ301ZE-LD183W Intel Core i9-12900H/16GB/1TB SSD/RTX 3050Ti/13.4"" Táctil",1,3,87,16,1000,0,13.4,1,1899.0,2,6,13,22,0
"ASUS ROG Strix G15 G513RM-HQ262 AMD Ryzen 7 6800H/16GB/1TB SSD/RTX 3060/15.6""",1,3,87,16,1000,0,15.6,0,1299.0,0,6,8,23,0
"ASUS TUF Gaming A15 2023 FA507NV-LP031W AMD Ryzen 7 7735HS/16GB/512GB SSD/RTX 4060/15.6"" + Gamepad para Xbox Series Negro",0,3,98,16,512,0,15.6,0,1409.0,0,6,8,27,0
"ASUS ZenBook 14 UM425QA-KI188 AMD Ryzen 5 5600H/16GB/512GB SSD/14""",1,3,120,16,512,0,14.0,0,608.64,0,3,7,7,1
"Acer Nitro 5 AN515-58-7365 Intel Core i7-12700H/16GB/512GB SSD/RTX 3050Ti/15.6""",1,0,73,16,512,0,15.6,0,1299.0,2,6,12,22,0
"Acer Predator Helios 300 PH317-55-74GD Intel Core i7-11800H/16GB/1TB SSD/RTX3060/17.3""",1,0,82,16,1000,0,17.3,0,1498.14,2,6,12,23,0
"Acer Predator Triton 500 SE PT516-51s-77EQ Intel Core i7-11800H/16GB/1TB SSD/RTX 3060/16""",1,0,82,16,1000,0,16.0,0,1106.09,2,6,12,23,0
"Apple MacBook Air Intel Core i5/8GB/256GB SSD/13.3"" Plata",1,2,65,8,256,0,13.3,0,765.33,2,3,11,7,1
"Apple MacBook Intel Core M3/8GB/256GB/12"" Gris Espacial",1,2,67,8,256,0,12.0,0,553.58,2,3,4,7,1
"Apple MacBook Intel Core i5/512GB/12"" Gris Espacial",1,2,67,8,512,0,12.0,0,684.65,2,3,11,7,1
"Apple MacBook Pro Apple M1 Pro/16GB/1TB SSD/14.2"" Plata",1,2,66,16,1000,0,14.2,0,2749.0,1,3,2,7,1
"Apple MacBook Pro Intel Core i5/8GB/256GB SSD/13"" Gris Espacial",1,2,66,8,256,0,13.0,0,815.75,2,3,11,7,1
"Apple MacBook Pro Intel Core i7 2.6GHz/16GB/256GB SSD/Radeon Pro 555X/15.4"" Gris Espacial",1,2,66,16,256,0,15.4,0,1118.25,2,3,12,7,1
"Apple Macbook Pro Intel Core i9/16GB/1TB SSD/Radeon Pro 5500M/16"" Plata",1,2,66,16,1000,0,16.0,0,1924.9,2,8,13,38,3
"Asus TUF Gaming F15 FX506HM-HN014 Intel Core i7-11800H/16GB/1TB SSD/RTX 3060/15.6""",1,3,98,16,1000,0,15.6,0,905.84,2,6,12,23,0
"Asus ZenBook Flip 13 OLED UX363EA-HP525T Intel Core i7-1165G7/16GB/512GB SSD/13.3"" Táctil",1,3,120,16,512,0,13.3,1,1299.0,2,3,12,7,1
"Asus ZenBook S UX393EA-HK003T Intel Evo Core i7-1165G7/16GB/512GB SSD/13.9"" Táctil",1,3,120,16,512,0,13.9,1,1599.0,2,3,12,7,1
"HP 250 G8 Intel Core i5-1135G7/8GB/512GB SSD/15.6"" Plata",1,9,7,8,512,0,15.6,0,566.58,2,3,11,7,1
"HP EliteBook 830 G7 Intel Core i5-10210U/16GB/512GB SSD/13.3""",1,9,38,16,512,0,13.3,0,1329.2,2,3,11,7,1
"HP OMEN 16-c0043ns AMD Ryzen 7 5800H/16GB/512GB SSD/RX 6600M/16.1""",1,9,76,16,512,0,16.1,0,634.34,0,8,8,33,3
"HP Omen 16-B0048NS Intel Core i7-11800H/16GB/1TB SSD/RTX 3060/16.1""",1,9,76,16,1000,0,16.1,0,1447.64,2,6,12,23,0
"HP ProBook 430 G7 8VT57EA Intel Core i7-10510U/16GB/512GB SSD/13.3""",1,9,85,16,512,0,13.3,0,1420.98,2,3,12,7,1
"HP ProBook 640 G3 Intel Core i5-7200U/4GB/500GB/14""",1,9,85,4,500,0,14.0,0,370.01,2,3,11,7,1
"HP Victus 16-E0006NP AMD Ryzen 7 5800H 8GB/512GB/RTX3050/16,1"" (PT)",1,9,112,8,512,0,16.1,0,829.19,0,6,8,22,0
"LG Gram 16Z90Q-G.AP7BB Intel Evo Core i7-1260P/32GB/2TB SSD/16""",1,12,55,32,2000,0,16.0,0,1882.19,2,3,12,7,1
"Lenovo ThinkPad E14 Gen 2 Intel Core i5-1135G7/8GB/256GB SSD/14""",1,13,102,8,256,0,14.0,0,1339.45,2,3,11,7,1
"MSI Creator Pro Z17 A12UMST-202ES Intel Core i7-12700H/32GB/1TB SSD/RTX A5500/17"" Táctil",1,14,29,32,1000,0,17.0,1,4499.0,2,6,12,16,0
MSI GP76 Leopard 10UG-055XPT Intel Core i7-10870H/16GB/1TB SSD/RTX 3070/17.3'' (PT),1,14,62,16,1000,0,17.3,0,1599.0,2,6,12,24,0
"MSI Modern 15 B12M-024XES Intel Core i7-1255U/16GB/512GB SSD/15.6""",1,14,68,16,512,0,15.6,0,807.78,2,3,12,7,1
"MSI Prestige 14 A11SCX-060ES Intel Core i7-1185G7/16GB/1TB SSD/GTX 1650/14""",1,14,83,16,1000,0,14.0,0,1649.0,2,2,12,5,2
"MSI Prestige 14 A12UC-230XES Intel Core i7-1280P/16GB/512GB SSD/RTX3050/14""",1,14,83,16,512,0,14.0,0,1399.0,2,6,12,22,0
"MSI Raider GE67HX 12UGS-023ES Intel Core i9-12900HX/32GB/1TB SSD/RTX 3070Ti/15.6""",1,14,88,32,1000,0,15.6,0,3299.0,2,6,13,24,0
MSI Stealth 15M B12UE-029XPT Intel Core i7-1260P/32GB/1TB SSD/RTX 3060/15.6'' (PT),1,14,92,32,1000,0,15.6,0,1322.09,2,6,12,23,0
"Razer Blade 15 Advanced Model 4K 144Hz Intel Core i9-12900H/32GB/1TB SSD/RTX 3080Ti/15.6""",1,21,22,32,1000,0,15.6,0,4399.99,2,6,13,25,0
"Razer Blade 15 Advanced Model FullHD 360Hz Intel Core i7-12800H/32GB/1TB SSD/RTX 3080Ti/15.6""",1,21,22,32,1000,0,15.6,0,4099.99,2,6,12,25,0
"Samsung Galaxy Book2 Pro 360 Intel Evo Core i7-1260P/16GB/512GB SSD/15.6"" Táctil",1,23,53,16,512,0,15.6,1,1699.0,2,3,12,7,1
"Samsung Galaxy Book3 Pro Intel Evo Core i7-1360P/16GB/512GB SSD/16"" + T7 SSD PCIe NVMe USB 3.2 500GB",0,23,53,16,512,0,16.0,0,2099.0,2,3,12,7,1
"ASUS F515EA-EJ3076W Intel Core i5-1135G7/16GB/512GB SSD/15.6""",0,3,46,16,512,0,15.6,0,720.92,2,3,11,7,1
"Lenovo V15 Gen 2 ITL Intel Core i5-1135G7/16GB/512GB SSD/15.6""",0,13,108,16,512,0,15.6,0,810.81,2,3,11,7,1
"Microsoft Surface Pro 7+ Intel Core i7-1165G7/32GB/1TB SSD/12.3"" Táctil Platino",0,16,96,32,1000,0,12.3,1,2014.58,2,3,12,7,1
"ASUS ExpertBook P1512CEA-EJ0086X Intel Core i5-1135G7/16GB/512GB SSD/15.6""",1,3,42,16,512,0,15.6,0,729.0,2,3,11,7,1
"ASUS F415EA-EK1005W Intel Core i5-1135G7/8GB/512GB SSD/14""",1,3,45,8,512,0,14.0,0,579.0,2,3,11,7,1
"ASUS ROG Zephyrus G14 2022 GA402RJ-L8099W AMD Ryzen 7 6800HS/16GB/1TB SSD/Radeon RX 6700S/14""",1,3,87,16,1000,0,14.0,0,2199.0,0,3,8,7,1
"ASUS ROG Zephyrus G15 GA503RM-HQ079W AMD Ryzen 7 6800HS/16GB/1TB SSD/RTX 3060/15.6""",1,3,87,16,1000,0,15.6,0,2199.0,0,6,8,23,0
"ASUS VivoBook 13 Slate OLED T3300KA-LQ031WS Intel Pentium Silver N6000/4GB/128GB/13.3"" Táctil",1,3,113,4,128,0,13.3,1,561.1,2,3,5,7,1
"ASUS Vivobook F1500EA-EJ2370W Intel Core i7-1165G7/16GB/512GB SSD/15.6""",1,3,113,16,512,0,15.6,0,899.0,2,3,12,7,1
Acer Aspire 5 A515-57 Intel Core i5-1235U/8GB/512GB SSD/15.6'' (PT),1,0,19,8,512,0,15.6,0,477.6,2,3,11,7,1
"Acer Chromebook 314 CB314-1H-C07W Intel Celeron N4020/8GB/64GB eMMC/14""",0,0,26,8,64,1,14.0,0,346.99,2,3,1,7,1
"Acer Chromebook 314 CB314-1H-C24N Intel Celeron N4020/8GB/64GB eMMC/14""",1,0,26,8,64,1,14.0,0,359.0,2,3,1,7,1
"Acer Predator Helios 300 PH315-53-79C2 Intel Core i7-10750H/16GB/1TB SSD/RTX 3080/15.6""",1,0,82,16,1000,0,15.6,0,1999.0,2,6,12,25,0
"Apple MacBook Pro Intel Core i5/8GB/128GB/13"" Gris Espacial",1,2,66,8,128,0,13.0,0,604.0,2,3,11,7,1
"Apple MacBook Pro Touch Bar Intel Core i7/16GB/512GB/15"" Plata",1,2,66,16,512,0,15.0,0,987.15,2,3,12,7,1
"Asus Chromebook Z1500CN-EJ0400 Intel Celeron N3350/8GB/64GB eMMC/15.6""",1,3,26,8,64,1,15.6,0,399.0,2,3,1,7,1
"Asus Zenbook 14 UX425EA-KI359 Intel Core i7-1165G7/16GB/512GB SSD/14""",1,3,120,16,512,0,14.0,0,849.0,2,3,12,7,1
"Dell Latitude 5520 Intel Core i5-1135G7/8 GB/256GB SSD/15.6""",1,5,60,8,256,0,15.6,0,1125.75,2,3,11,7,1
"Dell Latitude 7490 Intel Core i5-8350U/8GB/256GB SSD/14""",1,5,60,8,256,0,14.0,0,699.0,2,3,11,7,1
"Dynabook Toshiba Satellite Pro C50-G-10T Intel Core i7-10510U/16GB/512GB SSD/15.6""",1,7,90,16,512,0,15.6,0,799.0,2,3,12,7,1
"Gigabyte AORUS 17 XE4-73ES514SH Intel Core i7-12700H/16GB/1TB SSD/RTX 3070Ti/17.3""",1,8,18,16,1000,0,17.3,0,2399.0,2,6,12,24,0
"Gigabyte U4 UD-50ES823SD Intel Core i5-1155G7/16GB/512GB SSD/14""",1,8,105,16,512,0,14.0,0,799.0,2,3,11,7,1
"HP 15S-EQ2090NS AMD Ryzen 5 5500U/8GB/512GB SSD/15.6"" + Microsoft 365 Personal 12 Meses Descarga Digital",0,9,4,8,512,0,15.6,0,660.99,0,3,7,7,1
"HP 15S-FQ5013NS Intel Core i5-1235U/8GB/512GB SSD/15.6"" + Microsoft 365 Personal 12 Meses Descarga Digital",0,9,4,8,512,0,15.6,0,760.99,2,3,11,7,1
"HP EliteBook 640 G9 Intel Core i7-1255U/16GB/512GB SSD/14""",1,9,38,16,512,0,14.0,0,1255.73,2,3,12,7,1
"HP EliteBook 650 G9 Intel Core i7-1255U/16GB/512GB SSD/15.6""",1,9,38,16,512,0,15.6,0,1654.05,2,3,12,7,1
"HP EliteBook 840 G7 Intel Core i5-10210U/8GB/256GB SSD/14"" Táctil",1,9,38,8,256,0,14.0,1,1395.03,2,3,11,7,1
"HP ProBook 430 G6 Intel Core i5-8265U/8GB/256GB SSD/13.3""",1,9,85,8,256,0,13.3,0,490.0,2,3,11,7,1
"HP ProBook 440 G6 Intel Core i5-8265U/8GB/256GB SSD/14""",1,9,85,8,256,0,14.0,0,550.01,2,3,11,7,1
"Lenovo ThinkPad T14s Gen 2 Intel Core i5-1135G7/16GB/512GB SSD/14""",1,13,102,16,512,0,14.0,0,1901.48,2,3,11,7,1
"Lenovo ThinkPad T490 Intel Core i5-8265U/8GB/512GB SSD/14"" Táctil",1,13,102,8,512,0,14.0,1,877.63,2,3,11,7,1
"Lenovo ThinkPad T490 Intel Core i7-8565U/16GB/512GB SSD/14""",1,13,102,16,512,0,14.0,0,794.99,2,3,12,7,1
"Lenovo V15 IGL Intel Celeron N4020/8GB/256 GB SSD/15.6""+Microsoft 365 Personal 12 Meses Descarga Digital",0,13,108,8,256,0,15.6,0,411.0,2,3,1,7,1
"MSI Katana GF76 12UD-035ES Intel Core i7-12700H/16 GB/1TB SSD/RTX 3050Ti/17.3""",1,14,58,16,1000,0,17.3,0,1599.0,2,6,12,22,0
"MSI Prestige 14 A10RAS-081ES Intel Core i7-10510U/16GB/1TB SSD/MX330/14""",1,14,83,16,1000,0,14.0,0,1278.99,2,4,12,9,2
"MSI Prestige 15 A12UC-200XES Intel Core i7-1280P/16GB/512GB SSD/RTX 3050/15.6""",1,14,83,16,512,0,15.6,0,1399.0,2,6,12,22,0
"MSI Prestige 16 A12UD-219XES Intel Core i7-1280P/32GB/1TB SSD/RTX 3050Ti/16""",1,14,83,32,1000,0,16.0,0,1375.14,2,6,12,22,0
"MSI Raider GE67HX 12UHS-030ES Intel Core i7-12800HX/32GB/1TB SSD/RTX 3080Ti/15.6""",1,14,88,32,1000,0,15.6,0,3799.0,2,6,12,25,0
"Medion Erazer Deputy P10 MD62132 Intel Core i5-10300H/8GB/512GB SSD/GTX 1660Ti/15.6"" + Crucial SO-DIMM DDR4 8GB 3200MHz",0,15,33,8,512,0,15.6,0,1029.0,2,2,11,6,3
"Razer Blade 15 Advanced Model FullHD 360Hz Intel Core i7-12800H/16GB/1TB SSD/RTX 3070Ti/15.6""",1,21,22,16,1000,0,15.6,0,3299.99,2,6,12,24,0
"Samsung Galaxy Book3 Pro 360 Intel Evo Core i7-1360P/16GB/512GB SSD/16"" Táctil+ T7 SSD PCIe NVMe USB 3.2 500GB",0,23,53,16,512,0,16.0,1,2198.99,2,3,12,7,1
"ASUS  ROG Zephyrus M16 GU604VI-93D47PB1 Intel Core i9-13900H/32GB/1TB SSD/RTX 4070/16"" (PT)",0,3,87,32,1000,0,16.0,0,3456.44,2,6,13,28,0
ASUS ROG Strix SCAR 18 G834JY-93B49PB1 Intel Core i9-13980HX/64GB/2TB SSD/RTX 4090/16'' (PT),0,3,87,64,2000,0,16.0,0,5758.14,2,6,13,30,0
"ASUS ROG Strix Scar 17 G733PZ-R97B48PB1  AMD Ryzen 9 7945HX/32GB/1TB SSD/RTX 4080/17.3"" (PT)",0,3,87,32,1000,0,17.3,0,4753.32,0,6,3,29,0
ASUS ROG Zephyrus G14 GA402RJ AMD Ryzen 7-6800HS/16GB/1TB SSD/RX 6700S/14'' (PT),0,3,87,16,1000,0,14.0,0,1730.15,0,3,8,7,1
HP Laptop 15s-eq2074np AMD Ryzen 5-5500U/12GB/256GB SSD/15.6'' (PT),0,9,4,12,256,0,15.6,0,655.34,0,3,7,7,1
HP OMEN 16-b1002np Intel Core i7-12700H/16GB/1TB SSD/RTX 3060/16.1'' (PT),0,9,76,16,1000,0,16.1,0,1887.39,2,6,12,23,0
HP Victus 16-d1027np Intel Core i5-12500H/8GB/512GB SSD/RTX 3050Ti/16.1'' (PT),0,9,112,8,512,0,16.1,0,1438.68,2,6,11,22,0
"HP 250 G8 Intel Core i7-1165G7/16 GB/512GB SSD/15.6""",0,9,7,16,512,0,15.6,0,1078.0,2,3,12,7,1
"ASUS Chromebook CR1 CR1100CKA-GJ0132 Intel Celeron N4500/4GB/32GB/11.6""",0,3,26,4,32,0,11.6,0,304.82,2,3,1,7,1
"ASUS Chromebook CR1100FKA-BP0024 Intel Celeron N4500/4GB/32GB eMMC/11.6"" Táctil",0,3,26,4,32,1,11.6,1,398.4,2,3,1,7,1
"ASUS Chromebook CX1500CNA-EJ0101 Intel Celeron N3350/8GB/32GB eMMC/15.6""",0,3,26,8,32,1,15.6,0,466.0,2,3,1,7,1
"ASUS Chromebook Flip CX5 CB5400FMA Intel Core i5-1130G7/8GB/256GB SSD/14""",0,3,26,8,256,0,14.0,0,777.0,2,3,11,7,1
"ASUS Chromebook Flip CX5 CB5400FMA Intel Core i7-1160G7/8GB/256GB SSD/14""",0,3,26,8,256,0,14.0,0,918.0,2,3,12,7,1
"ASUS E510MA-EJ617W Intel Celeron N4020/8GB/256GB SSD/15.6""",0,3,35,8,256,0,15.6,0,364.16,2,3,1,7,1
"ASUS ExpertBook B1 B1500CEAE-BQ1856R Intel Core i5-1135G7/8GB/512GB SSD/15.6""",0,3,42,8,512,0,15.6,0,901.99,2,3,11,7,1
"ASUS ExpertBook B1 B1502CBA-EJ0433W Intel Core i3-1215U/8GB/256GB SSD/15.6""",0,3,42,8,256,0,15.6,0,545.0,2,3,10,7,1
"ASUS ExpertBook B5 B5402CBA-EB0316X Intel Core i5-1240P/16GB/512GB SSD/14""",0,3,42,16,512,0,14.0,0,1259.0,2,3,11,7,1
"ASUS ExpertBook B5 B5602CBA-MB0418X Intel Core i5-1240P/16GB/512GB SSD/16""",0,3,42,16,512,0,16.0,0,1238.0,2,3,11,7,1
"ASUS ExpertBook B6 Flip B6602FC2-MH0248X Intel Core i7-12850HX/16GB/512GB SSD/RTX A2000/16"" Táctil",0,3,42,16,512,0,16.0,1,2499.0,2,6,12,14,0
"ASUS ExpertBook B7 Flip B7402FBA-L90012X Intel Core i7-1260P/16GB/512GB SSD/14"" Táctil",0,3,42,16,512,0,14.0,1,2409.49,2,3,12,7,1
"ASUS ExpertBook B7 Flip B7402FBA-L90593X Intel Core i5-1240P/16GB/512GB SSD/14"" Táctil",0,3,42,16,512,0,14.0,1,1703.0,2,3,11,7,1
"ASUS ExpertBook B7 Flip B7402FEA-LA0136R Intel Core i7-1195G7/16GB/512GB SSD/14"" Táctil",0,3,42,16,512,0,14.0,1,1902.0,2,3,12,7,1
"ASUS ExpertBook P1512CEA-EJ0286X Intel Core i7-1165G7/16GB/512GB SSD/15.6""",0,3,42,16,512,0,15.6,0,937.54,2,3,12,7,1
"ASUS Expertbook B9400CBA-KC0029X Intel Core i7-1255U/16GB/1TB SSD/14""",0,3,42,16,1000,0,14.0,0,1759.0,2,3,12,7,1
"ASUS F1500EA-BQ3064 Intel Core i5-1135G7/8GB/512GB SSD/15.6""",0,3,113,8,512,0,15.6,0,544.58,2,3,11,7,1
"ASUS F1500EA-BQ3075 Intel Core i5-1135G7/16GB/512GB SSD/15.6""",0,3,113,16,512,0,15.6,0,729.78,2,3,11,7,1
"ASUS F1500EA-EJ3532 Intel Core i3-1115G4/8GB/256GB SSD/15.6""",0,3,113,8,256,0,15.6,0,460.63,2,3,10,7,1
"ASUS F415EA-EK1464 Intel Core i3-1115G4/8 GB/256GB SSD/14""",0,3,45,8,256,0,14.0,0,457.07,2,3,10,7,1
"ASUS F515EA-BQ1154W Intel Core i5-1135G7/8GB/512GB SSD/15.6""",0,3,46,8,512,0,15.6,0,613.91,2,3,11,7,1
"ASUS F515EA-BQ1859W Intel Core i3-1115G4/8GB/256GB SSD/15.6""",0,3,46,8,256,0,15.6,0,570.43,2,3,10,7,1
"ASUS F515EA-EJ2640W Intel Core i3-1115G4/8GB/256GB SSD/15.6""",0,3,46,8,256,0,15.6,0,424.96,2,3,10,7,1
"ASUS Laptop F515EA i7-1165G7 8GB/512GB SSD/15.6"" (PT)",0,3,46,8,512,0,15.6,0,942.08,2,3,12,7,1
ASUS M515DA AMD Ryzen 3 3250U/8GB/256GB SSD/15.6'' (PT),0,3,63,8,256,0,15.6,0,595.72,0,3,6,7,1
"ASUS P1511CEA-BR1794X Intel Core i3-1115G4/8GB/256GB SSD/15.6""",0,3,20,8,256,0,15.6,0,609.15,2,3,10,7,1
"ASUS P1511CEA-EJ1795X Intel Core i7-1165G7/8GB/512GB SSD/15.6""",0,3,78,8,512,0,15.6,0,840.24,2,3,12,7,1
"ASUS P1511CEA-EJ791R Intel Core i7-1165G7/8GB/512GB SSD/15.6""",0,3,78,8,512,0,15.6,0,853.63,2,3,12,7,1
"ASUS ROG Flow X13 GV301QC-K6120T AMD Ryzen 9 5980HS/32GB/1TB SSD/RTX 3050/13.4"" Táctil",0,3,87,32,1000,0,13.4,1,3943.37,0,6,9,22,0
"ASUS ROG Flow X13 GV301RC-LJ076W AMD Ryzen 7 6800HS/16GB/1TB SSD/RTX 3050/13.4"" Táctil",0,3,87,16,1000,0,13.4,1,2086.72,0,6,8,22,0
"ASUS ROG Flow X13 GV301RE-LJ057W AMD Ryzen 9 6900HS/32GB/1TB SSD/RTX 3050Ti/13.4"" Táctil",0,3,87,32,1000,0,13.4,1,3834.15,0,6,9,22,0
ASUS ROG Strix G15 G513IE AMD Ryzen 7 4800H/16GB/512GB SSD/RTX 3050/15.6'' (PT),0,3,87,16,512,0,15.6,0,1036.46,0,6,8,22,0
ASUS ROG Strix G15 G513IM AMD Ryzen 7 4800H/16GB/512GB SSD/RTX3060/15.6'' (PT),0,3,87,16,512,0,15.6,0,1411.19,0,6,8,23,0
"ASUS ROG Strix G15 G513RC-HN180 AMD Ryzen 7 6800H/16GB/512GB SSD/RTX 3050/15.6""",0,3,87,16,512,0,15.6,0,909.99,0,6,8,22,0
"ASUS ROG Strix G15 G513RW-HQ133 AMD Ryzen 9 6900HX/32GB/1TB SSD/RTX3070Ti/15.6""",0,3,87,32,1000,0,15.6,0,2535.45,0,6,9,24,0
ASUS ROG Strix G17 G713RM AMD Ryzen 7 6800H/16GB/1TB SSD/RTX3060/17.3'' (PT),0,3,87,16,1000,0,17.3,0,1455.4,0,6,8,23,0
"ASUS ROG Strix Scar 17  G733PY-R97B49PB1 AMD Ryzen™ 9 7945HX/32GB/2TB SSD/RTX 4090/17.3"" (PT)",0,3,87,32,2000,0,17.3,0,5630.9,0,6,3,30,0
"ASUS TUF Gaming A15 2013 TUF507NU-LP036 AMD Ryzen 7 7735HS/16GB/512GB SSD/RTX 4050/15.6""",0,3,98,16,512,0,15.6,0,1175.01,0,6,8,26,0
ASUS TUF Gaming A15 FA506QM AMD Ryzen 7 5800H/8GB/512GB SSD/RTX 3060/15.6'' (PT),0,3,98,8,512,0,15.6,0,1122.26,0,6,8,23,0
"ASUS TUF Gaming A15 FA507RF-R76B25CS1 AMD Ryzen 7 6800HS/16GB/512GB SSD/RTX 2050/15.6"" (PT)",0,3,98,16,512,0,15.6,0,1106.48,0,6,8,17,0
"ASUS TUF Gaming F15 TUF506HF-HN012 Intel Core i5-11400H/16GB/512GB SSD/RTX 2050/15.6""",0,3,98,16,512,0,15.6,0,809.9,2,6,11,17,0
"ASUS TUF Gaming F15 TUF507ZU4-LP110 Intel Core i7-12700H/16GB/512GB SSD/RTX 4050/15.6""",0,3,98,16,512,0,15.6,0,1265.01,2,6,12,26,0
ASUS TUF Gaming FX506HF-51B25PS1 Intel Core i5-11400H/8GB/512GB SSD/RTX 2050/15.6'' (PT),0,3,98,8,512,0,15.6,0,946.7,2,6,11,17,0
"ASUS VivoBook 15 F1500EA-EJ3095W Intel Core i3-1115G4/8GB/256GB SSD/15.6""",0,3,113,8,256,0,15.6,0,389.0,2,3,10,7,1
"ASUS VivoBook 15 F1500EA-EJ3431W Intel Core i5-1135G7/16GB/512GB SSD/15.6""",0,3,113,16,512,0,15.6,0,804.7,2,3,11,7,1
"ASUS VivoBook F1500EA-BQ2363 Intel Core i5-1135G7/8GB/512GB SSD/15.6""",0,3,113,8,512,0,15.6,0,648.97,2,3,11,7,1
"ASUS VivoBook F1605PA-MB127W Intel Core i5-11300H/16GB/512GB SSD/16""",0,3,113,16,512,0,16.0,0,698.44,2,3,11,7,1
"ASUS VivoBook F515EA-BQ3013X Intel Core i5-1135G7/8GB/512GB SSD/15.6""",0,3,113,8,512,0,15.6,0,666.37,2,3,11,7,1
"ASUS VivoBook F515EA-EJ3061 Intel Core i7-1165G7/8GB/512GB SSD/15.6""",0,3,113,8,512,0,15.6,0,568.19,2,3,12,7,1
"ASUS VivoBook Go 14 Flip TP1400KA-BZ117WS Intel Celeron N4500/4GB/128GB eMMC/14"" Táctil",0,3,113,4,128,1,14.0,1,557.73,2,3,1,7,1
"ASUS VivoBook Pro 15 OLED M6500QC-L1081W AMD Ryzen 5 5600H/16GB/512GB SSD/RTX 3050/15.6""",0,3,113,16,512,0,15.6,0,1016.0,0,6,7,22,0
"ASUS VivoBook Pro 16X OLED N7600ZE-L2015W Intel Core i7-12700H/16GB/512GB SSD/RTX 3050 Ti/16""",0,3,113,16,512,0,16.0,0,1745.11,2,6,12,22,0
"ASUS VivoBook S 15 OLED K3502ZA-MA115W Intel Core i5-12500H/16GB/512GB SSD/15.6""",0,3,113,16,512,0,15.6,0,1212.25,2,3,11,7,1
"ASUS Vivobook Go E1504FA-BQ202W AMD Ryzen 3 7320U/8GB/256GB SSD/Radeon 610M/15.6""",0,3,113,8,256,0,15.6,0,563.23,0,0,6,0,3
ASUS Vivobook K513EP-51BM3SB2 Intel Core i5-1135G7/8GB/512GB SSD/MX330/15.6'' (PT),0,3,113,8,512,0,15.6,0,867.0,2,4,11,9,2
"ASUS Vivobook M1503IA AMD Ryzen 7 4800H/16GB/512GB SSD/15.6"" (PT)",0,3,113,16,512,0,15.6,0,1035.84,0,3,8,7,1
"ASUS ZenBook 14 OLED UM3402YA-KM464WS AMD Ryzen 5 7530U/16GB/512GB SSD/14""",0,3,120,16,512,0,14.0,0,955.0,0,3,7,7,1
"ASUS ZenBook 14 OLED UX3402VA-KM004W Intel Evo Core i5-1340P/16GB/512GB SSD/14""",0,3,120,16,512,0,14.0,0,1205.99,2,3,11,7,1
"ASUS ZenBook 14 OLED UX3402ZA-KM214 Intel Core i5-1240P/16GB/512GB SSD/14""",0,3,120,16,512,0,14.0,0,959.91,2,3,11,7,1
"ASUS ZenBook 14 UM3402YA-KP272W AMD Ryzen 5 5625U/16GB/512GB SSD/14""",0,3,120,16,512,0,14.0,0,868.74,0,3,7,7,1
"ASUS ZenBook 14X OLED UM5401QA-L7207W AMD Ryzen 7 5800H/16GB/512GB SSD/14""",0,3,120,16,512,0,14.0,0,1078.65,0,3,8,7,1
"ASUS ZenBook Flip 13 OLED UX363EA-HP931W Intel Core i7-1165G7/16GB/512GB SSD/13.3"" Táctil",0,3,120,16,512,0,13.3,1,1238.18,2,3,12,7,1
"Acer Aspire 3 A315-34 Intel Celeron N4000/8GB/128GB SSD/15.6""",0,0,19,8,128,0,15.6,0,486.0,2,3,1,7,1
"Acer Aspire 3 A315-58-72WT Intel Core i7-1165G7/8GB/512GB SSD/15.6""",0,0,19,8,512,0,15.6,0,706.2,2,3,12,7,1
"Acer Aspire 3 A317-53 Intel Core i3-1115G4/8GB/512GB SSD/17.3""",0,0,19,8,512,0,17.3,0,707.69,2,3,10,7,1
"Acer Aspire 5 A515-45 AMD Ryzen 5 5500U/8GB/512GB SSD/15.6""",0,0,19,8,512,0,15.6,0,854.93,0,3,7,7,1
"Acer Chromebook 515 CB515-1W Intel Core i5-1135G7/8GB/256GB SSD/15.6""",0,0,26,8,256,0,15.6,0,698.0,2,3,11,7,1
"Acer Chromebook 713 CP713-2W Intel Core i3-10110U/8GB/128GB eMMC/13.5""",0,0,26,8,128,1,13.5,0,792.55,2,3,10,7,1
"Acer Chromebook Spin 513 Qualcomm Snapdragon SC7180/8GB/64GB eMMC/13.3"" Táctil",0,0,26,8,64,1,13.3,1,602.66,5,3,2,7,1
"Acer Chromebook Spin 514 CP514-2H-53KM Intel Core i5-1130G7/8GB/256GB SSD/14"" Táctil",0,0,26,8,256,0,14.0,1,999.0,2,3,11,7,1
"Acer ConceptD 3 CN315-72-5762 Intel Core i5-10300H/8GB/512GB SSD/15.6""",0,0,28,8,512,0,15.6,0,1121.0,2,3,11,7,1
"Acer ConceptD 3 CN315-72G Intel Core i5-10300H/8GB/512GB SSD/GTX 1650/15.6""",0,0,28,8,512,0,15.6,0,1349.0,2,2,11,5,2
"Acer ConceptD 3 Ezel CC314-73G-73NV Intel Core i7-11800H/16GB/512GB SSD/RTX 3050 Ti/14"" Táctil",0,0,28,16,512,0,14.0,1,2461.21,2,6,12,22,0
"Acer ConceptD 3 Ezel Pro CC314-73P-7407 Intel Core i7-11800H/16GB/1TB SSD/T1200/14"" Táctil",0,0,28,16,1000,0,14.0,1,2516.82,2,9,12,40,3
"Acer ConceptD 3 Pro CN314-73P-73M6 Intel Core i7-11800H/16GB/1TB SSD/T1200/14""",0,0,28,16,1000,0,14.0,0,2119.0,2,9,12,40,3
"Acer Enduro EN715-51W Intel Core i5-8250U/8GB/512GB SSD/15.6""",0,0,39,8,512,0,15.6,0,3442.0,2,3,11,7,1
"Acer Extensa 15 EX215-22 AMD Ryzen 3 3250U/8GB/256GB SSD/15.6""",0,0,43,8,256,0,15.6,0,371.0,0,3,6,7,1
"Acer Extensa 15 EX215-22-R32C AMD Ryzen 5 3500U/8GB/512GB SSD/15.6""",0,0,43,8,512,0,15.6,0,491.13,0,3,7,7,1
"Acer Extensa 15 EX215-22-R6F9 AMD Ryzen 5 3500U/8GB/256GB SSD/15.6""",0,0,43,8,256,0,15.6,0,473.0,0,3,7,7,1
"Acer Extensa 15 EX215-22-R7D2 AMD Ryzen 3 3250U/8GB/256GB SSD/15.6""",0,0,43,8,256,0,15.6,0,479.0,0,3,6,7,1
"Acer Extensa 15 EX215-52-330L Intel Core i3-1005G1/8GB/256GB SSD/15.6""",0,0,43,8,256,0,15.6,0,616.33,2,3,10,7,1
"Acer Extensa 15 EX215-52-519J Intel Core i5-1035G1/8GB/512GB SSD/15.6""",0,0,43,8,512,0,15.6,0,666.44,2,3,11,7,1
"Acer Extensa 15 EX215-53G-56MT Intel Core i5-1035G1/8GB/256GB SSD/MX330/15.6""",0,0,43,8,256,0,15.6,0,689.08,2,4,11,9,2
"Acer Extensa 15 EX215-54-34HR Intel Core i3-1115G4/8GB/256GB SSD/15.6""",0,0,43,8,256,0,15.6,0,481.6,2,3,10,7,1
"Acer Extensa 15 EX215-54-50UV Intel Core i5-1135G7/8GB/512GB SSD/15.6""",0,0,43,8,512,0,15.6,0,541.55,2,3,11,7,1
"Acer TravelMate P2 Intel Core i5-1135G7/8GB/512GB SSD/14""",0,0,104,8,512,0,14.0,0,803.61,2,3,11,7,1
"Acer TravelMate P2 P214-53-593J Intel Core i5-1135G7/16GB/512GB SSD/14""",0,0,104,16,512,0,14.0,0,709.81,2,3,11,7,1
"Acer TravelMate P2 P215-53-54GL Intel Core i5-1135G7/8GB/512GB SSD/15.6""",0,0,104,8,512,0,15.6,0,789.84,2,3,11,7,1
"Acer TravelMate P2 TMP214-52-77KP Intel Core i7-10510U/8GB/512GB SSD/14""",0,0,104,8,512,0,14.0,0,714.29,2,3,12,7,1
"Acer TravelMate P2 TMP215-53 Intel Core i5-1135G7/8GB/256GB SSD/15.6""",0,0,104,8,256,0,15.6,0,691.97,2,3,11,7,1
"Acer TravelMate TMP215-52 Intel Core i3-10110U/8GB/256GB SSD/15.6""",0,0,104,8,256,0,15.6,0,547.19,2,3,10,7,1
"Asus ROG Strix SCAR 17 G733QS-K4016T AMD Ryzen 9 5900HX/32GB/1TB SSD/RTX 3080/17.3""",1,3,87,32,1000,0,17.3,0,2052.74,0,6,9,25,0
Asus TUF Gaming A15 FA507RR AMD Ryzen 7 6800H/16GB/512GB SSD/RTX 3070/15.6'' (PT),0,3,98,16,512,0,15.6,0,1454.12,0,6,8,24,0
"Asus VivoBook F515EA-BR283T Intel Core i3-1115G4/8GB/256GB SSD/15.6""",0,3,113,8,256,0,15.6,0,499.0,2,3,10,7,1
"Asus VivoBook S413FA-EB560T Intel Core i5-10210U/8GB/256GB SSD/14""",0,3,113,8,256,0,14.0,0,686.45,2,3,11,7,1
"Asus Vivobook S 15 OLED M3502QA-MA103W AMD Ryzen 7 5800H/16GB/512GB SSD/15.6""",0,3,113,16,512,0,15.6,0,1422.0,0,3,8,7,1
"Asus ZenBook 14 Ultralight UX435EAL-KC096T Intel Evo Core i7-1165G7/16GB/512GB SSD+32GB Intel Optane/14""",0,3,106,16,32,0,14.0,0,1349.0,2,3,12,7,1
"ConceptD 7 Ezel Pro CC715-72P-77J7 Intel Core i7-11800H/32GB/1TB SSD/RTX A3000/15.6"" Táctil",0,0,28,32,1000,0,15.6,1,2595.0,2,6,12,15,0
"Deep Gaming Nubian 15 Intel Core i7-13700H/32 GB/1TB SSD/RTX 3050/15.6""",0,4,75,32,1000,0,15.6,0,1409.0,2,6,12,22,0
"Deep Gaming Nubian 15 Intel Core i7-13700H/32GB/1TB SSD/RTX 3050/15.6""",0,4,75,32,1000,0,15.6,0,1334.0,2,6,12,22,0
"Deep Gaming Nubian 15 Intel Core i7-13700H/32GB/2TB SSD/RTX 3050/15.6""",0,4,75,32,2000,0,15.6,0,1525.0,2,6,12,22,0
"Deep Gaming Nubian 15 Intel Core i7-13700H/64GB/1TB SSD/RTX 3050/15.6""",0,4,75,64,1000,0,15.6,0,1497.0,2,6,12,22,0
"Deep Gaming Nubian 15 Intel Core i7-13700H/64GB/2TB SSD/RTX 3050/15.6""",0,4,75,64,2000,0,15.6,0,1615.0,2,6,12,22,0
"Deep Gaming Nubian 17 Intel Core i7-13700H/32 GB/1TB SSD/RTX 3050/17.3""",0,4,75,32,1000,0,17.3,0,1475.0,2,6,12,22,0
"Deep Gaming Nubian 17 Intel Core i7-13700H/64GB/1TB SSD/RTX 3050/17.3""",0,4,75,64,1000,0,17.3,0,1639.01,2,6,12,22,0
"Dell Latitude 3320 Intel Core i7-1165G7/8GB/512GB SSD/13.3""",0,5,60,8,512,0,13.3,0,1259.59,2,3,12,7,1
"Dell Latitude 3330 Intel Core i5-1155G7/8GB/256GB SSD/13.3""",0,5,60,8,256,0,13.3,0,1044.74,2,3,11,7,1
"Dell Latitude 3410 Intel Core i7-10510U/8GB/256GB SSD/14""",0,5,60,8,256,0,14.0,0,1177.9,2,3,12,7,1
"Dell Latitude 3420 Intel Core i5-1135G7/16 GB/512GB SSD/14"" (PT)",0,5,60,16,512,0,14.0,0,1237.85,2,3,11,7,1
"Dell Latitude 3420 Intel Core i5-1135G7/16GB/512GB SSD/14""",0,5,60,16,512,0,14.0,0,1091.0,2,3,11,7,1
Dell Latitude 3520 Intel Core i5-1135G7/8GB/256GB SSD/15.6'' (PT),0,5,60,8,256,0,15.6,0,915.78,2,3,11,7,1
"Dell Latitude 3520 Intel Core i7-1165G7/16GB/512GB SSD/15.6"" (PT)",0,5,60,16,512,0,15.6,0,1383.44,2,3,12,7,1
"Dell Latitude 5320 Intel Core i5-1135G7/8 GB/256GB SSD/13.3""",0,5,60,8,256,0,13.3,0,1231.71,2,3,11,7,1
"Dell Latitude 5330 Intel Core i5-1235U/8GB/256GB SSD/13.3""",0,5,60,8,256,0,13.3,0,1007.0,2,3,11,7,1
"Dell Latitude 5520 Intel Core i5-1135G7/8GB/256GB SSD/15.6""",0,5,60,8,256,0,15.6,0,2450.71,2,3,11,7,1
"Dell Latitude 5530 Intel Core i5-1235U/8GB/256GB SSD/15.6""",0,5,60,8,256,0,15.6,0,1040.55,2,3,11,7,1
"Dell Latitude 5540 Intel Core i5-1335U/8GB/256GB SSD/15.6""",0,5,60,8,256,0,15.6,0,1307.01,2,3,11,7,1
"Dell Latitude 7430 Intel Core i5-1235U/16GB/512GB SSD/14""",0,5,60,16,512,0,14.0,0,1463.4,2,3,11,7,1
"Dell Latitude 7430 Intel Core i7-1255U/16GB/512GB SSD/14""",0,5,60,16,512,0,14.0,0,1637.09,2,3,12,7,1
"Dell Latitude 7520 Intel Core i7-1185G7/16GB/512GB SSD/15.6""",0,5,60,16,512,0,15.6,0,2033.25,2,3,12,7,1
"Dell Latitude 7530 Intel Core i5-1235U/16GB/512GB SSD/15.6""",0,5,60,16,512,0,15.6,0,1365.1,2,3,11,7,1
"Dell Latitude 7530 Intel Core i5-1235U/16GB/512GB SSD/15.6"" (PT)",0,5,60,16,512,0,15.6,0,1675.2,2,3,11,7,1
"Dell Latitude 7530 Intel Core i7-1255U/16GB/512GB SSD/15.6""",0,5,60,16,512,0,15.6,0,1715.18,2,3,12,7,1
"Dell Precision 3560 Intel Core i5-1135G7/8 GB/256GB SSD/15.6""",0,5,81,8,256,0,15.6,0,1190.0,2,3,11,7,1
"Dell Precision 3560 Intel Core i5-1135G7/8 GB/512GB SSD/Quadro T500/15.6""",0,5,81,8,512,0,15.6,0,1848.46,2,9,11,42,3
"Dell Precision 5470 Intel Core i7-12800H/16GB/512GB SSD/RTX A1000/14""",0,5,81,16,512,0,14.0,0,3469.0,2,6,12,13,0
"Dell Precision 5770 Intel Core i7-12700H/16GB/512GB SSD/RTX A2000/17"" Táctil",0,5,81,16,512,0,17.0,1,3936.0,2,6,12,14,0
"Dell Vostro 3400 Intel Core i5-1135G7/8GB/512GB SSD/14""",0,5,115,8,512,0,14.0,0,926.63,2,3,11,7,1
"Dell Vostro 3420 Intel Core i5-1135G7/8 GB/256GB SSD/14""",0,5,115,8,256,0,14.0,0,717.0,2,3,11,7,1
"Dell Vostro 3500 Intel Core i3-1115G4/8GB/256GB SSD/15.6""",0,5,115,8,256,0,15.6,0,930.16,2,3,10,7,1
"Dell Vostro 3501 Intel Core i3-1005G1/4 GB/256GB SSD/15.6""",0,5,115,4,256,0,15.6,0,600.68,2,3,10,7,1
"Dell Vostro 3501 Intel Core i3-1005G1/8GB/256GB SSD/15.6""",0,5,115,8,256,0,15.6,0,688.88,2,3,10,7,1
"Dell Vostro 3510 Intel Core i5-1035G1/8GB/256GB SSD/15.6""",0,5,115,8,256,0,15.6,0,1289.17,2,3,11,7,1
"Dell Vostro 5320 Intel Evo Core i5-1240P/8GB/256GB SSD/13.3""",0,5,115,8,256,0,13.3,0,919.0,2,3,11,7,1
"Dell Vostro 5510 Intel Core i5-11300H/8GB/256GB SSD/15.6""",0,5,115,8,256,0,15.6,0,1091.08,2,3,11,7,1
"Dell Vostro 5515 AMD Ryzen 5 5500U/8GB/256GB SSD/15.6""",0,5,115,8,256,0,15.6,0,1895.48,0,3,7,7,1
"Dell Vostro 5620 Intel Core i5-1240P/8GB/256GB SSD/16""",0,5,115,8,256,0,16.0,0,887.87,2,3,11,7,1
Dell XPS 15 9520 Intel Core i7-12700H/16GB RAM/1TB SSD/RTX 3050 Ti/15.6'' (PT),0,5,117,16,1000,0,15.6,0,3012.09,2,6,12,22,0
"Dell XPS 15 9520 Intel Core i7-12700H/32GB/1TB SSD/RTX3050 Ti/15.6"" Táctil",1,5,117,32,1000,0,15.6,1,2818.09,2,6,12,22,0
"Dynabook Portégé X30-F-15T Intel Core i5-8265U/8GB/256GB SSD/13.3""",0,7,80,8,256,0,13.3,0,1369.87,2,3,11,7,1
"Dynabook Toshiba Portégé X30W-J-10P Intel Core i5-1135G7/16GB/512GB SSD/13.3"" Táctil",0,7,80,16,512,0,13.3,1,1323.11,2,3,11,7,1
"Dynabook Toshiba Portégé X30W-J-148 Intel Core i5-1135G7/16GB/512GB SSD/13.3"" Táctil",0,7,80,16,512,0,13.3,1,1779.99,2,3,11,7,1
"Dynabook Toshiba Portégé X30W-K-114 Intel Core i5-1240P/16GB/512GB SSD/13.3"" Táctil",0,7,80,16,512,0,13.3,1,1581.0,2,3,11,7,1
"Dynabook Toshiba Satellite Pro A50-F-107 Intel Core i3-8145U/8GB/256GB SSD/15.6""",0,7,90,8,256,0,15.6,0,734.64,2,3,10,7,1
"Dynabook Toshiba Satellite Pro C50-H-10C Intel Core i3-1005G1/8GB/512GB SSD/15.6""",1,7,90,8,512,0,15.6,0,397.29,2,3,10,7,1
"Dynabook Toshiba Tecra A50-J-13Y Intel Core i5-1135G7/8GB/512GB SSD/15.6""",0,7,99,8,512,0,15.6,0,1093.01,2,3,11,7,1
"Gigabyte AERO 15 OLED YD-73ES624SP Intel Core i7-11800H/16GB/1TB SSD/RTX 3080/15.6""",0,8,14,16,1000,0,15.6,0,2835.19,2,6,12,25,0
"Gigabyte AERO 16 XE5-73PT938HP Intel Core i7-12700H/16GB/2TB SSD/RTX 3070Ti/16"" (PT)",0,8,14,16,2000,0,16.0,0,2317.0,2,6,12,24,0
"Gigabyte AERO 17 XE5-73PT738HP Intel Core i7-12700H/16GB/2TB SSD/RTX 3070Ti/17.3"" (PT)",0,8,14,16,2000,0,17.3,0,2228.59,2,6,12,24,0
"Gigabyte AORUS 15 XE4-73ESB14SH Intel Core i7-12700H/16GB/1TB SSD/RTX 3070Ti/15.6""",0,8,18,16,1000,0,15.6,0,2299.0,2,6,12,24,0
"Gigabyte AORUS 15X ASF-83ES654SH Intel Core i7-13700HX/16GB/1TB SSD/RTX 4070/15.6""",0,8,18,16,1000,0,15.6,0,2511.0,2,6,12,28,0
"Gigabyte AORUS 17G KD-72ES325SD Intel Core i7-11800H/16GB/512GB SSD/RTX 3060/17.3""",0,8,18,16,512,0,17.3,0,1552.82,2,6,12,23,0
"Gigabyte AORUS 17H BXF-74ES554SH Intel Core i7-13700H/16GB/1TB SSD/RTX 4080/17.3""",0,8,18,16,1000,0,17.3,0,2532.38,2,6,12,29,0
"Gigabyte AORUS 5 SE4-73PT213SH Intel Core i7-12700H/16GB/512GB SSD/RTX 3070Ti/15.6"" (PT)",0,8,18,16,512,0,15.6,0,1878.04,2,6,12,24,0
"Gigabyte G7 GD-51PT123SD Intel Core i5-11400H/16GB/512GB SSD/RTX 3050/17.3"" (PT)",0,8,50,16,512,0,17.3,0,1376.02,2,6,11,22,0
"Gigabyte U4 UD-50ES823SO Intel Core i5-1155G7/16GB/512GB SSD/14""",1,8,105,16,512,0,14.0,0,899.0,2,3,11,7,1
"HP 15-DW3009NS Intel Core i5-1135G7/8GB/256GB SSD/MX350/15.6""",0,9,50,8,256,0,15.6,0,684.93,2,3,11,7,1
"HP 15S-EQ1133NS AMD 3020e/4GB/256GB SSD/15.6""",0,9,4,4,256,0,15.6,0,355.01,0,3,3,7,1
"HP 15S-EQ1142NS AMD 3020e/4GB/128GB SSD/15.6""",0,9,4,4,128,0,15.6,0,367.34,0,3,3,7,1
"HP 15S-EQ1157NS AMD Athlon Silver 3050U/8GB/256GB SSD/15.6""",0,9,4,8,256,0,15.6,0,459.99,0,3,0,7,1
"HP 15S-EQ1161NS AMD Athlon Silver 3050U/8GB/256GB SSD/15.6""",0,9,4,8,256,0,15.6,0,377.0,0,3,0,7,1
"HP 15S-EQ2094NS AMD Ryzen 5 5500U/8GB/256GB SSD/15.6""",0,9,4,8,256,0,15.6,0,478.45,0,3,7,7,1
"HP 15S-EQ2098NS AMD Ryzen 3 5300U/8GB/256GB SSD/15.6""",0,9,4,8,256,0,15.6,0,581.01,0,3,6,7,1
"HP 15S-EQ2099NS AMD Ryzen 3 5300U/8GB/512GB SSD/15.6""",0,9,4,8,512,0,15.6,0,593.11,0,3,6,7,1
"HP 15S-EQ2100NS AMD Ryzen 3 5300U/8GB/512GB SSD/15.6""",0,9,4,8,512,0,15.6,0,586.66,0,3,6,7,1
"HP 15S-EQ2102NS AMD Ryzen 5 5500U/8GB/256GB SSD/15.6""",0,9,4,8,256,0,15.6,0,594.22,0,3,7,7,1
"HP 15S-EQ2103NS AMD Ryzen 5 5500U/8GB/512GB SSD/15.6""",0,9,4,8,512,0,15.6,0,709.65,0,3,7,7,1
"HP 15S-EQ2104NS AMD Ryzen 5 5500U/8GB/512GB SSD/15.6""",0,9,4,8,512,0,15.6,0,554.0,0,3,7,7,1
"HP 15S-EQ2105NS AMD Ryzen 7 5700U/12GB/512GB SSD/15.6""",0,9,4,12,512,0,15.6,0,716.14,0,3,8,7,1
"HP 15S-EQ2106NS AMD Ryzen 7 5700U/12GB/512GB SSD/15.6""",0,9,4,12,512,0,15.6,0,673.37,0,3,8,7,1
"HP 15S-EQ2113NS AMD Ryzen 7 5700U/8GB/256GB SSD/15.6""",0,9,4,8,256,0,15.6,0,600.57,0,3,8,7,1
"HP 15S-EQ2114NS AMD Ryzen 7 5700U/8GB/512GB SSD/15.6""",0,9,4,8,512,0,15.6,0,614.0,0,3,8,7,1
"HP 15S-EQ2125NS AMD Ryzen 7 5700U/8GB/512GB SSD/15.6""",0,9,4,8,512,0,15.6,0,601.33,0,3,8,7,1
"HP 15S-EQ2130NS AMD Ryzen 5 5500U/8GB/512GB SSD/15.6""",0,9,4,8,512,0,15.6,0,652.92,0,3,7,7,1
"HP 15S-EQ2134NS AMD Ryzen 5 5500U/8GB/512GB SSD/15.6""",0,9,4,8,512,0,15.6,0,538.98,0,3,7,7,1
"HP 15S-FQ0023NS Intel Celeron N4120/8GB/256GB SSD/15.6""",0,9,4,8,256,0,15.6,0,335.28,2,3,1,7,1
"HP 15S-FQ2029NS Intel Core i5-1135G7/8GB/512GB SSD/15.6""",0,9,4,8,512,0,15.6,0,885.9,2,3,11,7,1
"HP 15S-FQ2134NS Intel Core i3-1115G4/8GB/512GB SSD/15.6""",0,9,4,8,512,0,15.6,0,451.46,2,3,10,7,1
"HP 15S-FQ2150NS Intel Core i3-1115G4/8GB/256GB SSD/15.6""",0,9,4,8,256,0,15.6,0,378.94,2,3,10,7,1
"HP 15S-FQ2162NS Intel Core i3-1115G4/8GB/512GB SSD/15.6""",0,9,4,8,512,0,15.6,0,646.39,2,3,10,7,1
"HP 15S-FQ3003NS Intel Celeron N4500/8GB/512GB SSD/15.6""",0,9,4,8,512,0,15.6,0,517.01,2,3,1,7,1
"HP 15S-FQ3014NS Intel Celeron N4500/8GB/256GB SSD/15.6""",0,9,4,8,256,0,15.6,0,354.0,2,3,1,7,1
"HP 15S-FQ3018NS Intel Celeron N4500/8GB/256GB SSD/15.6""",0,9,4,8,256,0,15.6,0,403.83,2,3,1,7,1
"HP 15S-FQ4038NS Intel Core i5-1155G7/8GB/512GB SSD/15.6""",0,9,4,8,512,0,15.6,0,623.66,2,3,11,7,1
"HP 15S-FQ4048NS Intel Core i5-1155G7/8GB/512GB SSD/15.6""",0,9,4,8,512,0,15.6,0,521.75,2,3,11,7,1
"HP 15S-FQ4051NS Intel Core i5-1155G7/8GB/256GB SSD/15.6""",0,9,4,8,256,0,15.6,0,571.39,2,3,11,7,1
"HP 15S-FQ4053NS Intel Core i5-1155G7/8GB/256GB SSD/15.6""",0,9,4,8,256,0,15.6,0,542.99,2,3,11,7,1
"HP 15S-FQ4057NS Intel Core i5-1155G7/8GB/256GB SSD/15.6""",0,9,4,8,256,0,15.6,0,494.81,2,3,11,7,1
"HP 15S-FQ4058NS Intel Core i5-1155G7/8GB/256GB SSD/15.6""",0,9,4,8,256,0,15.6,0,507.14,2,3,11,7,1
"HP 15S-FQ4060NS Intel Core i5-1155G7/8GB/512GB SSD/15.6""",0,9,4,8,512,0,15.6,0,550.78,2,3,11,7,1
"HP 15S-FQ4065NS Intel Core i7-1195G7/8GB/512GB SSD/15.6""",0,9,4,8,512,0,15.6,0,734.64,2,3,12,7,1
"HP 15S-FQ5016NS Intel Core i5-1235U/8GB/512GB SSD/15.6""",0,9,4,8,512,0,15.6,0,759.0,2,3,11,7,1
"HP 15S-FQ5042NS Intel Core i7-1255U/8GB/512GB SSD/15.6""",0,9,4,8,512,0,15.6,0,901.0,2,3,12,7,1
"HP 15S-FQ5072NS Intel Core i5-1235U/8GB/512GB SSD/15.6""",0,9,4,8,512,0,15.6,0,526.1,2,3,11,7,1
"HP 15S-FQ5077NS Intel Core i5-1235U/8GB/512GB SSD/15.6""",0,9,4,8,512,0,15.6,0,676.0,2,3,11,7,1
"HP 15S-FQ5079NS Intel Core i5-1235U/8GB/512GB SSD/15.6""",0,9,4,8,512,0,15.6,0,614.99,2,3,11,7,1
"HP 15S-eq2097ns AMD Ryzen 3 5300U/8GB/256GB SSD/15.6""",0,9,4,8,256,0,15.6,0,461.05,0,3,6,7,1
"HP 15S-fq2133ns Intel Core i3-1115G4/8GB/256GB SSD/15.6""",0,9,4,8,256,0,15.6,0,432.26,2,3,10,7,1
"HP 15S-fq3011ns Intel Celeron N4500/8GB/256GB SSD/15.6""",0,9,4,8,256,0,15.6,0,402.22,2,3,1,7,1
"HP 15s-eq2133ns AMD Ryzen 5 5500U/8GB/256GB SSD/15.6""",0,9,4,8,256,0,15.6,0,476.99,0,3,7,7,1
"HP 15s-fq4049ns Intel Core i7-1195G7/8GB/512GB SSD/15.6""",0,9,4,8,512,0,15.6,0,628.96,2,3,12,7,1
"HP 15s-fq4056ns Intel Core i7-1195G7/8GB/512GB SSD/15.6""",0,9,4,8,512,0,15.6,0,716.14,2,3,12,7,1
"HP 17-CN0014NS Intel Core i3-1115G4/8GB/512GB SSD/17.3""",0,9,6,8,512,0,17.3,0,661.11,2,3,10,7,1
"HP 250 G7 Intel Core i5-1035G1/8 GB/256GB SSD/15.6""",0,9,7,8,256,0,15.6,0,1730.38,2,3,11,7,1
"HP 250 G8 2X7L0EA Intel Core i3-1115G4/8GB/256GB SSD/15.6""",0,9,7,8,256,0,15.6,0,466.1,2,3,10,7,1
"HP 250 G8 Intel Core i3-1115G4/8 GB/512GB SSD/15.6""",0,9,7,8,512,0,15.6,0,445.89,2,3,10,7,1
"HP 250 G8 Intel Core i3-1115G4/8GB/256GB SSD/15.6"" Plata",0,9,7,8,256,0,15.6,0,586.4,2,3,10,7,1
"HP 250 G8 Intel Core i5-1135G7/8 GB/256 GB SSD/15.6""",0,9,7,8,256,0,15.6,0,876.08,2,3,11,7,1
"HP 250 G8 Intel Core i5-1135G7/8GB/512GB SSD/15.6""",0,9,7,8,512,0,15.6,0,741.0,2,3,11,7,1
"HP 250 G9 Intel Core i5-1235U/8GB/256GB SSD/15.6""",0,9,7,8,256,0,15.6,0,791.0,2,3,11,7,1
"HP 250 G9 Intel Core i5-1235U/8GB/512 GB SSD/15.6""",0,9,7,8,512,0,15.6,0,882.01,2,3,11,7,1
"HP 255 G7 AMD Ryzen 5 3500U/8 GB/256 GB SSD/15.6""",0,9,8,8,256,0,15.6,0,1094.9,0,3,7,7,1
"HP 255 G8 AMD Ryzen 3 3250U/8 GB/256 GB SSD/15.6""",0,9,8,8,256,0,15.6,0,455.55,0,3,6,7,1
"HP 255 G8 AMD Ryzen 3 5300U/8GB/256GB SSD/15.6""",0,9,8,8,256,0,15.6,0,839.14,0,3,6,7,1
"HP 255 G8 AMD Ryzen 5 3500U/8 GB/256GB SSD/15.6""",0,9,8,8,256,0,15.6,0,644.7,0,3,7,7,1
"HP 255 G9 AMD Ryzen 5 5625U/8GB/256GB SSD/15.6""",0,9,8,8,256,0,15.6,0,538.99,0,3,7,7,1
"HP 340S G7 Intel Core i3-1005G1/8GB/2565GB SSD/14""",0,9,50,8,256,0,14.0,0,581.07,2,3,10,7,1
"HP ChromeBook 14a-na0023ns Intel Celeron N4120/4GB/64GB eMMC/14""",0,9,26,4,64,1,14.0,0,329.0,2,3,1,7,1
"HP Chromebook 11MK G9 Mediatek MT8183/4GB/32GB EMMC/11.6""",0,9,26,4,32,1,11.6,0,458.0,3,3,2,7,1
"HP Chromebook X360 11 G3 Intel Celeron N4020/4GB/32GB eMMC/11.6"" Táctil",0,9,26,4,32,1,11.6,1,332.41,2,3,1,7,1
"HP ENVY 13-ba1001np Intel Core i5-1135G7/8GB/512GB SSD/13.3""(PT)",0,9,40,8,512,0,13.3,0,1049.99,2,3,11,7,1
HP ENVY x360 2-in-1 Laptop 15-ew0008np Intel Core i7-1255U/16GB/512GB SSD/RTX2050/Tátil (PT),0,9,40,16,512,0,15.6,1,1863.52,2,6,12,17,0
"HP Elite Dragonfly G3 Intel Core i7-1255U/16GB/1TB SSD/13.5""",0,9,54,16,1000,0,13.5,0,1699.01,2,3,12,7,1
"HP EliteBook 1040 G9 Intel Core i7-1255U/32GB/1TB SSD/14""",0,9,38,32,1000,0,14.0,0,2502.66,2,3,12,7,1
"HP EliteBook 1040 Intel Core i5-1235U/16GB/512GB SSD/14""",0,9,38,16,512,0,14.0,0,1624.46,2,3,11,7,1
"HP EliteBook 630 G9 Intel Core i5-1235U/8GB/512GB SSD/13.3""",0,9,38,8,512,0,13.3,0,1042.26,2,3,11,7,1
"HP EliteBook 640 G9 Intel Core i5-1235U/8GB/512GB SSD/14""",1,9,38,8,512,0,14.0,0,1474.28,2,3,11,7,1
"HP EliteBook 650 G9 Intel Core i5-1235U/8GB/512GB SSD/15.6""",0,9,38,8,512,0,15.6,0,1064.59,2,3,11,7,1
"HP EliteBook 840 G8 Intel Core i5-1135G7/8GB/256GB SSD/14""",0,9,38,8,256,0,14.0,0,1519.99,2,3,11,7,1
"HP EliteBook 840 G9 Intel Core i5-1235U/16GB/512GB SSD/14""",1,9,38,16,512,0,14.0,0,2025.96,2,3,11,7,1
"HP EliteBook 850 G8 Intel Core i5-1135G7/8GB/256GB SSD/15.6""",0,9,38,8,256,0,15.6,0,1015.01,2,3,11,7,1
"HP EliteBook 860 G9 Intel Core i5-1235U/16GB/512GB SSD/16""",0,9,38,16,512,0,16.0,0,1463.31,2,3,11,7,1
"HP EliteBook x360 1030 G8 Intel Core i5-1135G7/16GB/512GB SSD/13.3"" Táctil",0,9,38,16,512,0,13.3,1,1999.0,2,3,11,7,1
"HP EliteBook x360 830 G8 Intel Core i5-1135G7/8GB/512GB SSD/13.3"" Táctil",0,9,38,8,512,0,13.3,1,1051.96,2,3,11,7,1
HP Laptop 15S-EQ2052NP AMD Ryzen 7-5700U/12GB/256GB SSD/15.6'' (PT),0,9,4,12,256,0,15.6,0,750.08,0,3,8,7,1
"HP OMEN 16-B1018NS Intel Core i7-12700H/16GB/1TB SSD/RTX 3060/16.1""",0,9,76,16,1000,0,16.1,0,1627.74,2,6,12,23,0
"HP OMEN 16-c0007np AMD Ryzen 7 5800H/16GB/512GB SSD/RTX 3070/16.1""(PT)",0,9,76,16,512,0,16.1,0,2025.23,0,6,8,24,0
"HP Pavilion 14-DV2006NS Intel Core i5-1235U/16GB/512GB SSD/14""",0,9,79,16,512,0,14.0,0,977.0,2,3,11,7,1
"HP Pavilion 14-dv1009ns Intel Core i5-1155G7/16GB/512GB SSD/14""",0,9,79,16,512,0,14.0,0,920.82,2,3,11,7,1
"HP Pavilion 15-EH1001NS AMD Ryzen 5 5500U/16GB/512GB SSD/15.6""",0,9,79,16,512,0,15.6,0,816.21,0,3,7,7,1
"HP Pavilion x360 14-ek0018ns Intel Core  i5-1235U/8GB/512GB SSD/14"" Táctil",0,9,79,8,512,0,14.0,1,987.0,2,3,11,7,1
"HP Pavilion x360 14-ek0039ns Intel Core i3-1215U/8GB/256GB SSD/14"" Táctil",0,9,79,8,256,0,14.0,1,793.0,2,3,10,7,1
"HP Pavilion x360 14-ek0032ns Intel Core i7-1255U/16GB/512GB SSD/14"" Táctil",0,9,79,16,512,0,14.0,1,1205.0,2,3,12,7,1
"HP ProBook 430 G6 Intel Core i5-8265U/4GB/500GB/13.3""",0,9,85,4,500,0,13.3,0,919.83,2,3,11,7,1
"HP ProBook 450 G8 Intel Core i5-1135G7/8GB/256GB SSD/15.6""",0,9,85,8,256,0,15.6,0,1399.24,2,3,11,7,1
"HP ProBook 450 G8 Intel Core i5-1135G7/8GB/256GB SSD/15.6"" Plata",0,9,85,8,256,0,15.6,0,776.32,2,3,11,7,1
"HP Victus 15-fa0053ns Intel Core i5-12450H/16GB/512GB SSD/RTX 3050/15.6""",0,9,112,16,512,0,15.6,0,899.01,2,6,11,22,0
"HP Victus 16-D1024NS Intel Core i7-12700H/16GB/512GB SSD/RTX 3050 Ti/16.1""",0,9,112,16,512,0,16.1,0,1220.78,2,6,12,22,0
"HP Victus 16-D1025NS Intel Core i7-12700H/16GB/512GB SSD/RTX 3050 Ti/16.1""",0,9,112,16,512,0,16.1,0,1301.0,2,6,12,22,0
"HP Victus 16-D1036NS Intel Core i7-12700H/16GB/512GB SSD/RTX 3050 Ti/16.1""",0,9,112,16,512,0,16.1,0,1192.98,2,6,12,22,0
"HP Victus 16-E0068NS AMD Ryzen 5-5600H/8GB/512GB SSD/GTX 1650/16.1""",0,9,112,8,512,0,16.1,0,812.52,0,2,7,5,2
"HP Victus 16-E0071NS AMD Ryzen 7 5800H/8GB/512GB SSD/RX 5500M/16.1""",0,9,112,8,512,0,16.1,0,909.13,0,8,8,38,3
"HP Victus 16-E0094NS AMD Ryzen 5 5600H/16GB/512GB SSD/RTX 3050Ti/16.1""",0,9,112,16,512,0,16.1,0,865.4,0,6,7,22,0
"HP Victus 16-E0098NS AMD Ryzen 7 5800H/16GB/512GB SSD/RTX 3050/16.1""",0,9,112,16,512,0,16.1,0,998.56,0,6,8,22,0
"HP Victus 16-E0100NS AMD Ryzen 5 5600H/8GB/512GB SSD/GTX 1650/16.1""",0,9,112,8,512,0,16.1,0,792.65,0,2,7,5,2
"HP ZBook Firefly 14 G8 Intel Core i5-1135G7/16GB/512 GB SSD/14""",0,9,119,16,512,0,14.0,0,2426.81,2,3,11,7,1
"HP ZBook Firefly 14 G8 Intel Core i5-1135G7/16GB/512GB SSD/14""",0,9,119,16,512,0,14.0,0,1385.0,2,3,11,7,1
"HP ZBook Firefly 14 G9 Intel Core i7-1260P/16 GB/512GB SSD/14""",0,9,119,16,512,0,14.0,0,1778.0,2,3,12,7,1
"HP ZBook Firefly 14 G9 Intel Core i7-1260P/16GB/512GB SSD/14""",0,9,119,16,512,0,14.0,0,1997.09,2,3,12,7,1
"HP ZBook Firefly 14 G9 Intel Core i7-1265U/16GB/512GB SSD/Quadro T500/14""",0,9,119,16,512,0,14.0,0,1800.03,2,9,12,42,3
"HP ZBook Firefly 16 G9 Intel Core i7-1265U/16GB/512GB SSD/Quadro T500/16""",0,9,119,16,512,0,16.0,0,1800.03,2,9,12,42,3
"HP ZBook Firefly G8 Intel Core i5-1135G7/16GB/512GB SSD/14"" Táctil",0,9,119,16,512,0,14.0,1,2426.53,2,3,11,7,1
"HP ZBook Firefly G8 Intel Core i7-1165G7/16GB/512GB SSD/14""",0,9,119,16,512,0,14.0,0,2484.11,2,3,12,7,1
"HP ZBook Fury 16 G9 Intel Core i7-12800HX/16GB/512GB SSD/RTX A2000/16""",1,9,119,16,512,0,16.0,0,3697.02,2,6,12,14,0
"HP ZBook Fury 16 G9 Intel Core i7-12800HX/32GB/1TB SSD/RTX A3000/16""",0,9,119,32,1000,0,16.0,0,4842.43,2,6,12,15,0
"HP ZBook Power G9 Intel Core i7-12800H/16GB/512GB SSD/NVIDIA T600/15.6""",0,9,119,16,512,0,15.6,0,2008.81,2,9,12,44,3
"HP ZBook Studio G8 Intel Core i7-11850H/16GB/512GB SSD/RTX A3000/15.6""",0,9,119,16,512,0,15.6,0,5368.77,2,6,12,15,0
"HP ZBook Studio G9 Intel Core i7-12700H/32GB/512GB SSD/RTX 3060/16""",0,9,119,32,512,0,16.0,0,3637.71,2,6,12,23,0
"HP ZBook Studio G9 Intel Core i7-12800H/32GB/1TB SSD/RTX A2000/16""",0,9,119,32,1000,0,16.0,0,3777.49,2,6,12,14,0
"InnJoo Voom Excellence Intel Celeron N4020/8GB/256GB SSD/15.6""",0,10,114,8,256,0,15.6,0,311.37,2,3,1,7,1
"InnJoo Voom Excellence Pro Intel Celeron N4020/8GB/512GB SSD/15.6""",0,10,114,8,512,0,15.6,0,392.55,2,3,1,7,1
"Innjoo Voom Intel Celeron N3350/4GB/64GB eMMC/14.1""",0,10,114,4,64,1,14.1,0,251.4,2,3,1,7,1
"Innjoo Voom Laptop Max Intel Celeron N3350/6GB/64GB eMMC/14.1""",0,10,114,6,64,1,14.1,0,383.61,2,3,1,7,1
"Innjoo Voom Laptop Pro Intel Celeron N3350/6GB/128GB SSD/14.1""",0,10,114,6,128,0,14.1,0,317.02,2,3,1,7,1
"Innjoo Voom Pro Intel Celeron N3350/6GB/128GB eMMC/14.1""",0,10,114,6,128,1,14.1,0,431.38,2,3,1,7,1
"Jetwing N1510P3 Intel Core i3-1005G1/8GB/256GB SSD/15.6""",0,11,70,8,256,0,15.6,0,469.27,2,3,10,7,1
"LG Gram 16Z90Q-G.AP75B Intel Core i7-1260P/16GB/512GB SSD/16""",0,12,55,16,512,0,16.0,0,1720.54,2,3,12,7,1
"LG Gram 17Z90Q Intel Core i7-1260P/16GB/512GB SSD/17""",0,12,55,16,512,0,17.0,0,1646.46,2,3,12,7,1
"Lenovo 100e Chromebook Gen 3 AMD 3015Ce/4GB/32GB eMMC/11.6""",0,13,26,4,32,1,11.6,0,327.0,0,3,3,7,1
"Lenovo 100e Intel Celeron N4020/4GB/128GB SSD/11.6""",0,13,0,4,128,0,11.6,0,310.84,2,3,1,7,1
"Lenovo 14w Gen 2 AMD 3015e/4GB/128GB SSD/14""",0,13,3,4,128,0,14.0,0,461.0,0,3,3,7,1
"Lenovo IdeaPad 1 14ADA7 AMD 3020e/4GB/128GB eMMC/14""",0,13,56,4,128,1,14.0,0,435.0,0,3,3,7,1
"Lenovo IdeaPad 1 14ADA7 AMD 3020e/4GB/256GB SSD/14""",0,13,56,4,256,0,14.0,0,422.0,0,3,3,7,1
"Lenovo IdeaPad 1 15ADA7 AMD Ryzen 5 3500U/8 GB/512GB SSD/15.6""",0,13,56,8,512,0,15.6,0,554.0,0,3,7,7,1
"Lenovo IdeaPad 1 15ALC7 AMD Ryzen 7 5700U/8GB/512GB SSD/15.6""",0,13,56,8,512,0,15.6,0,867.0,0,3,8,7,1
"Lenovo IdeaPad 3 15ALC6 AMD Ryzen 5 5500U/8GB/512GB SSD/15.6"" Azul",0,13,56,8,512,0,15.6,0,531.34,0,3,7,7,1
"Lenovo IdeaPad 3 15ALC6 AMD Ryzen 7 5700U/8GB/512GB SSD/15.6""",0,13,56,8,512,0,15.6,0,751.88,0,3,8,7,1
"Lenovo IdeaPad 3 15ITL6 Intel Core i3-1115G4/8GB/256GB SSD/15.6""",1,13,56,8,256,0,15.6,0,529.0,2,3,10,7,1
"Lenovo IdeaPad 3 15ITL6 Intel Core i3-1115G4/8GB/512GB SSD/15.6""",0,13,56,8,512,0,15.6,0,547.91,2,3,10,7,1
"Lenovo IdeaPad 3 17ABA7 AMD Ryzen 5 5625U/8GB/512GB SSD/17.3""",0,13,56,8,512,0,17.3,0,895.0,0,3,7,7,1
"Lenovo IdeaPad 3 Chromebook 15IJL6 Intel Celeron N4500/8GB/128GB EMMC/15.6""",0,13,56,8,128,1,15.6,0,579.21,2,3,1,7,1
"Lenovo IdeaPad 5 14ITL05 Intel Core i5-1135G7/8 GB/512GB SSD/14""",0,13,56,8,512,0,14.0,0,1015.55,2,3,11,7,1
"Lenovo IdeaPad 5 Pro 14ITL6 Intel Core i5-1135G7/8GB/512GB SSD/14""",0,13,56,8,512,0,14.0,0,1274.9,2,3,11,7,1
Lenovo IdeaPad Gaming 3 15ACH06 AMD Ryzen 5 5600H/8GB/512GB SSD/RTX 3050/15.6'' (PT),0,13,56,8,512,0,15.6,0,996.21,0,6,7,22,0
Lenovo IdeaPad Gaming 3 15ACH6 AMD Ryzen 5 5600H/16GB/512GB SSD/RTX 3060,0,13,56,16,512,0,15.6,0,1505.0,0,6,7,23,0
"Lenovo IdeaPad Gaming 3 15ACH6 AMD Ryzen 7 5800H/16GB/512GB SSD/RTX 3050/15.6""",0,13,56,16,512,0,15.6,0,949.0,0,6,8,22,0
"Lenovo IdeaPad Gaming 3 15IAH7 Intel Core i5-12450H/16GB/512GB SSD/RTX 3050/15.6""",0,13,56,16,512,0,15.6,0,1205.99,2,6,11,22,0
"Lenovo IdeaPad Gaming 3 15IAH7 Intel Core i7-12650H/16GB/512GB SSD/RTX 3050/15.6""",0,13,56,16,512,0,15.6,0,1098.99,2,6,12,22,0
"Lenovo Legion 5 15IAH7H Intel Core i7-12700H/16GB/1TB SSD/RTX 3070/15.6""",0,13,61,16,1000,0,15.6,0,2328.0,2,6,12,24,0
"Lenovo Legion 5 15IAH7H Intel Core i7-12700H/16GB/512GB SSD/RTX 3070/15.6""",0,13,61,16,512,0,15.6,0,2389.0,2,6,12,24,0
"Lenovo Legion 5 Pro 16IAH7H Intel Core i7-12700H/16GB/1TB SSD/RTX 3060/16""",0,13,61,16,1000,0,16.0,0,1944.0,2,6,12,23,0
"Lenovo Legion 5 Pro 16IAH7H Intel Core i7-12700H/32 GB/1TB SSD/RTX 3070/16""",0,13,61,32,1000,0,16.0,0,2417.0,2,6,12,24,0
Lenovo Legion PRO 7 16IRX8H-566 Intel Core i9-13900HX/32GB/1TB SSD/RTX 4080/16'' (PT),0,13,61,32,1000,0,16.0,0,5018.14,2,6,13,29,0
"Lenovo ThinkBook 13x Intel Evo Core i5-1130G7/16GB/512GB SSD/13.3""",0,13,101,16,512,0,13.3,0,1162.82,2,3,11,7,1
"Lenovo ThinkBook 14 G3 ACL AMD Ryzen 5 5500U/8GB/256GB SSD/14""",0,13,101,8,256,0,14.0,0,875.05,0,3,7,7,1
"Lenovo ThinkBook 14 G3 ACL AMD Ryzen 7 5700U/16GB/512GB SSD/14""",0,13,101,16,512,0,14.0,0,1079.91,0,3,8,7,1
"Lenovo ThinkBook 14 G4 ABA AMD Ryzen 7 5825U/16GB/512GB SSD/14""",0,13,101,16,512,0,14.0,0,1156.47,0,3,8,7,1
"Lenovo ThinkBook 14 G4 IAP Intel Core i5-1235U/16GB/512GB SSD/14""",0,13,101,16,512,0,14.0,0,988.52,2,3,11,7,1
"Lenovo ThinkBook 14 G4 IAP Intel Core i7-1255U/16GB/512GB SSD/14""",0,13,101,16,512,0,14.0,0,1357.0,2,3,12,7,1
"Lenovo ThinkBook 14 Gen 4+ Intel Core i5-1235U/8GB/256GB SSD/14""",0,13,101,8,256,0,14.0,0,893.52,2,3,11,7,1
"Lenovo ThinkBook 14s Yoga Intel Core i5-1135G7/8GB/256GB SSD/14"" Táctil",1,13,101,8,256,0,14.0,1,794.99,2,3,11,7,1
"Lenovo ThinkBook 15 AMD Ryzen 5 4500U/8GB/256GB SSD/15.6""",1,13,101,8,256,0,15.6,0,786.92,0,3,7,7,1
"Lenovo ThinkBook 15 G2 ITL Intel Core i3-1115G4/8GB/256GB SSD/15.6""",1,13,101,8,256,0,15.6,0,874.6,2,3,10,7,1
"Lenovo ThinkBook 15 G2 ITL Intel Core i5-1135G7/8GB/256GB SSD/15.6""",0,13,101,8,256,0,15.6,0,1000.27,2,3,11,7,1
"Lenovo ThinkBook 15 G2 ITL Intel Core i7-1165G7/16GB/512GB SSD/15.6""",1,13,101,16,512,0,15.6,0,1036.62,2,3,12,7,1
"Lenovo ThinkBook 15 G3 ACL AMD Ryzen 3 5300U/8GB/256GB SSD/15.6""",0,13,101,8,256,0,15.6,0,745.0,0,3,6,7,1
"Lenovo ThinkBook 15 G4 ABA AMD Ryzen 5 5625U/8GB/256GB SSD/15.6""",0,13,101,8,256,0,15.6,0,846.67,0,3,7,7,1
"Lenovo ThinkBook 15 G4 ABA AMD Ryzen 7 5825U/16GB/512GB SSD/15.6""",0,13,101,16,512,0,15.6,0,1149.56,0,3,8,7,1
"Lenovo ThinkBook 15 Gen 4 IAP Intel Core i5-1235U/8GB/256GB SSD/15.6""",0,13,101,8,256,0,15.6,0,896.57,2,3,11,7,1
"Lenovo ThinkBook 15p Intel Core i5-10300H/16GB/512GB SSD/GTX 1650/15.6""",1,13,101,16,512,0,15.6,0,1350.05,2,2,11,5,2
"Lenovo ThinkBook 16p AMD Ryzen 7 5800H/16GB/512GB SSD/RTX 3060/16""",0,13,101,16,512,0,16.0,0,2787.22,0,6,8,23,0
"Lenovo ThinkBook 16p AMD Ryzen 9 5900HX/32GB/1TB SSD/RTX 3060/16""",0,13,101,32,1000,0,16.0,0,2424.01,0,6,9,23,0
"Lenovo ThinkBook 16p G2 ACH AMD Ryzen 7 5800H/16GB/512GB SSD/RTX 3060/16""",0,13,101,16,512,0,16.0,0,1748.99,0,6,8,23,0
"Lenovo ThinkBook Plus G3 IAP Intel Core i7-12700H/32GB/1TB SSD/17.3"" Táctil",0,13,101,32,1000,0,17.3,1,2858.0,2,3,12,7,1
"Lenovo ThinkPad E14 Gen 2 Intel Core i5-1135G7/16GB/512GB SSD/14""",0,13,102,16,512,0,14.0,0,1253.5,2,3,11,7,1
"Lenovo ThinkPad E15 Gen 4 AMD Ryzen 5 5625U/16GB/512GB SSD/15.6""",0,13,102,16,512,0,15.6,0,1061.0,0,3,7,7,1
"Lenovo ThinkPad E15 Gen 4 AMD Ryzen 5 5625U/8GB/256GB SSD/15.6""",0,13,102,8,256,0,15.6,0,1002.59,0,3,7,7,1
"Lenovo ThinkPad E15 Gen 4 Intel Core i5-1235U/8GB/256GB SSD/15.6""",0,13,102,8,256,0,15.6,0,1135.0,2,3,11,7,1
"Lenovo ThinkPad L13 Gen 3 Intel Core i5-1235U/16 GB/512GB SSD/13.3""",0,13,102,16,512,0,13.3,0,1423.48,2,3,11,7,1
"Lenovo ThinkPad L13 Gen 3 Intel Core i5-1235U/8GB/256GB SSD/13.3""",0,13,102,8,256,0,13.3,0,1178.0,2,3,11,7,1
"Lenovo ThinkPad L13 Yoga Gen 2 Intel Core i5-1135G7/8GB/256GB SSD/13.3"" Táctil",0,13,102,8,256,0,13.3,1,939.67,2,3,11,7,1
"Lenovo ThinkPad L13 Yoga Gen 3 Intel Core i5-1235U/8GB/256GB SSD/13.3"" Táctil",0,13,102,8,256,0,13.3,1,1329.0,2,3,11,7,1
"Lenovo ThinkPad L14 Gen 2 Intel Core i5-1135G7/8GB/512GB SSD/14""",0,13,102,8,512,0,14.0,0,919.0,2,3,11,7,1
"Lenovo ThinkPad L14 Gen 3 Intel Core i5-1235U/8GB/256GB SSD/14""",0,13,102,8,256,0,14.0,0,1161.0,2,3,11,7,1
"Lenovo ThinkPad L14 Gen 3 Intel Core i7-1255U/16 GB/512GB SSD/14""",0,13,102,16,512,0,14.0,0,1555.46,2,3,12,7,1
"Lenovo ThinkPad L15 Gen 3 Intel Core i7-1255U/16GB/512GB SSD/15.6""",0,13,102,16,512,0,15.6,0,1354.18,2,3,12,7,1
"Lenovo ThinkPad P1 Gen 5 Intel Core i7-12700H/16GB/1TB SSD/RTX A2000/16""",0,13,102,16,1000,0,16.0,0,4138.67,2,6,12,14,0
"Lenovo ThinkPad P14s Gen 3 Intel Core i7-1260P/16GB/512GB SSD/Quadro T550/14""",0,13,102,16,512,0,14.0,0,2175.0,2,9,12,43,3
"Lenovo ThinkPad P15 Gen 2 Intel Core i7-11800H/16GB/512GB SSD/RTX A2000/15.6""",0,13,102,16,512,0,15.6,0,2048.0,2,6,12,14,0
Lenovo ThinkPad P15 Gen 2 Intel Core i7-11850H/16GB/512GB SSD/RTX A2000,0,13,102,16,512,0,15.6,0,2569.0,2,6,12,14,0
"Lenovo ThinkPad P16 Gen 1 Intel Core i7-12800HX/16GB/512GB SSD/RTX A1000/16""",0,13,102,16,512,0,16.0,0,3327.92,2,6,12,13,0
"Lenovo ThinkPad P16s Gen 1 Intel Core i7-1260P/16GB/512GB SSD/Quadro T550/16""",0,13,102,16,512,0,16.0,0,2132.04,2,9,12,43,3
"Lenovo ThinkPad P17 Gen 2 Intel Core i7-11800H/16GB/512GB SSD/RTX A2000/17.3""",0,13,102,16,512,0,17.3,0,2577.98,2,6,12,14,0
"Lenovo ThinkPad T14 Gen 3 Intel Core i5-1235U/8GB/256GB SSD/14""",0,13,102,8,256,0,14.0,0,1782.0,2,3,11,7,1
"Lenovo ThinkPad T14 Gen 3 Intel Core i7-1260P/32GB/1TB SSD/MX550/14""",0,13,102,32,1000,0,14.0,0,2671.99,2,4,12,11,2
"Lenovo ThinkPad T14s G3 Intel Core i5-1240P/16GB/512GB SSD/14""",0,13,102,16,512,0,14.0,0,2068.0,2,3,11,7,1
"Lenovo ThinkPad T14s Gen 2 Intel Core i5-1135G7/8GB/256GB SSD/14""",0,13,102,8,256,0,14.0,0,1223.43,2,3,11,7,1
"Lenovo ThinkPad T14s Gen 2 Intel Evo Core i5-1135G7/8 GB/256GB SSD/14""",0,13,102,8,256,0,14.0,0,1512.54,2,3,11,7,1
"Lenovo ThinkPad T15 Gen 2 Intel Core i7-1165G7/16GB/512GB SSD/15.6""",0,13,102,16,512,0,15.6,0,1506.99,2,3,12,7,1
"Lenovo ThinkPad T15 Gen 2 Intel Core i7-1185G7/16GB/2TB SSD/MX 450/15.6""",0,13,102,16,2000,0,15.6,0,1795.0,2,4,12,10,2
"Lenovo ThinkPad T15 Intel Core i5-10210U/8GB/256GB SSD/15.6""",0,13,102,8,256,0,15.6,0,849.0,2,3,11,7,1
"Lenovo ThinkPad T16 Gen 1 Intel Core i5-1235U/16GB/512GB SSD/16""",0,13,102,16,512,0,16.0,0,1925.0,2,3,11,7,1
"Lenovo ThinkPad X1 Carbon Gen 9 Intel Evo Core i5-1135G7/8 GB/256GB SSD/14""",0,13,102,8,256,0,14.0,0,1334.94,2,3,11,7,1
"Lenovo ThinkPad X1 Nano Gen 2 Intel Evo Core i7-1260P/16GB/1TB SSD/13"" Táctil",0,13,102,16,1000,0,13.0,1,3107.62,2,3,12,7,1
"Lenovo ThinkPad X1 Nano Intel Core i7-1160G7/16GB/1TB SSD/13""",0,13,102,16,1000,0,13.0,0,1959.57,2,3,12,7,1
"Lenovo ThinkPad X13 Intel Core i5-10210U/8GB/512GB SSD/13.3""",0,13,102,8,512,0,13.3,0,1358.61,2,3,11,7,1
"Lenovo ThinkPad X13s G1 Qualcomm Snapdragon 8cx Gen 3/16GB/256GB SSD/13.3""",0,13,102,16,256,0,13.3,0,1997.0,5,3,2,7,1
"Lenovo ThinkPad Z13 AMD Ryzen 7 Pro 6850H/16GB/512GB SSD/13.3""",0,13,102,16,512,0,13.3,0,2068.0,0,3,8,7,1
"Lenovo ThinkPad Z16 G1 AMD Ryzen 7 Pro 6850H/16GB/512GB SSD/16""",0,13,102,16,512,0,16.0,0,2281.0,0,3,8,7,1
"Lenovo Thinkpad P15 G2 Intel Core i7-11800H/16GB/512GB SSD/15.6""",0,13,102,16,512,0,15.6,0,1999.4,2,3,12,7,1
"Lenovo Thinkpad X1 Carbon Intel Evo Core i7-1165G7/32GB/1TB SSD/14""",0,13,102,32,1000,0,14.0,0,3721.08,2,3,12,7,1
"Lenovo V14 G2 ALC AMD Ryzen 3 5300U/8GB/256GB SSD/14""",0,13,107,8,256,0,14.0,0,756.95,0,3,6,7,1
"Lenovo V14 IIL Intel Core i5-1035G1/8GB/256GB/14""",1,13,107,8,256,0,14.0,0,396.03,2,3,11,7,1
"Lenovo V14 IML Intel Core i3-10110U/8GB/512GB SSD/14""",0,13,107,8,512,0,14.0,0,513.87,2,3,10,7,1
"Lenovo V15 G2 ALC AMD Ryzen 7 5700U/8 GB/512GB SSD/15.6""",0,13,108,8,512,0,15.6,0,564.62,0,3,8,7,1
"Lenovo V15 G2 ITL Intel Core i3-1115G4/8GB/256GB/15.6""",0,13,108,8,256,0,15.6,0,661.0,2,3,10,7,1
"Lenovo V15 G2 ITL Intel Core i7-1165G7/8 GB/512GB SSD/15.6""",0,13,108,8,512,0,15.6,0,661.77,2,3,12,7,1
"Lenovo V15 G2 Intel Core i5-1135G7/8GB/512GB SSD/15.6""",0,13,108,8,512,0,15.6,0,506.61,2,3,11,7,1
"Lenovo V15 G3 ABA AMD Ryzen 5 5625U/8GB/256GB SSD/15.6""",0,13,108,8,256,0,15.6,0,718.0,0,3,7,7,1
"Lenovo V15 G3 ABA AMD Ryzen 5 5625U/8GB/512GB SSD/15.6""",0,13,108,8,512,0,15.6,0,547.63,0,3,7,7,1
"Lenovo V15 G3 IAP Intel Core i5-1235U/16GB/512GB SSD/15.6""",0,13,108,16,512,0,15.6,0,979.0,2,3,11,7,1
"Lenovo V15 G3 IAP Intel Core i5-1235U/8GB/256GB SSD/15.6""",0,13,108,8,256,0,15.6,0,842.99,2,3,11,7,1
"Lenovo V15 IGL Intel Celeron N4020/8 GB/256 GB SSD/15.6""",0,13,108,8,256,0,15.6,0,339.78,2,3,1,7,1
"Lenovo V15 IIL Intel Celeron N4020/4GB/256GB SSD/15.6""",0,13,108,4,256,0,15.6,0,361.0,2,3,1,7,1
"Lenovo V15 Intel Core i3-1115G4/8 GB/512GB SSD/15.6""",0,13,108,8,512,0,15.6,0,576.66,2,3,10,7,1
"Lenovo Yoga 7 14ARB7 AMD Ryzen 5 6600U/8GB/512GB SSD/14"" Táctil",0,13,118,8,512,0,14.0,1,1311.0,0,3,7,7,1
"Lenovo Yoga 9 14IAP7 Intel Evo Core i7-1260P/16GB/1TB SSD/14"" Táctil",0,13,118,16,1000,0,14.0,1,2383.85,2,3,12,7,1
"Lenovo Yoga 9 14ITL5 Intel Evo Core i7-1185G7/16GB/1TB SSD/14"" Táctil UHD",0,13,118,16,1000,0,14.0,1,2646.0,2,3,12,7,1
"Lenovo Yoga Chromebook C630 Intel Core i5-8250U/8GB/128GB/15.6"" Táctil",0,13,118,8,128,0,15.6,1,1168.13,2,3,11,7,1
"Lenovo Yoga Slim 7 14ITL05 Intel Core i7-1165G7/16GB/1TB SSD/14""",0,13,118,16,1000,0,14.0,0,2074.68,2,3,12,7,1
"Lenovo Yoga Slim 7 Pro 14IHU5 Intel Evo Core i7-11370H/16GB/512GB SSD/14""",0,13,118,16,512,0,14.0,0,1625.28,2,3,12,7,1
"Lenovo Yoga Slim 7 Pro Intel Evo Core i7-1260P/8GB/512GB SSD/14""",0,13,118,8,512,0,14.0,0,1271.0,2,3,12,7,1
"Lenovo Yoga Slim 7 ProX 14IAH7 Intel Evo Core i5-12500H/16 GB/512GB SSD/14.5""",0,13,118,16,512,0,14.5,0,1595.12,2,3,11,7,1
"Lenovo Yoga Slim 9 14ITL5 Intel Evo Core i7-1165G7/16GB/1TB SSD/14"" Táctil",0,13,118,16,1000,0,14.0,1,2744.99,2,3,12,7,1
"MSI Bravo 15 B5DD-007XES AMD Ryzen 5 5600H/8GB/512GB SSD/RX5500M/15.6""",0,14,25,8,512,0,15.6,0,925.34,0,8,7,38,3
"MSI Creator Pro Z17 A12UMST-200ES Intel Core i9-12900H/64GB/2TB SSD/RTX A5500/17"" Táctil",0,14,29,64,2000,0,17.0,1,3448.42,2,6,13,16,0
"MSI Katana 15 B13VEK-030XES Intel Core i7-13620H/16GB/1TB SSD/RTX 4050/15.6""",0,14,58,16,1000,0,15.6,0,1230.27,2,6,12,26,0
"MSI Katana GF66 12UGS-663XES  Intel Core i7-12700H/16GB/1TB SSD/RTX 3070Ti/15.6""",0,14,58,16,1000,0,15.6,0,2199.31,2,6,12,24,0
"MSI Katana GF66 Intel Core i7-11800H/16GB/512GB SSD/RTX3050/15.6""",0,14,58,16,512,0,15.6,0,1499.95,2,6,12,22,0
"MSI Katana GF76 12UGS-448XES Intel Core i7-12700H/16GB/512GB SSD/RTX 3070Ti/17.3""",0,14,58,16,512,0,17.3,0,2303.34,2,6,12,24,0
"MSI Modern 15 A11M-1050XES Intel Core i7-1195G7/16GB/512GB SSD/15.6""",0,14,68,16,512,0,15.6,0,1214.16,2,3,12,7,1
"MSI Prestige 14 A12UC-047ES Intel Core i7-1280P/16GB/1TB SSD/RTX 3050/14""",0,14,83,16,1000,0,14.0,0,1731.99,2,6,12,22,0
"MSI Raider GE78HX 13VI-201ES Intel Core i7-13700H/32GB/1TB SSD/RTX 4090/17""",0,14,88,32,1000,0,17.0,0,3864.4,2,6,12,30,0
MSI Stealth 15M B12UE-019ES Intel Core i7-1280P/16GB/1TB SSD/RTX 3060/15.6'',1,14,92,16,1000,0,15.6,0,1799.0,2,6,12,23,0
"MSI Stealth GS77 12UHS-086ES Intel Core i7-12700H/32GB/1TB SSD/RTX 3080Ti/17.3""",0,14,92,32,1000,0,17.3,0,3664.04,2,6,12,25,0
"MSI Summit E14 Evo A12M-084ES Intel Core i7-1280P/32GB/1TB SSD/14""",0,14,93,32,1000,0,14.0,0,1708.96,2,3,12,7,1
"MSI Summit E16 Flip A12UDT-001ES Intel Core i7-1280P/32GB/1TB SSD/RTX3050Ti/16"" Táctil",1,14,93,32,1000,0,16.0,1,2299.0,2,6,12,22,0
"MSI Titan GT77 HX 13VI-007ES Intel Core i9-13980HX/64GB/2TB SSD/RTX 4090/17.3""",0,14,103,64,2000,0,17.3,0,4993.11,2,6,13,30,0
"MSI WS63 8SL-013ES Vpro Intel Core i7-8850H/32GB/512GB SSD+1TB/P4200/15.6""",0,14,116,32,1000,0,15.6,0,3900.5,2,3,12,7,1
"Medion Akoya E15301 AMD Ryzen 3 3200U/8GB/256GB SSD/15.6"" Plata",0,15,15,8,256,0,15.6,0,369.85,0,3,6,7,1
"Medion Akoya E15301 AMD Ryzen 5 3500U/8 GB/256GB SSD/15.6""",0,15,15,8,256,0,15.6,0,399.99,0,3,7,7,1
"Medion Akoya E15303 MD62129 AMD Ryzen 5 3500U/8GB/256GB SSD/15.6""",0,15,15,8,256,0,15.6,0,663.9,0,3,7,7,1
"Medion Akoya E3221 Intel Celeron N4020/4GB/64GB eMMC/13.3""",0,15,15,4,64,1,13.3,0,470.86,2,3,1,7,1
"Medion Akoya E4251 Intel Celeron N4020/4GB/128GB/14""",0,15,15,4,128,1,14.0,0,267.49,2,3,1,7,1
"Medion Akoya E6247 Intel Celeron N4020/8GB/256 GB SSD/15.6""",0,15,15,8,256,0,15.6,0,408.24,2,3,1,7,1
"Medion Akoya S15449 Intel Core i5-1135G7/8 GB/512GB SSD/15.6""",0,15,15,8,512,0,15.6,0,598.31,2,3,11,7,1
"Medion Akoya S15449-MD61991 Intel Core i5-1135G7/8GB/512GB SSD/15.6""",0,15,15,8,512,0,15.6,0,670.85,2,3,11,7,1
"Microsoft Surface Go 2 Intel Core M3-8100Y/8GB/128 GB SSD/10.5"" 4G Táctil Platino",0,16,94,8,128,0,10.5,1,1147.67,2,3,4,7,1
"Microsoft Surface Go 3 Business 4G LTE Intel Core i3-10100Y/8 GB/256GB SSD/10.5"" Táctil Platino",0,16,94,8,256,0,10.5,1,1032.0,2,3,10,7,1
"Microsoft Surface Go 3 Business 4G LTE Intel Core i3-10100Y/8GB/256GB SSD/10.5"" Táctil Platino",0,16,94,8,256,0,10.5,1,957.81,2,3,10,7,1
"Microsoft Surface Go 3 Intel Core i3-10100Y/8GB/128 GB SSD/10.5"" Táctil Platino",0,16,94,8,128,0,10.5,1,808.0,2,3,10,7,1
"Microsoft Surface Go 3 Intel Core i3-10100Y/8GB/128GB SSD/10.5"" Táctil Platino",0,16,94,8,128,0,10.5,1,864.0,2,3,10,7,1
"Microsoft Surface Laptop 4 Negro Intel Core i5-1145G7/16GB/512GB SSD/13.5"" Táctil",0,16,95,16,512,0,13.5,1,2024.05,2,3,11,7,1
"Microsoft Surface Laptop 4 Negro Intel Core i5-1145G7/8GB/256GB SSD/13.5"" Táctil",0,16,95,8,256,0,13.5,1,951.74,2,3,11,7,1
"Microsoft Surface Laptop 4 Negro Intel Core i5-1145G7/8GB/512 GB SSD/13.5"" Táctil",0,16,95,8,512,0,13.5,1,1668.0,2,3,11,7,1
"Microsoft Surface Laptop 4 Negro Intel Core i7-1185G7/8GB/512GB SSD/15"" Táctil",0,16,95,8,512,0,15.0,1,1251.19,2,3,12,7,1
"Microsoft Surface Laptop 4 Platino AMD Ryzen 7 4980U/8GB/256GB SSD/15"" Táctil",0,16,95,8,256,0,15.0,1,1649.54,0,3,8,7,1
"Microsoft Surface Laptop 4 Platino Intel Core i5-1145G7/16GB/512GB SSD/13.5"" Táctil",0,16,95,16,512,0,13.5,1,3747.91,2,3,11,7,1
"Microsoft Surface Laptop 4 Platino Intel Core i5-1145G7/8GB/256GB SSD/13.5"" Táctil",0,16,95,8,256,0,13.5,1,948.14,2,3,11,7,1
"Microsoft Surface Laptop 5 Alcántara Intel Evo Core i5-1245U/16GB/512GB SSD/13.5"" Táctil",0,16,95,16,512,0,13.5,1,1846.85,2,3,11,7,1
"Microsoft Surface Laptop 5 Alcántara Intel Evo Core i5-1245U/8GB/256GB SSD/13.5"" Táctil",0,16,95,8,256,0,13.5,1,1321.47,2,3,11,7,1
"Microsoft Surface Laptop 5 Alcántara Intel Evo Core i5-1245U/8GB/512GB SSD/13.5"" Táctil",0,16,95,8,512,0,13.5,1,1576.27,2,3,11,7,1
"Microsoft Surface Laptop 5 Alcántara Intel Evo Core i7-1265U/16GB/512GB SSD/13.5"" Táctil",0,16,95,16,512,0,13.5,1,2022.7,2,3,12,7,1
"Microsoft Surface Laptop 5 Negro Intel Evo Core i5-1245U/8GB/512GB SSD/13.5"" Táctil",0,16,95,8,512,0,13.5,1,1576.27,2,3,11,7,1
"Microsoft Surface Laptop 5 Negro Intel Evo Core i7-1265U/16GB/256GB SSD/15"" Táctil",0,16,95,16,256,0,15.0,1,2312.1,2,3,12,7,1
"Microsoft Surface Laptop 5 Negro Intel Evo Core i7-1265U/16GB/512GB SSD/13.5"" Táctil",0,16,95,16,512,0,13.5,1,2022.7,2,3,12,7,1
"Microsoft Surface Laptop 5 Platino Intel Evo Core i7-1255U/8 GB/256GB SSD/15"" Táctil",0,16,95,8,256,0,15.0,1,1658.99,2,3,12,7,1
"Microsoft Surface Laptop 5 Platino Intel Evo Core i7-1265U/16GB/256GB SSD/15"" Táctil",0,16,95,16,256,0,15.0,1,2103.55,2,3,12,7,1
"Microsoft Surface Laptop 5 Platino Intel Evo Core i7-1265U/16GB/512GB SSD/15"" Táctil",0,16,95,16,512,0,15.0,1,2150.38,2,3,12,7,1
"Microsoft Surface Laptop 5 Platino Intel Evo Core i7-1265U/8GB/512GB SSD/15"" Táctil",0,16,95,8,512,0,15.0,1,1838.29,2,3,12,7,1
"Microsoft Surface Laptop Go 2 Intel Core i5-1135G7/8GB/128GB SSD/12.4"" Táctil Platino (PT)",0,16,95,8,128,0,12.4,1,824.0,2,3,11,7,1
"Microsoft Surface Laptop Go Intel Core i5-1035G1/4GB/64GB eMMC/12.4"" Táctil",0,16,95,4,64,1,12.4,1,686.88,2,3,11,7,1
"Microsoft Surface Laptop Go Intel Core i5-1035G1/8GB/256GB SSD/12.4"" Táctil",0,16,95,8,256,0,12.4,1,1134.21,2,3,11,7,1
"Microsoft Surface Laptop Studio Intel Core i7-11370H/16GB/512GB SSD/RTX 3050 Ti/14.4"" Táctil Platino",0,16,95,16,512,0,14.4,1,2264.55,2,6,12,22,0
"Microsoft Surface Pro 7 Intel Core i7-1065G7/16GB/256GB/12.3"" Negro",0,16,96,16,256,0,12.3,0,1649.0,2,3,12,7,1
"Microsoft Surface Pro 7 Intel Core i7-1065G7/16GB/512GB/12.3"" Platino",0,16,96,16,512,0,12.3,0,2099.0,2,3,12,7,1
"Microsoft Surface Pro 7+ Intel Core i5-1135G7/8GB/128GB SSD/12.3"" Táctil Platino",1,16,96,8,128,0,12.3,1,1009.99,2,3,11,7,1
"Microsoft Surface Pro 7+ Intel Evo Core i7-1165G7/16GB/1TB SSD/12.3"" Táctil Platino",0,16,96,16,1000,0,12.3,1,2842.5,2,3,12,7,1
"Microsoft Surface Pro 8 4G LTE Intel Core i5-1145G7/16GB/512GB SSD/13"" Táctil Platino",0,16,96,16,512,0,13.0,1,1916.99,2,3,11,7,1
"Microsoft Surface Pro 8 4G LTE Intel Evo Core i5-1145G7/8GB/256GB SSD/13"" Táctil Platino",0,16,96,8,256,0,13.0,1,1394.98,2,3,11,7,1
"Microsoft Surface Pro 8 4G LTE Intel Evo Core i7-1185G7/16GB/256GB SSD/13"" Táctil Platino",0,16,96,16,256,0,13.0,1,1897.72,2,3,12,7,1
"Microsoft Surface Pro 8 Intel Core i7-1185G7/16 GB/256GB SSD/13"" Táctil Platino",0,16,96,16,256,0,13.0,1,1724.99,2,3,12,7,1
"Microsoft Surface Pro 8 Intel Evo Core i5-1145G7/8GB/128GB SSD/13"" Táctil Platino",0,16,96,8,128,0,13.0,1,1582.0,2,3,11,7,1
"Microsoft Surface Pro 8 Intel Evo Core i7-1185G7/16GB/256 GB SSD/13"" Táctil Platino",0,16,96,16,256,0,13.0,1,1467.58,2,3,12,7,1
"Microsoft Surface Pro X Microsoft SQ1/16GB/512GB SSD/13"" Táctil",0,16,96,16,512,0,13.0,1,2406.35,4,3,2,7,1
"Millenium AURELION ML3 Intel Core i7-9750H/16GB/500GB SSD/GTX 1660Ti/15.6""",0,17,12,16,500,0,15.6,0,1640.98,2,2,12,6,3
"Millenium AZIR ML3 Intel Core i7-9750H/16GB/500GB SSD/RTX 2070/15.6""",0,17,13,16,500,0,15.6,0,2312.71,2,6,12,19,0
"Msi Prestige 14 Evo A12M-22 Intel Core i5-1240P/16GB/512 GB SSD/14""",0,14,83,16,512,0,14.0,0,1029.99,2,3,11,7,1
"Primux IoxBook K15 Intel Core i5-1135G7/8GB/512GB SSD/15.6""",0,19,57,8,512,0,15.6,0,438.46,2,3,11,7,1
"Primux Ioxbook K15 Intel Core i3-1115G4/8GB/256GB SSD/15.6""",0,19,57,8,256,0,15.6,0,346.28,2,3,10,7,1
"Razer Blade 17 QHD 240Hz Intel Core i7-12800H/16 GB/1TB SSD/RTX 3060/17.3""",0,21,22,16,1000,0,17.3,0,3099.98,2,6,12,23,0
"Realme Book Prime Intel Core i5-11320H/8GB/512GB SSD/14"" Verde",0,22,24,8,512,0,14.0,0,999.0,2,3,11,7,1
"Samsung Chromebook 2 Intel Celeron N4500/4GB/64GB/12.4"" Táctil",0,23,26,4,64,0,12.4,1,498.73,2,3,1,7,1
"Thomson NEO Z3 Qualcomm Snapdragon 850/8GB/256GB/13""",0,24,54,8,256,0,13.0,0,436.56,5,3,2,7,1
"Toshiba Tecra A40-J-15b Intel Core i3-1125G4/8GB/256GB SSD/14""",0,25,99,8,256,0,14.0,0,799.0,2,3,10,7,1
"Vant Edge 3 Intel Core i7-1255U/16 GB/500GB SSD/14""",0,26,36,16,500,0,14.0,0,1123.0,2,3,12,7,1
"Vant Edge 3 Intel Core i7-1255U/16GB/1TB SSD/14""",0,26,36,16,1000,0,14.0,0,1162.0,2,3,12,7,1
"Vant Edge 3 Intel Core i7-1255U/16GB/1TB SSD/14"" Negro",0,26,36,16,1000,0,14.0,0,1162.0,2,3,12,7,1
"Vant Edge 3 Intel Core i7-1255U/16GB/500GB SSD/14"" Negro",0,26,36,16,500,0,14.0,0,1123.0,2,3,12,7,1
"Vant Edge 3 Intel Core i7-1255U/40GB RAM/1TB SSD/14""",0,26,36,40,1000,0,14.0,0,1217.01,2,3,12,7,1
"Vant Edge 3 Intel Core i7-1255U/40GB/1TB SSD/14""",0,26,36,40,1000,0,14.0,0,1217.01,2,3,12,7,1
"Vant Edge Intel Core i5-10210U/16GB/500GB SSD/14"" Negro",0,26,36,16,500,0,14.0,0,994.0,2,3,11,7,1
"Vant Edge Intel Core i7-10510U/16GB/500GB SSD/14"" Gris",0,26,36,16,500,0,14.0,0,1123.0,2,3,12,7,1
"Vant Edge Intel Core i7-10510U/16GB/500GB SSD/14"" Negro",0,26,36,16,500,0,14.0,0,1123.0,2,3,12,7,1
"Vant Moove3-14 Intel Core i5-1135G7/8GB/500GB SSD/14""",0,26,69,8,500,0,14.0,0,632.0,2,3,11,7,1
"ASUS Chromebook C433TA-AJ0336 Intel Core m3-8100Y/8GB/64GB eMMC/14"" Táctil",1,3,26,8,64,1,14.0,1,549.0,2,3,4,7,1
"ASUS F415EA-EK113T Intel Core i3-1115G4/8GB/256GB SSD/14""",1,3,45,8,256,0,14.0,0,499.0,2,3,10,7,1
"ASUS F515EA-BQ131T Intel Core i5-1135G7/8GB/512GB SSD/15.6""",1,3,46,8,512,0,15.6,0,519.99,2,3,11,7,1
"ASUS F515EA-BQ1765W Intel Core i5-1135G7/8GB/512GB SSD/15.6""",1,3,46,8,512,0,15.6,0,599.0,2,3,11,7,1
"ASUS F515EA-BQ2036W Intel Core i3-1115G4/8GB/256GB SSD/15.6""",1,3,46,8,256,0,15.6,0,479.0,2,3,10,7,1
"ASUS F515EA-BQ2037W Intel Core i5-1135G7/8GB/512GB SSD/15.6""",1,3,46,8,512,0,15.6,0,599.0,2,3,11,7,1
"ASUS F515EA-EJ2198W Intel Core i7-1165G7/16GB/512GB SSD/15.6""",1,3,46,16,512,0,15.6,0,749.0,2,3,12,7,1
"ASUS F515JA-BQ2315W Intel Core i5-1035G1/8GB/512GB SSD/15.6""",1,3,46,8,512,0,15.6,0,659.0,2,3,11,7,1
"ASUS P1411CEA-BV688X Intel Core i5-1135G7/8GB/256GB SSD/14""",1,3,50,8,256,0,14.0,0,569.0,2,3,11,7,1
"ASUS P1511CEA-BR1797X Intel Core i5-1135G7/16GB/512GB SSD/15.6""",1,3,20,16,512,0,15.6,0,649.0,2,3,11,7,1
"ASUS ROG Flow Z13 2022 GZ301ZE-LD219W Intel Core i9-12900H/16GB/1TB SSD/RTX 3050Ti/13.4"" Táctil",1,3,87,16,1000,0,13.4,1,3999.0,2,6,13,22,0
ASUS ROG Strix G15 G513IC-HN004W AMD Ryzen 7 4800H/16GB/512GB SSD/RTX 3050/15.6,1,3,87,16,512,0,15.6,0,949.0,0,6,8,22,0
"ASUS ROG Strix G15 G513RS-HQ018W AMD Ryzen 9 6800HX/32GB/1TB SSD/RTX3080/15.6""",1,3,87,32,1000,0,15.6,0,3099.0,0,6,9,25,0
"ASUS ROG Strix G17 G713RM-LL009 AMD Ryzen 7 6800H/32GB/1TB SSD/RTX 3060/17.3""",1,3,87,32,1000,0,17.3,0,2099.0,0,6,8,23,0
"ASUS ROG Strix G17 G713RW-LL009 AMD Ryzen 9 6900HX/32GB/1TB SSD/RTX 3070Ti/17.3""",1,3,87,32,1000,0,17.3,0,2799.0,0,6,9,24,0
"ASUS ROG Strix G17 G713RW-LL088 AMD Ryzen 9 6900HX/32GB/1TB SSD/RTX 3070Ti/17.3""",1,3,87,32,1000,0,17.3,0,2353.24,0,6,9,24,0
"ASUS ROG Strix SCAR 17 G733ZW-LL103W Intel Core i9-12900H/32GB/1TB SSD/RTX 3070Ti/17.3""",1,3,87,32,1000,0,17.3,0,2999.0,2,6,13,24,0
"ASUS ROG Zephyrus Duo 16 GX650RX-LO162W AMD Ryzen 9 6900HX/64GB/4TB SSD/RTX 3080 Ti/16""",1,3,87,64,4000,0,16.0,0,3999.0,0,6,9,25,0
"ASUS ROG Zephyrus G15 GA503QM-HQ019T AMD Ryzen 9 5900HS/32GB/1TB SSD/RTX 3060/15.6""",1,3,87,32,1000,0,15.6,0,1599.98,0,6,9,23,0
"ASUS ROG Zephyrus G15 GA503RS-HB054W AMD Ryzen 9 6900HS/32GB/1TB SSD/RTX 3080/15.6""",1,3,87,32,1000,0,15.6,0,1888.94,0,6,9,25,0
"ASUS ROG Zephyrus M16 GU603ZX-K8017W Intel Core i9-12900H/32GB/2TB SSD/RTX 3080Ti/16""",1,3,87,32,2000,0,16.0,0,3999.0,2,6,13,25,0
"ASUS TUF Gaming A15 FA507RM-HN003 AMD Ryzen 7 6800H/16GB/1TB SSD/RTX 3060/15.6""",1,3,98,16,1000,0,15.6,0,1799.0,0,6,8,23,0
"ASUS TUF Gaming F15 FX506HEB-HN187 Intel Core i5-11400H/16GB/512GB SSD/RTX 3050Ti/15.6""",1,3,98,16,512,0,15.6,0,1199.0,2,6,11,22,0
"ASUS TUF Gaming F17 FX706HM-HX059 Intel Core i7-11800H/32GB/1TB SSD/RTX 3060/17.3""",1,3,98,32,1000,0,17.3,0,1799.0,2,6,12,23,0
"ASUS VivoBook 15 K513EA-BQ1791T Intel Core i5-1135G7/16GB/512GB SSD/15.6""",1,3,113,16,512,0,15.6,0,749.0,2,3,11,7,1
"ASUS VivoBook F1500EA-EJ2647 Intel Core i5-1135G7/8GB/256GB SSD/15.6""",1,3,113,8,256,0,15.6,0,599.0,2,3,11,7,1
"ASUS Vivobook 15 K513EA-BQ1791 Intel Core i5-1135G7/16GB/512GB SSD/15.6""",1,3,113,16,512,0,15.6,0,699.0,2,3,11,7,1
"ASUS ZenBook 14 UM425QA-KI174W AMD Ryzen 7 5800H/16GB/512GB SSD/14""",1,3,120,16,512,0,14.0,0,1099.0,0,3,8,7,1
"ASUS Zenbook 14 UM425UAZ-AM008T AMD Ryzen 7 5700U/16GB/512GB SSD/14""",1,3,120,16,512,0,14.0,0,609.04,0,3,8,7,1
"Acer Aspire 3 A315-23-R90Q AMD Ryzen 7 3700U/8GB/512GB SSD/15.6""",1,0,19,8,512,0,15.6,0,699.0,0,3,8,7,1
"Acer Aspire 3 A315-34-C92E Intel Celeron N4020/4GB/128GB SSD/15.6""",1,0,19,4,128,0,15.6,0,264.14,2,3,1,7,1
"Acer Aspire 3 A315-56-304W Intel Core i3-1005G1/8GB/256GB SSD/15.6""",1,0,19,8,256,0,15.6,0,316.94,2,3,10,7,1
"Acer Aspire 3 A315-56-52KD Intel Core i5-1035G1/12GB/512GB SSD/15.6""",1,0,19,12,512,0,15.6,0,477.28,2,3,11,7,1
"Acer Aspire 3 A315-56-57QZ Intel Core i5-1035G1/12GB/512GB SSD/15.6""",1,0,19,12,512,0,15.6,0,373.49,2,3,11,7,1
"Acer Aspire 3 A315-56-58CJ Intel Core i5-1035G1/12GB/256GB SSD/15.6""",1,0,19,12,256,0,15.6,0,391.24,2,3,11,7,1
"Acer Aspire 3 A315-56-75WC Intel Core i7-1065G7/8GB/512GB SSD/15.6""",1,0,19,8,512,0,15.6,0,475.83,2,3,12,7,1
"Acer Aspire 3 A315-58-39L1 Intel Core i3-1115G4/8GB/256GB SSD/15.6""",1,0,19,8,256,0,15.6,0,569.0,2,3,10,7,1
"Acer Aspire 3 A315-59-56GV Intel Core i5-1235U/8GB/512GB SSD/15.6"" + Microsoft 365 Personal 12 Meses Descarga Digital",0,0,19,8,512,0,15.6,0,810.99,2,3,11,7,1
"Acer Aspire 5 A514-53-37D2 Intel Core i3-1005G1/8GB/512GB SSD/14""",1,0,19,8,512,0,14.0,0,334.24,2,3,10,7,1
"Acer Aspire 5 A515-54-735N Intel Core i7-10510U/8GB/512GB SSD/15.6""",1,0,19,8,512,0,15.6,0,590.88,2,3,12,7,1
"Acer Chromebook 314 CB314-1HT-C2D1 Intel Celeron N4020/8GB/128GB eMMC/14"" Táctil",1,0,26,8,128,1,14.0,1,449.0,2,3,1,7,1
"Acer Chromebook 315 Intel Celeron N4020/8GB/128GB eMMC/15.6""",1,0,26,8,128,1,15.6,0,399.0,2,3,1,7,1
"Acer ConceptD 3 CN316-73G-75GM Intel Core i7-11800H/16GB/512GB SSD/RTX 3050 Ti/16""",1,0,28,16,512,0,16.0,0,1899.0,2,6,12,22,0
"Acer Extensa 15 EX215-52-78J5 Intel Core i7-1065G7/8GB/512GB SSD/15.6""",1,0,43,8,512,0,15.6,0,423.58,2,3,12,7,1
"Acer Nitro 5 AN515-44-R9E2 AMD Ryzen 7 4800H/16GB/512GB SSD/GTX 1650Ti/15.6""",1,0,73,16,512,0,15.6,0,670.53,0,2,8,5,2
"Acer Nitro 5 AN515-55-598S Intel Core i5-10300H/8GB/256GB SSD/GTX 1650/15.6""",1,0,73,8,256,0,15.6,0,477.59,2,2,11,5,2
"Acer Nitro 5 AN515-55-72GW Intel Core i7-10750H/16GB/512GB SSD/GTX 1650Ti/15.6""",1,0,73,16,512,0,15.6,0,675.24,2,2,12,5,2
"Acer Nitro 5 AN515-57-505V Intel Core i5-11400H/16GB/512GB SSD/RTX 3050Ti/15.6""",1,0,73,16,512,0,15.6,0,666.69,2,6,11,22,0
"Acer Nitro 5 AN515-57-73QK Intel Core i7-11800H/16GB/512GB SSD/RTX 3050/15.6""",1,0,73,16,512,0,15.6,0,885.94,2,6,12,22,0
"Acer Nitro 5 AN515-57-75M9 Intel Core i7-11800H/16GB/512GB SSD/RTX 3050Ti/15.6""",1,0,73,16,512,0,15.6,0,1199.0,2,6,12,22,0
"Acer Nitro 5 AN515-58-730H Intel Core i7-12700H/16GB/1TB SSD/RTX 3060/15.6""",1,0,73,16,1000,0,15.6,0,1599.0,2,6,12,23,0
"Acer Nitro 5 AN517-41-R37U AMD Ryzen 7 5800H/16GB/1TB SSD/RTX3070/17.3""",1,0,73,16,1000,0,17.3,0,1214.63,0,6,8,24,0
"Acer Nitro 5 AN517-52-73SP Intel Core i7-10750H/16GB/1TB SSD/RTX3060/17.3""",1,0,73,16,1000,0,17.3,0,966.04,2,6,12,23,0
"Acer Porsche Design Book RS AP714-51T Intel Evo Core i5-1135G7/8GB/512GB SSD/14"" Táctil",1,0,23,8,512,0,14.0,1,1499.0,2,3,11,7,1
"Acer Predator Helios 300 PH315-53-72T7 Intel Core i7-10750H/16GB/1TB SSD/RTX 3060/15.6""",1,0,82,16,1000,0,15.6,0,914.64,2,6,12,23,0
"Acer Predator Helios 300 PH315-54-76XV Intel Core i7-11800H/16GB/1TB SSD/RTX 3060/15.6""",1,0,82,16,1000,0,15.6,0,1098.29,2,6,12,23,0
"Acer Predator Helios 300 PH315-54-784L Intel Core i7-11800H/32GB/1TB SSD/RTX3070/15.6""",1,0,82,32,1000,0,15.6,0,1344.69,2,6,12,24,0
"Acer Predator Triton 500 SE PT516-51s-74PZ Intel Core i7-11800H/32GB/1TB SSD/RTX 3060/16""",1,0,82,32,1000,0,16.0,0,1751.09,2,6,12,23,0
"Apple MacBook Air Intel Core i3/8GB/256GB SSD/13.3"" Gris Espacial",1,2,65,8,256,0,13.3,0,710.0,2,3,10,7,1
"Apple MacBook Air Intel Core i3/8GB/256GB SSD/13.3"" Oro",1,2,65,8,256,0,13.3,0,727.37,2,3,10,7,1
"Apple MacBook Air Intel Core i3/8GB/256GB SSD/13.3"" Plata",1,2,65,8,256,0,13.3,0,767.39,2,3,10,7,1
"Apple MacBook Air Intel Core i5 1.6GHz/8GB/128GB SSD/13.3"" Retina Oro",1,2,65,8,128,0,13.3,0,625.91,2,3,11,7,1
"Apple MacBook Air Intel Core i5/8 GB/256GB SSD/13.3"" Gris Espacial",1,2,65,8,256,0,13.3,0,873.6,2,3,11,7,1
"Apple MacBook Air Intel Core i5/8GB/128GB SSD/13.3"" Gris Espacial",1,2,65,8,128,0,13.3,0,745.15,2,3,11,7,1
"Apple MacBook Air Intel Core i5/8GB/128GB SSD/13.3"" Plata",1,2,65,8,128,0,13.3,0,658.25,2,3,11,7,1
"Apple MacBook Air Intel Core i5/8GB/256 GB SSD/13.3"" Plata",1,2,65,8,256,0,13.3,0,1098.08,2,3,11,7,1
"Apple MacBook Air Intel Core i5/8GB/256GB SSD/13.3"" Gris Espacial",1,2,65,8,256,0,13.3,0,755.0,2,3,11,7,1
"Apple MacBook Air Intel Core i5/8GB/512GB SSD/13.3"" Gris Espacial",1,2,65,8,512,0,13.3,0,1020.01,2,3,11,7,1
"Apple MacBook Air i5/4GB/256GB/13.3"" Plata",1,2,65,4,256,0,13.3,0,324.0,2,3,11,7,1
"Apple MacBook Intel Core M3/8GB/256GB/12"" Plata",1,2,67,8,256,0,12.0,0,614.08,2,3,4,7,1
"Apple MacBook Pro 2021 Apple M1 Pro/16GB/1TB SSD/14.2"" Gris Espacial",1,2,66,16,1000,0,14.2,0,2500.01,1,3,2,7,1
"Apple MacBook Pro Apple M1 Pro/16GB/1TB SSD/16.2"" Gris Espacial",1,2,66,16,1000,0,16.2,0,2979.0,1,3,2,7,1
"Apple MacBook Pro Apple M1 Pro/16GB/1TB SSD/16.2"" Plata",1,2,66,16,1000,0,16.2,0,2950.0,1,3,2,7,1
"Apple MacBook Pro Apple M1 Pro/16GB/512GB SSD/14.2"" Plata",1,2,66,16,512,0,14.2,0,2500.01,1,3,2,7,1
"Apple MacBook Pro Apple M1 Pro/32GB/1TB SSD/14.2"" Gris Espacial",1,2,66,32,1000,0,14.2,0,2500.01,1,3,2,7,1
"Apple MacBook Pro Apple M1/16GB/1TB SSD/13.3"" Gris Espacial",1,2,66,16,1000,0,13.3,0,1999.0,1,3,2,7,1
"Apple MacBook Pro Apple M1/8GB/256GB SSD/13.3"" Plata",1,2,66,8,256,0,13.3,0,1029.76,1,3,2,7,1
"Apple MacBook Pro Intel Core i5 1.4GHz/8GB/128GB SSD/13.3"" Gris Espacial",1,2,66,8,128,0,13.3,0,906.5,2,3,11,7,1
"Apple MacBook Pro Intel Core i5 1.4GHz/8GB/128GB SSD/13.3"" Plata",1,2,66,8,128,0,13.3,0,906.5,2,3,11,7,1
"Apple MacBook Pro Intel Core i5 2.4GHz/8GB/256GB SSD/13.3"" Gris Espacial",1,2,66,8,256,0,13.3,0,764.67,2,3,11,7,1
"Apple MacBook Pro Intel Core i5 2.4GHz/8GB/256GB SSD/13.3"" Gris Espacial Refurbished",1,2,66,8,256,0,13.3,0,926.65,2,3,11,7,1
"Apple MacBook Pro Intel Core i5 2.4GHz/8GB/256GB SSD/13.3"" Plata",1,2,66,8,256,0,13.3,0,764.67,2,3,11,7,1
"Apple MacBook Pro Intel Core i5 2.4GHz/8GB/512GB SSD/13.3"" Gris Espacial",1,2,66,8,512,0,13.3,0,804.46,2,3,11,7,1
"Apple MacBook Pro Intel Core i5 2.4GHz/8GB/512GB SSD/13.3"" Plata",1,2,66,8,512,0,13.3,0,1027.5,2,3,11,7,1
"Apple MacBook Pro Intel Core i5/16GB/1TB SSD/13.3"" Gris Espacial",1,2,66,16,1000,0,13.3,0,1491.33,2,3,11,7,1
"Apple MacBook Pro Intel Core i5/16GB/1TB SSD/13.3"" Plata",1,2,66,16,1000,0,13.3,0,1491.33,2,3,11,7,1
"Apple MacBook Pro Intel Core i5/16GB/512GB SSD/13.3"" Plata",1,2,66,16,512,0,13.3,0,1299.75,2,3,11,7,1
"Apple MacBook Pro Intel Core i5/8GB/256GB SSD/13.3"" Gris Espacial",1,2,66,8,256,0,13.3,0,816.4,2,3,11,7,1
"Apple MacBook Pro Intel Core i5/8GB/256GB SSD/13.3"" Plata",1,2,66,8,256,0,13.3,0,1155.01,2,3,11,7,1
"Apple MacBook Pro Intel Core i5/8GB/512GB SSD/13.3"" Gris Espacial",1,2,66,8,512,0,13.3,0,1063.34,2,3,11,7,1
"Apple MacBook Pro Intel Core i5/8GB/512GB SSD/13.3"" Plata",1,2,66,8,512,0,13.3,0,1299.75,2,3,11,7,1
"Apple MacBook Pro Intel Core i7 2.6GHz/16GB/256GB SSD/Radeon Pro 555X/15.4"" Plata",1,2,66,16,256,0,15.4,0,1118.25,2,3,12,7,1
"Apple MacBook Pro Intel Core i9 2.3GHz/16GB/512GB SSD/Radeon Pro 560X/15.4"" Gris Espacial",1,2,66,16,512,0,15.4,0,1410.65,2,8,13,31,3
"Apple MacBook Pro Intel Core i9 2.3GHz/16GB/512GB SSD/Radeon Pro 560X/15.4"" Plata",1,2,66,16,512,0,15.4,0,1410.65,2,8,13,31,3
"Apple MacBook Pro Touch Bar Intel Core i7/16Gb/1TB SSD/13.3"" Gris Espacial",1,2,66,16,1000,0,13.3,0,1632.5,2,3,12,7,1
"Apple Macbook Air Apple M2/8 GB/256GB SSD/GPU Octa Core/13.6"" Midnight",1,2,65,8,256,0,13.6,0,1519.0,1,3,2,7,1
"Apple Macbook Pro Intel Core i9/32GB/2TB SSD/Radeon Pro 5500M/Layout USA/16"" Gris Espacial",1,2,66,32,2000,0,16.0,0,2711.4,2,8,13,38,3
"Asus Chromebook 14 C424MA-EB0088 Intel Celeron N4020/8GB/64GB eMMC/14""",1,3,26,8,64,1,14.0,0,399.0,2,3,1,7,1
"Asus E510MA-BQ509TS Intel Celeron N4020/4GB/128GB eMMC/15.6""",1,3,35,4,128,1,15.6,0,299.0,2,3,1,7,1
"Asus ExpertBook B1 B1500CEAE-EJ0609T Intel Core i5-1135G7/8GB/1TB SSD/15.6""",1,3,42,8,1000,0,15.6,0,699.0,2,3,11,7,1
"Asus ExpertBook L1500CDA-EJ0480R AMD Ryzen 3 3250U/8GB/256GB SSD/15.6""",1,3,42,8,256,0,15.6,0,469.0,0,3,6,7,1
"Asus F415JA-EK395 Intel Core i5-1035G1/8GB/512GB SSD/14""",1,3,44,8,512,0,14.0,0,403.23,2,3,11,7,1
"Asus F515JA-BQ1126T Intel Core i7-1065G7/8GB/512GB SSD/15.6""",1,3,46,8,512,0,15.6,0,699.0,2,3,12,7,1
"Asus P1411CJA-BV377R Intel Core i5-1035G1/8GB/256GB SSD/14""",1,3,77,8,256,0,14.0,0,549.0,2,3,11,7,1
"Asus ROG Flow X13 GV301QH-K5254T AMD Ryzen 9 5980HS/32GB/1TB SSD/GTX 1650+RTX 3080/13.4"" Táctil",1,3,87,32,1000,0,13.4,1,2099.0,0,6,9,25,0
"Asus ROG G513QM-HF026 AMD Ryzen 7 5800H/16GB/1TB SSD/RTX3060/15.6""",1,3,87,16,1000,0,15.6,0,1020.84,0,6,8,23,0
"Asus ROG G513QM-HF246 AMD Ryzen 7 5800H/16GB/1TB SSD/RTX3060/15.6""",1,3,87,16,1000,0,15.6,0,1183.68,0,6,8,23,0
"Asus ROG G513QM-HF326 AMD Ryzen 9 5900HX/16GB/1TB SSD/RTX3060/15.6""",1,3,87,16,1000,0,15.6,0,1299.0,0,6,9,23,0
"Asus ROG Strix G15 G512LW-HN038 Intel Core i7-10750H/16GB/512GB SSD/RTX 2070/15.6""",1,3,87,16,512,0,15.6,0,1106.34,2,6,12,19,0
"Asus ROG Strix SCAR 15 G533QS-HF009T AMD Ryzen 9 5900HX/32GB/1TB SSD/RTX 3080/15.6""",1,3,87,32,1000,0,15.6,0,2071.29,0,6,9,25,0
"Asus ROG Strix SCAR 17 G733QR-K4008T AMD Ryzen 9 5900HX/32GB/1TB SSD/RTX 3070/17.3""",1,3,87,32,1000,0,17.3,0,1931.64,0,6,9,24,0
"Asus ROG Zephyrus G14 GA401II-HE004 AMD Ryzen 7 4800HS/16GB/1TB SSD/GTX 1650Ti/14""",1,3,87,16,1000,0,14.0,0,771.79,0,2,8,5,2
"Asus ROG Zephyrus G14 GA401II-HE004T AMD Ryzen 7 4800HS/16GB/1TB SSD/GTX 1650Ti/14""",1,3,87,16,1000,0,14.0,0,852.09,0,2,8,5,2
"Asus ROG Zephyrus G14 GA401IU-HA134T AMD Ryzen 9 4900HS/16GB/1TB SSD/GTX 1660/14""",1,3,87,16,1000,0,14.0,0,1399.0,0,2,9,6,3
"Asus ROG Zephyrus G14 GA402RK-L8150W AMD Ryzen 9 6900HS/32GB/1TB SSD/RX 6800S/14""",1,3,87,32,1000,0,14.0,0,2799.0,0,7,9,35,0
"Asus ROG Zephyrus S17 GX701LXS-HG032T Intel Core i7-10875H/32GB/1TB SSD/RTX 2080/17.3""",1,3,87,32,1000,0,17.3,0,1792.89,2,6,12,20,0
"Asus ROG Zephyrus S17 GX703HS-KF015T Intel Core i9-11900H/32GB/3TB SSD/RTX 3080/17.3""",1,3,87,32,3000,0,17.3,0,3499.01,2,6,13,25,0
"Asus Rog Strix G15 G512LU-HN161 Intel Core i7-10750H/16GB/1TB SSD/GTX 1660Ti/15.6""",1,3,87,16,1000,0,15.6,0,880.19,2,2,12,6,3
"Asus Rog Strix G15 G512LV-HN221 Intel Core i7-10870H/16GB/1TB SSD/RTX2060/15.6""",1,3,87,16,1000,0,15.6,0,856.24,2,6,12,18,0
"Asus Rog Strix G15 G513QR-HF010T AMD Ryzen 7 5800H/16GB/1TB SSD/RTX 3070/15.6""",1,3,87,16,1000,0,15.6,0,1499.0,0,6,8,24,0
"Asus Rog Strix G15 G513QR-HF120 AMD Ryzen 7 5800H/32GB/1TB SSD/RTX 3070/15.6""",1,3,87,32,1000,0,15.6,0,1397.54,0,6,8,24,0
"Asus Rog Strix G17 G713QR-HG053 AMD Ryzen 9 5900HX/32GB/1TB SSD/RTX 3070/17.3""",1,3,87,32,1000,0,17.3,0,1999.0,0,6,9,24,0
"Asus Rog Strix G531GT-BQ165 Intel Core i7-9750H/16GB/512GB SSD/GTX1650/15.6""",1,3,87,16,512,0,15.6,0,815.44,2,2,12,5,2
"Asus Rog Strix G731GW-EV178 Intel Core i7-9750H/32GB/1TB SSD/RTX 2070/17.3""",1,3,87,32,1000,0,17.3,0,1465.79,2,6,12,19,0
"Asus Rog Strix SCAR 17 G732LXS-HG066T Intel Core i9-10980HK/32GB/1TB SSD/RTX 2080 SUPER/17.3""",1,3,87,32,1000,0,17.3,0,1770.24,2,6,13,20,0
"Asus Rog Strix SCAR 17 G733QS-K4170T AMD Ryzen 9 5900HX/64GB/1TB+1TB SSD/RTX 3080/17.3""",1,3,87,64,1000,0,17.3,0,2871.29,0,6,9,25,0
"Asus Rog Strix SCAR17 G732LXS-HG014T Intel Core i7-10875H/32GB/1TB SSD/RTX2080 SUPER/17.3""",1,3,87,32,1000,0,17.3,0,1571.74,2,6,12,20,0
"Asus Rog Strix Scar17 G732LWS-HG053T Intel Core i9-10980HK/32GB/1TB SSD/RTX2070SUPER/17.3""",1,3,87,32,1000,0,17.3,0,1861.34,2,6,13,19,0
"Asus Rog Zephyrus G14 GA401IU-HE002 AMD Ryzen 7 4800HS APU/16GB/1TB SSD/GTX1660Ti/14""",1,3,87,16,1000,0,14.0,0,854.59,0,2,8,6,3
"Asus Rog Zephyrus G15 GA502IV-HN024 AMD Ryzen 7 4800HS APU/16GB/1TB SSD/RTX2060/15.6""",1,3,87,16,1000,0,15.6,0,1091.09,0,6,8,18,0
"Asus Rog Zephyrus M15 GU502LV-AZ057T Intel Core i7-10750H/16GB/512GB SSD/RTX2060/15.6""",1,3,87,16,512,0,15.6,0,1067.29,2,6,12,18,0
"Asus Rog Zephyrus M15 GU502LW-HN071T Intel Core i7-10750H/16GB/1TB SSD/RTX2070/15.6""",1,3,87,16,1000,0,15.6,0,1271.09,2,6,12,19,0
"Asus Rog Zephyrus S GX701GWR-H6063T Intel Core i7-9750H/16GB/512GB SSD/RTX2070/17.3""",1,3,87,16,512,0,17.3,0,1648.69,2,6,12,19,0
"Asus TUF Dash F15 FX516PM-HN023 Intel Core i7-11370H/16GB/512GB SSD/RTX 3060/15.6""",1,3,98,16,512,0,15.6,0,942.84,2,6,12,23,0
"Asus TUF Dash F15 FX516PM-HN024 Intel Core i7-11370H/16GB/1TB SSD/RTX 3060/15.6""",1,3,98,16,1000,0,15.6,0,830.39,2,6,12,23,0
"Asus TUF Gaming A15 FA506IV-HN337 AMD Ryzen 7 4800H/16GB/1TB SSD/RTX 2060/15.6""",1,3,98,16,1000,0,15.6,0,757.53,0,6,8,18,0
Asus TUF Gaming A15 FA506QM-HN005 AMD Ryzen 7 5800H/16 GB/1TB SSD/RTX3060/15.6'',1,3,98,16,1000,0,15.6,0,1175.14,0,6,8,23,0
"Asus TUF Gaming A15 FA507RR-HN003 AMD Ryzen 7 6800H/16GB/1TB SSD/RTX 3070/15.6""",1,3,98,16,1000,0,15.6,0,1999.0,0,6,8,24,0
"Asus TUF Gaming A17 FA706QM-HX001 AMD Ryzen 7 5800H/16GB/1TB SSD/RTX 3060/17.3""",1,3,98,16,1000,0,17.3,0,1270.23,0,6,8,23,0
"Asus TUF Gaming F15 FX506LH-BQ116 Intel Core i7-10870H/16GB/1TB SSD/GTX1650/15.6""",1,3,98,16,1000,0,15.6,0,652.19,2,2,12,5,2
"Asus TUF Gaming F15 FX506LH-HN129 Intel Core i7-10870H/16GB/512GB SSD/GTX1650/15.6""",1,3,98,16,512,0,15.6,0,606.09,2,2,12,5,2
"Asus TUF Gaming F15 FX506LH-HN129T Intel Core i7-10870H/16GB/512GB SSD/GTX1650/15.6""",1,3,98,16,512,0,15.6,0,794.74,2,2,12,5,2
"Asus TUF Gaming FX505DV-AL014 AMD Ryzen 7 3750H/16GB/512GB SSD/RTX 2060/15.6""",1,3,98,16,512,0,15.6,0,766.09,0,6,8,18,0
"Asus TUF Gaming FX505DV-AL116 AMD Ryzen 7 3750H/16GB/1TB SSD/RTX 2060/15.6""",1,3,98,16,1000,0,15.6,0,853.69,0,6,8,18,0
"Asus Tuf Gaming A15 FA506II-BQ029 AMD Ryzen 7 4800H/16GB/1TB SSD/GTX 1650Ti/15.6""",1,3,98,16,1000,0,15.6,0,647.39,0,2,8,5,2
"Asus Tuf Gaming A15 FA506IU-HN278 AMD Ryzen 7 4800H APU/16GB/1TB SSD/GTX 1660Ti/15.6""",1,3,98,16,1000,0,15.6,0,785.69,0,2,8,6,3
"Asus VivoBook 14 M413DA-EB462 AMD Ryzen 7 3700U/8GB/512GB SSD/14""",1,3,113,8,512,0,14.0,0,495.74,0,3,8,7,1
"Asus VivoBook 15 F515JA-EJ066 Intel Core i3-1005G1/8GB/256GB SSD/15.6""",1,3,113,8,256,0,15.6,0,363.83,2,3,10,7,1
"Asus VivoBook 15 OLED K513EA-L12437T Intel Core i7-1165G7/12GB/512GB SSD/15.6""",1,3,113,12,512,0,15.6,0,799.0,2,3,12,7,1
"Asus VivoBook 15 X513EA-BQ003T Intel Core i5-1135G7/8GB/512GB SSD/15.6""",1,3,113,8,512,0,15.6,0,549.99,2,3,11,7,1
"Asus VivoBook 15 X513EA-BQ004T Intel Core i5-1135G7/8GB/512GB SSD/15.6""",1,3,113,8,512,0,15.6,0,699.0,2,3,11,7,1
"Asus VivoBook S14 S433EA-EB1149T Intel Core i7-1165G7/16GB/512GB SSD/14""",1,3,113,16,512,0,14.0,0,799.0,2,3,12,7,1
"Asus VivoBook S15 S533EA-BN246T Intel Core i7-1165G7/16GB/512GB SSD/15.6""",1,3,113,16,512,0,15.6,0,799.0,2,3,12,7,1
"Asus VivoBook S433EA-AM423T Intel Core i5-1135G7/8GB/512GB SSD/14""",1,3,113,8,512,0,14.0,0,699.0,2,3,11,7,1
"Asus VivoBook S433EQ-EB048T Intel Core i7-1165G7/16GB/512GB SSD/MX350/14""",1,3,113,16,512,0,14.0,0,999.0,2,3,12,7,1
"Asus ZenBook 14 UX425EA-BM020T Intel Core i7-1165G7/16GB/512GB SSD/14""",1,3,120,16,512,0,14.0,0,849.0,2,3,12,7,1
"Asus ZenBook Flip S 13 UX371EA-HL259T Intel Evo Core i7-1165G7/16GB/512GB SSD/13.3"" Táctil",1,3,120,16,512,0,13.3,1,1099.99,2,3,12,7,1
"Asus Zenbook 14 UM425IA-AM006T AMD Ryzen 7 4700U/16GB/512GB SSD/14""",1,3,120,16,512,0,14.0,0,799.0,0,3,8,7,1
"Asus Zenbook 14 UM431DA-AM011R AMD Ryzen R5 3500U/8GB/512GB SSD/14""",1,3,120,8,512,0,14.0,0,571.54,0,3,7,7,1
"Asus Zenbook 14 UX425EA-HM165T Intel Core i7-1165G7/16GB/512GB SSD/14""",1,3,120,16,512,0,14.0,0,950.0,2,3,12,7,1
"Asus Zenbook 14 UX425EA-KI359T Intel Core i7-1165G7/16GB/512GB SSD/14""",1,3,120,16,512,0,14.0,0,849.0,2,3,12,7,1
"Dell Latitude 3400 Intel Core i5-8265U/8GB/256GB SSD/14""",1,5,60,8,256,0,14.0,0,579.2,2,3,11,7,1
"Dell Latitude 5480 Intel Core i5-7300U/8GB/256GB SSD/14""",1,5,60,8,256,0,14.0,0,489.0,2,3,11,7,1
"Dell Latitude 5490 Intel Core i5-8250U/8GB/256GB SSD/14""",1,5,60,8,256,0,14.0,0,499.0,2,3,11,7,1
"Dell Latitude E5470 Intel Core i5-6300U/8GB/240GB SSD/14""",1,5,60,8,240,0,14.0,0,499.0,2,3,11,7,1
"Dell Latitude E5550 Intel Core i5-5300U/8GB/128GB SSD/15.6""",1,5,60,8,128,0,15.6,0,489.0,2,3,11,7,1
"Dell Latitude E7470 Intel Core i5-6300U/16GB/256GB SSD/14""",1,5,60,16,256,0,14.0,0,529.0,2,3,11,7,1
"Dell Latitude E7470 Intel Core i5-6300U/8GB/256GB SSD/14""",1,5,60,8,256,0,14.0,0,519.01,2,3,11,7,1
"Dell Vostro 3515 AMD Ryzen 5 3450U/8 GB/256GB SSD/15.6""",1,5,115,8,256,0,15.6,0,617.54,0,3,7,7,1
"Dell Vostro 5301 Intel Core i5-1135G7/8GB/256GB SSD/13.3""",1,5,115,8,256,0,13.3,0,420.74,2,3,11,7,1
"Dell Vostro 5301 Intel Core i5-1135G7/8GB/512GB SSD/13.3""",1,5,115,8,512,0,13.3,0,511.59,2,3,11,7,1
"Dell Vostro 5502 Intel Core i5-1135G7/8GB/512GB SSD/15.6""",1,5,115,8,512,0,15.6,0,549.93,2,3,11,7,1
"Dell XPS 13 9300 Intel Core i5-1035G1/8GB/512GB SSD/13.4""",1,5,117,8,512,0,13.4,0,699.0,2,3,11,7,1
"Dell XPS 7390 Intel Core i7-10510U/16GB/512GB SSD/13.3""",1,5,117,16,512,0,13.3,0,1086.88,2,3,12,7,1
"Dynabook Toshiba Satellite Pro C50-G-10S Intel Core i7-10510U/8GB/256GB SSD/15.6""",1,7,90,8,256,0,15.6,0,427.59,2,3,12,7,1
"Dynabook Toshiba Satellite Pro C50-H-114 Intel Core i7-1065G7/8GB/512GB SSD/15.6""",1,7,90,8,512,0,15.6,0,407.49,2,3,12,7,1
"Dynabook Toshiba Tecra A40-J-17N Intel Core i5-1135G7/8GB/256GB SSD/14""",1,7,99,8,256,0,14.0,0,889.0,2,3,11,7,1
"Gigabyte A7 X1-CES1130SH AMD Ryzen 9 5900HX/16GB/512GB SSD/RTX3070/17.3""",1,8,11,16,512,0,17.3,0,1295.89,0,6,9,24,0
"Gigabyte AERO 15 OLED KC-8ES5130VP Intel Core i7-10870H/16GB/512GB SSD/RTX 3060/15.6""",1,8,14,16,512,0,15.6,0,1333.69,2,6,12,23,0
"Gigabyte AERO 15 OLED KD-72ES624SP Intel Core i7-11800H/16GB/1TB SSD/RTX 3060/15.6""",1,8,14,16,1000,0,15.6,0,1183.28,2,6,12,23,0
"Gigabyte AERO 15 OLED WB-8ES5130SD Intel Core i7-10875H/16GB/512GB SSD/RTX 2070/15.6""",1,8,14,16,512,0,15.6,0,1128.54,2,6,12,19,0
"Gigabyte AERO 15 OLED WB-9ES5150SP Intel Core i9-10980HK/16GB/1TB SSD/RTX 2070 Max Q/15.6""",1,8,14,16,1000,0,15.6,0,1313.64,2,6,13,19,0
"Gigabyte AERO 15 OLED XA-7ES5130SD Intel Core i7-9750H/16GB/512GB SSD/RTX 2070/15.6""",1,8,14,16,512,0,15.6,0,1110.94,2,6,12,19,0
"Gigabyte AERO 15 OLED XD-73ES624SR Intel Core i7-11800H/16GB/1TB SSD/RTX 3070/15.6""",1,8,14,16,1000,0,15.6,0,1899.0,2,6,12,24,0
"Gigabyte AERO 15 OLED XD-73ES644SP Intel Core i7-11800H/32GB/1TB SSD/RTX 3070/15.6""",1,8,14,32,1000,0,15.6,0,1557.69,2,6,12,24,0
"Gigabyte AERO 15 XA-7ES2130SH Intel Core i7-9750H/16GB/512GB SSD/RTX 2070Q/15.6""",1,8,14,16,512,0,15.6,0,1605.19,2,6,12,19,0
"Gigabyte AERO 15 XB-7ES1130SH Intel Core i7-10750H/16GB/512GB SSD/RTX 2070 SUPER/15.6""",1,8,14,16,512,0,15.6,0,1263.99,2,6,12,19,0
"Gigabyte AERO 16 YE5-94ES948HP Intel Core i9-12900HK/32GB/2TB SSD/RTX 3080Ti/16""",1,8,14,32,2000,0,16.0,0,3799.0,2,6,13,25,0
"Gigabyte AERO 17 HDR WB-8ES4130SH Intel Core i7-10875H/16GB/512GB SSD/RTX 2070/17.3""",1,8,14,16,512,0,17.3,0,2257.84,2,6,12,19,0
"Gigabyte AORUS 15G KB-7ES1130MD Intel Core i7-10750H/16GB/512GB SSD/RTX 2060/15.6""",1,8,18,16,512,0,15.6,0,808.49,2,6,12,18,0
"Gigabyte AORUS 15G WB-8ES2130MD Intel Core i7-10875H/16GB/512GB SSD/RTX 2070/15.6""",1,8,18,16,512,0,15.6,0,966.14,2,6,12,19,0
"Gigabyte AORUS 15G XB-8ES2130MD Intel Core i7-10875H/16GB/512GB SSD/RTX 2070 SUPER/15.6""",1,8,18,16,512,0,15.6,0,1045.94,2,6,12,19,0
"Gigabyte AORUS 15P KB-7ES1130SD Intel Core i7-10750/16GB/512GB SSD/RTX 2060/15.6""",1,8,18,16,512,0,15.6,0,935.69,2,6,12,18,0
"Gigabyte AORUS 15P KC-8ES2130SH Intel Core i7-10870H/16GB/512GB SSD/RTX 3060/15.6""",1,8,18,16,512,0,15.6,0,1043.24,2,6,12,23,0
"Gigabyte AORUS 15P KD-72ES224SH Intel Core i7-11800H/16GB/1TB SSD/RTX 3060/15.6""",1,8,18,16,1000,0,15.6,0,1599.0,2,6,12,23,0
"Gigabyte AORUS 15P XC-8ES2430SH Intel Core i7-10870H/32GB/512GB SSD/RTX 3070/15.6""",1,8,18,32,512,0,15.6,0,1300.94,2,6,12,24,0
"Gigabyte AORUS 15P XD Intel Core i7-11800H/16GB/1TB SSD/RTX 3070/15.6""",1,8,18,16,1000,0,15.6,0,1699.0,2,6,12,24,0
"Gigabyte AORUS 15P XD-73ES324SH Intel Core i7-11800H/16GB/1TB SSD/RTX 3070/15.6""",1,8,18,16,1000,0,15.6,0,1304.79,2,6,12,24,0
"Gigabyte AORUS 17 YE5-74ES544SH Intel Core i7-12700H/32GB/1TB SSD/RTX 3080Ti/17.3""",1,8,18,32,1000,0,17.3,0,3099.0,2,6,12,25,0
"Gigabyte AORUS 17G XC-8ES6430RH Intel Core i7-10870H/32GB/512GB SSD/RTX 3070/17.3""",1,8,18,32,512,0,17.3,0,1478.39,2,6,12,24,0
"Gigabyte AORUS 5 KE4-72ES314SO Intel Core i7-12700H/16GB/1TB SSD/RTX 3060/15.6""",1,8,18,16,1000,0,15.6,0,1699.0,2,6,12,23,0
"Gigabyte Aorus 15-SA-7ES0250D Intel Core i7-9750H/16GB/512GB SSD/GTX 1660Ti/15.6""",1,8,18,16,512,0,15.6,0,835.24,2,2,12,6,3
"HP 15S-EQ2127NS AMD Ryzen 3 5300U/8GB/256GB SSD/15.6""",1,9,4,8,256,0,15.6,0,449.0,0,3,6,7,1
"HP 15S-FQ1169NS Intel Core i5-1035G1/8GB/512GB SSD/15.6""",1,9,4,8,512,0,15.6,0,407.69,2,3,11,7,1
"HP 15S-FQ4052NS Intel Core i5-1155G7/8GB/512GB SSD/15.6""",1,9,4,8,512,0,15.6,0,555.49,2,3,11,7,1
"HP 15S-fq2005ns Intel Core i5-1135G7/8GB/512GB SSD/15.6""",1,9,4,8,512,0,15.6,0,421.27,2,3,11,7,1
"HP 15S-fq2095ns Intel Core i3-1115G4/8GB/256GB SSD/15.6""",1,9,4,8,256,0,15.6,0,334.54,2,3,10,7,1
"HP 15S-fq2159ns Intel Core i3-1115G4/8GB/256GB SSD/15.6"" + Microsoft 365 Personal 12 Meses",0,9,4,8,256,0,15.6,0,608.94,2,3,10,7,1
"HP 15S-fq4027ns Intel Core i5-1155G7/8GB/512GB SSD/15.6""",1,9,4,8,512,0,15.6,0,475.99,2,3,11,7,1
"HP 250 G8 Intel Core i3-1115G4/8GB/512GB SSD/15.6""",1,9,7,8,512,0,15.6,0,392.69,2,3,10,7,1
"HP 255 G8 AMD Ryzen 5 3500U/8GB/256 GB SSD/15.6""",1,9,8,8,256,0,15.6,0,410.69,0,3,7,7,1
"HP EliteBook 650 G9 Intel Core i7-1255U/8GB/512GB SSD/15.6""",1,9,38,8,512,0,15.6,0,1654.05,2,3,12,7,1
"HP EliteBook 830 G6 Intel Core i5-8265U/8GB/256GB SSD/13.3""",1,9,38,8,256,0,13.3,0,725.89,2,3,11,7,1
"HP EliteBook 830 G8 Intel Core i5-1135G7/8GB/256GB SSD/13.3""",1,9,38,8,256,0,13.3,0,1678.02,2,3,11,7,1
"HP EliteBook 830 G8 Intel Core i7-1165G7/16GB/512GB SSD/13.3""",1,9,38,16,512,0,13.3,0,1943.51,2,3,12,7,1
"HP EliteBook 840 G4 Intel Core  i7-7500U/8GB/256GB SSD/14""",1,9,38,8,256,0,14.0,0,538.0,2,3,12,7,1
"HP EliteBook 840 G8 Intel Core i7-1165G7/16GB/512GB SSD/14""",1,9,38,16,512,0,14.0,0,1689.06,2,3,12,7,1
"HP EliteBook 850 G6 Intel Core i5-8265U/8GB/256GB SSD/15.6""",1,9,38,8,256,0,15.6,0,520.0,2,3,11,7,1
"HP EliteBook 850 G7 Intel Core i5-10210U/8GB/256GB SSD/15.6""",1,9,38,8,256,0,15.6,0,1074.06,2,3,11,7,1
"HP EliteBook 850 G8 Intel Core i7-1165G7/16GB/512GB SSD/15.6""",1,9,38,16,512,0,15.6,0,1889.25,2,3,12,7,1
"HP EliteBook x360 1030 G4 Intel Core i5-8265U/8GB/256GB SSD/13.3"" Táctil",1,9,38,8,256,0,13.3,1,866.0,2,3,11,7,1
"HP Essential 255 G8 AMD Ryzen 5 5500U/8GB/512GB SSD/15.6""",1,9,8,8,512,0,15.6,0,599.0,0,3,7,7,1
"HP OMEN 15-DC0005NS Intel Core i7-8750H/8GB/1TB/GTX 1050/15.6""",1,9,76,8,1000,0,15.6,0,784.69,2,2,12,3,3
"HP OMEN 15-EN0004NS AMD Ryzen 7 4800H/16GB/1TB SSD/RTX 2060/15.6""",1,9,76,16,1000,0,15.6,0,863.44,0,6,8,18,0
"HP OMEN 16-C0045NS AMD Ryzen 9 5900HX/16GB/1TB SSD/RTX 3070/16.1""",1,9,76,16,1000,0,16.1,0,1242.39,0,6,9,24,0
"HP OMEN 16-b0045ns Intel Core i7-11800H/16GB/1TB SSD/RTX 3060/16.1""",1,9,76,16,1000,0,16.1,0,1499.0,2,6,12,23,0
"HP OMEN 16-b0046ns Intel Core i7-11800H/32GB/1TB SSD/RTX 3060/16.1""",1,9,76,32,1000,0,16.1,0,1198.64,2,6,12,23,0
"HP OMEN 16-c0013ns AMD Ryzen 7 5800H/16GB/512GB SSD/RTX 3050Ti/16.1""",1,9,76,16,512,0,16.1,0,829.33,0,6,8,22,0
"HP OMEN 17-CB1005NS Intel Core i7-10750H/32GB/1TB SSD/RTX 2080 SUPER/17.3""",1,9,76,32,1000,0,17.3,0,1297.04,2,6,12,20,0
"HP OMEN 17-ck0014ns Intel Core i7-11800H/32GB/1TB SSD/RTX 3070/17.3""",1,9,76,32,1000,0,17.3,0,1606.44,2,6,12,24,0
"HP Omen 15-EK0004NS Intel Core i7-10750H/16GB/1TB SSD/RTX 2070/15.6""",1,9,76,16,1000,0,15.6,0,911.84,2,6,12,19,0
"HP Omen 15-EN0002NS AMD Ryzen 7 4800H/16GB/1TB SSD/GTX 1650Ti/15.6""",1,9,76,16,1000,0,15.6,0,676.84,0,2,8,5,2
"HP Omen 15-en1004ns AMD Ryzen 7 5800H/16GB/1TB SSD/RTX 3070/15.6""",1,9,76,16,1000,0,15.6,0,1199.99,0,6,8,24,0
"HP Omen 15-en1011ns AMD Ryzen 7 5800H/16GB/1TB SSD/RTX 3060/15.6""",1,9,76,16,1000,0,15.6,0,912.44,0,6,8,23,0
"HP Pavilion Gaming 15-EC1012NS AMD Ryzen 7 4800H/16GB/512GB SSD/GTX 1650Ti/15.6""",1,9,79,16,512,0,15.6,0,621.54,0,2,8,5,2
"HP Pavilion Gaming 16-A0008NS Intel Core i5-10300H/8GB/512GB SSD/GTX 1050/16.1""",1,9,79,8,512,0,16.1,0,545.38,2,2,11,3,3
"HP Pavilion Gaming 16-A0010NS Intel Core i7-10750H/16GB/512GB SSD/GTX 1650Ti/16.1""",1,9,79,16,512,0,16.1,0,641.14,2,2,12,5,2
"HP Pavilion Gaming 16-A0029NS Intel Core i7-10750H/16GB/512GB SSD/RTX 2060/16.1""",1,9,79,16,512,0,16.1,0,711.94,2,6,12,18,0
"HP Pavilion Gaming 17-CD1000NS Intel Core i7-10750H/8GB/512GB SSD/GTX 1650/17.3""",1,9,79,8,512,0,17.3,0,663.38,2,2,12,5,2
"HP Pavilion Laptop 14-CE3008NS Intel Core i5-1035G1/8GB/512GB SSD/MX130/14""",1,9,79,8,512,0,14.0,0,565.54,2,4,11,8,2
"HP ProBook 430 G7 Intel Core i5-10210U/8GB/256GB SSD/13.3""",1,9,85,8,256,0,13.3,0,749.99,2,3,11,7,1
"HP ProBook 440 G8 Intel Core i5-1135G7/8GB/256GB SSD/14""",1,9,85,8,256,0,14.0,0,1335.2,2,3,11,7,1
"HP ProBook 450 G6 Intel Core i5-8265U/8GB/256GB SSD/15.6""",1,9,85,8,256,0,15.6,0,569.99,2,3,11,7,1
"HP ProBook 450 G7 Intel Core i5-10210U/8GB/256GB SSD/15.6""",1,9,85,8,256,0,15.6,0,1031.89,2,3,11,7,1
"HP ProBook 450 G8 Intel Core i5-1135G7/16GB/512GB SSD/15.6""",1,9,85,16,512,0,15.6,0,1298.15,2,3,11,7,1
"HP ProBook 450 G8 Intel Core i7-1165G7/16GB/512GB SSD/15.6""",1,9,85,16,512,0,15.6,0,1603.1,2,3,12,7,1
"HP Victus 16-d0031ns Intel Core i5-11400H/16GB/512GB SSD/GTX 1650/16.1""",1,9,112,16,512,0,16.1,0,624.78,2,2,11,5,2
"HP Victus 16-e0030ns AMD Ryzen 5 5600H/16GB/512GB SSD/RTX 3050/16.1""",1,9,112,16,512,0,16.1,0,735.84,0,6,7,22,0
"HP ZBook Firefly 14 G8 Intel Core i7-1165G7/16GB/512GB SSD/14""",1,9,119,16,512,0,14.0,0,1619.46,2,3,12,7,1
"HP ZBook Firefly 15 G8 Intel Core i7-1165G7/16 GB/512GB SSD/Quadro T500/15.6""",1,9,119,16,512,0,15.6,0,2677.83,2,9,12,42,3
"HP ZBook Fury G8 Intel Core i7-11800H/16 GB/512GB SSD/RTX A3000/15.6""",1,9,119,16,512,0,15.6,0,3848.01,2,6,12,15,0
"HP ZBook Fury G8 Intel Core i9-11900H/32GB/1TB SSD/RTX A4000/15.6""",1,9,119,32,1000,0,15.6,0,4805.65,2,3,13,7,1
"LG 15U70N Intel Core i7-10510U/16GB/512GB SSD/GTX1050/15.6""",1,12,5,16,512,0,15.6,0,704.24,2,2,12,3,3
"LG Gram 13Z990-G Intel Core i5-8265U/8GB/256GB SSD/13.3""",1,12,55,8,256,0,13.3,0,609.04,2,3,11,7,1
"LG Gram 14Z90P Intel Evo Core i5-1135G7/8GB/512GB SSD/14""",1,12,55,8,512,0,14.0,0,701.28,2,3,11,7,1
"LG Gram 17Z90P Intel Core i7-1165G7/32GB/1TB SSD/17""",1,12,55,32,1000,0,17.0,0,1424.19,2,3,12,7,1
"Lenovo IdeaPad 1 15ADA7 AMD Ryzen 5 3500U/8GB/512GB SSD/15.6""",1,13,56,8,512,0,15.6,0,569.04,0,3,7,7,1
"Lenovo IdeaPad 3 14IIL05 Intel Core i5-1035G1/8GB/512GB SSD/14""",1,13,56,8,512,0,14.0,0,699.0,2,3,11,7,1
"Lenovo IdeaPad 3 14ITL6 Intel Core i5-1135G7/8GB/512GB SSD/14""",1,13,56,8,512,0,14.0,0,649.0,2,3,11,7,1
"Lenovo IdeaPad 3 15ADA05 AMD 3020e/8GB/256GB SSD/15.6""",1,13,56,8,256,0,15.6,0,299.0,0,3,3,7,1
"Lenovo IdeaPad 3 15ALC6 AMD Ryzen 5 5500U/16GB/512GB SSD/15.6""",1,13,56,16,512,0,15.6,0,1010.27,0,3,7,7,1
"Lenovo IdeaPad 3 15ALC6 AMD Ryzen 5 5500U/8GB/512GB SSD/15.6""",1,13,56,8,512,0,15.6,0,713.83,0,3,7,7,1
"Lenovo IdeaPad 3 15IAU7 Intel Core i5-1235U/16GB/512GB SSD/15.6"" + Microsoft 365 Personal 12 Meses Descarga Digital",0,13,56,16,512,0,15.6,0,860.99,2,3,11,7,1
"Lenovo IdeaPad 3 15IGL05 Intel Celeron N4020/8GB/256GB SSD/15.6""",1,13,56,8,256,0,15.6,0,480.95,2,3,1,7,1
"Lenovo IdeaPad 3 15IIL05 Intel Core i3-1005G1/8GB/256GB SSD/15.6""",1,13,56,8,256,0,15.6,0,307.09,2,3,10,7,1
"Lenovo IdeaPad 3i 15ITL6 Gen 6 Intel Core i3-1115G4/8GB/512GB SSD/15.6""",1,13,56,8,512,0,15.6,0,719.79,2,3,10,7,1
"Lenovo IdeaPad 5 15IIL05 Intel Core i7-1065G7/16 GB/512GB SSD/15.6""",1,13,56,16,512,0,15.6,0,866.86,2,3,12,7,1
"Lenovo IdeaPad 5 15IIL05 Intel Core i7-1065G7/8 GB/512GB SSD/15.6""",1,13,56,8,512,0,15.6,0,934.24,2,3,12,7,1
"Lenovo IdeaPad 5 Pro 14ITL6 Intel Core i5-1135G7/16GB/512GB SSD/14""",1,13,56,16,512,0,14.0,0,999.0,2,3,11,7,1
"Lenovo IdeaPad C340-14IML Intel Core i7-10510U/8GB/512GB SSD/14"" Táctil",1,13,56,8,512,0,14.0,1,899.0,2,3,12,7,1
"Lenovo IdeaPad C340-14IWL Intel Core i3-8145U/8GB/256GB SSD/14"" Táctil",1,13,56,8,256,0,14.0,1,537.19,2,3,10,7,1
"Lenovo IdeaPad Flex 5 14ALC05 AMD Ryzen 7 5700U/8GB/512GB SSD/14"" Táctil",1,13,56,8,512,0,14.0,1,799.0,0,3,8,7,1
"Lenovo IdeaPad Gaming 3 15ACH6 AMD Ryzen 7 5800H/16 GB/1TB SSD/RTX3060/15.6""",1,13,56,16,1000,0,15.6,0,1249.0,0,6,8,23,0
"Lenovo IdeaPad Gaming 3 15IMH05 Intel Core i7-10750H/16GB/512GB SSD/GTX1650/15.6""",1,13,56,16,512,0,15.6,0,899.0,2,2,12,5,2
"Lenovo IdeaPad Intel Core i5-1135G7/8GB/512GB SSD/15.6""",1,13,56,8,512,0,15.6,0,802.61,2,3,11,7,1
"Lenovo IdeaPad S145-15IIL Intel Core i7-1065G7/8GB/256GB SSD/15.6""",1,13,56,8,256,0,15.6,0,501.99,2,3,12,7,1
Lenovo Legion 5 15ACH6-258 AMD Ryzen 7 5800H/16GB/512GB SSD/RTX 3060/15.6'' (PT),1,13,61,16,512,0,15.6,0,1150.04,0,6,8,23,0
"Lenovo Legion 5 15ACH6H AMD Ryzen 7 5800H/16 GB/512GB SSD/RTX3060/15.6""",1,13,61,16,512,0,15.6,0,1299.0,0,6,8,23,0
"Lenovo Legion 5 15ACH6H AMD Ryzen 7 5800H/16GB/1TB SSD/RTX 3060/15.6""",1,13,61,16,1000,0,15.6,0,996.04,0,6,8,23,0
"Lenovo Legion 5 15IMH05H Intel Core i7-10750H/16GB/512GB SSD/RTX2060/15.6""",1,13,61,16,512,0,15.6,0,1475.51,2,6,12,18,0
"Lenovo Legion 5 15ITH6H Intel Core i7-11800H/32GB/1TB SSD/RTX3070/15.6""",1,13,61,32,1000,0,15.6,0,1799.0,2,6,12,24,0
"Lenovo Legion 5 Pro 16IAH7H Intel Core i7-12700H/16GB/1TB SSD/RTX3060/16""",1,13,61,16,1000,0,16.0,0,2326.78,2,6,12,23,0
"Lenovo Legion 7 16IAX7 Intel Core i9-12900HX/32GB/1TB SSD/RTX 3080Ti/16""",1,13,61,32,1000,0,16.0,0,3337.69,2,6,13,25,0
"Lenovo Legion Y540-15IRH Intel Core i7-9750H/16GB/1TB+256GB SSD/GTX1660Ti/15.6""",1,13,61,16,256,0,15.6,0,875.54,2,2,12,6,3
"Lenovo Legion Y540-15IRH-PG0 Intel Core i7-9750HF/16GB/1TB+512GB SSD/GTX1650/15.6""",1,13,61,16,512,0,15.6,0,860.79,2,2,12,5,2
"Lenovo ThinkBook 14 G2 ITL Intel Core i3-1115G4/8GB/256GB SSD/14""",1,13,101,8,256,0,14.0,0,719.79,2,3,10,7,1
"Lenovo ThinkBook 14 G2 ITL Intel Core i5-1135G7/16GB/512GB SSD/14""",1,13,101,16,512,0,14.0,0,1049.0,2,3,11,7,1
"Lenovo ThinkBook 14 IIL Intel Core i3-1005G1/8GB/256GB SSD/14""",1,13,101,8,256,0,14.0,0,585.29,2,3,10,7,1
"Lenovo ThinkBook 14 Intel Core i5-1135G7/16GB/512GB SSD/14""",1,13,101,16,512,0,14.0,0,976.18,2,3,11,7,1
"Lenovo ThinkBook 15 AMD Ryzen 3 4300U/8GB/256GB SSD/15.6""",1,13,101,8,256,0,15.6,0,418.79,0,3,6,7,1
"Lenovo ThinkBook 15 G2 ITL Intel Core i5-1135G7/8GB/256GB SSD/15.6"" Gris",1,13,101,8,256,0,15.6,0,970.48,2,3,11,7,1
"Lenovo ThinkBook 15 IIL Intel Core i3-1005G1/8GB/256GB SSD/15.6""",1,13,101,8,256,0,15.6,0,426.39,2,3,10,7,1
"Lenovo ThinkPad E490 Intel Core i5-8265U/8GB/512GB SSD/14""",1,13,102,8,512,0,14.0,0,882.56,2,3,11,7,1
"Lenovo ThinkPad E590 Intel Core i7-8565U/8GB/256GB SSD/15.6""",1,13,102,8,256,0,15.6,0,735.92,2,3,12,7,1
"Lenovo ThinkPad L13 Yoga Gen 2 Intel Core  i5-1135G7/16GB/512GB SSD/13.3"" Táctil",1,13,102,16,512,0,13.3,1,1151.84,2,3,11,7,1
"Lenovo ThinkPad L14 Intel Core i5-10210U/16GB/512GB SSD/14""",1,13,102,16,512,0,14.0,0,1074.06,2,3,11,7,1
"Lenovo ThinkPad L390 Intel Core i5-8265U/8GB/256GB SSD/13.3""",1,13,102,8,256,0,13.3,0,1031.46,2,3,11,7,1
"Lenovo ThinkPad L490 Intel Core i7-8565U/8GB/256GB SSD/14""",1,13,102,8,256,0,14.0,0,1199.0,2,3,12,7,1
"Lenovo ThinkPad L580 Intel Core i5-8250U/8GB/256GB SSD/15.6""",1,13,102,8,256,0,15.6,0,846.56,2,3,11,7,1
"Lenovo ThinkPad L590 Intel Core i5-8265U/8GB/512GB SSD/15.6""",1,13,102,8,512,0,15.6,0,651.6,2,3,11,7,1
"Lenovo ThinkPad P52s Intel Core i7-8550U/8GB/256GB SSD/Quadro P500/15.6""",1,13,102,8,256,0,15.6,0,877.63,2,5,12,12,3
"Lenovo ThinkPad T14 Gen 1 AMD Ryzen 7 PRO 4750U/16GB/512GB SSD/14""",1,13,102,16,512,0,14.0,0,1439.26,0,3,8,7,1
"Lenovo ThinkPad T14 Intel Core i5-10210U/16GB/512GB SSD/14""",1,13,102,16,512,0,14.0,0,738.0,2,3,11,7,1
"Lenovo ThinkPad T14 Intel Core i5-10210U/8GB/256GB SSD/14""",1,13,102,8,256,0,14.0,0,1251.91,2,3,11,7,1
"Lenovo ThinkPad T14s Gen 2 Intel Evo Core i7-1165G7/16GB/512GB SSD/14""",1,13,102,16,512,0,14.0,0,2204.98,2,3,12,7,1
"Lenovo ThinkPad T470 Intel Core i5-7200U/8GB/256GB SSD/14""",1,13,102,8,256,0,14.0,0,475.0,2,3,11,7,1
"Lenovo ThinkPad T480s Intel Core i7-8550U/8GB/256GB SSD/14""",1,13,102,8,256,0,14.0,0,767.75,2,3,12,7,1
"Lenovo ThinkPad T490S Intel Core i7-8565U/8GB/256GB SSD/14""",1,13,102,8,256,0,14.0,0,847.12,2,3,12,7,1
"Lenovo ThinkPad T490s Intel Core i7-8565U/16GB/512GB SSD/14""",1,13,102,16,512,0,14.0,0,898.84,2,3,12,7,1
"Lenovo ThinkPad T580 Intel Core i5-8250U/8GB/256GB SSD/15.6""",1,13,102,8,256,0,15.6,0,802.0,2,3,11,7,1
"Lenovo ThinkPad X1 Carbon Intel Core i7-8550U/8GB/512GB SSD/14""",1,13,102,8,512,0,14.0,0,587.32,2,3,12,7,1
"Lenovo ThinkPad X1 Extreme Gen 4 Intel Core i7-11800H/16GB/512GB SSD/RTX 3050 Ti/16""",1,13,102,16,512,0,16.0,0,2228.08,2,6,12,22,0
"Lenovo ThinkPad X1 Yoga Intel Core i7-8650U/16GB/512GB SSD/14"" Táctil",1,13,102,16,512,0,14.0,1,999.0,2,3,12,7,1
"Lenovo ThinkPad X13 Yoga Gen 1 Intel Core i5-10210U/16GB/512GB SSD/13.3"" Táctil",1,13,102,16,512,0,13.3,1,1779.0,2,3,11,7,1
"Lenovo V14 G2 ALC AMD Ryzen 5 5500U/8GB/256GB SSD/14""",1,13,107,8,256,0,14.0,0,739.61,0,3,7,7,1
"Lenovo V14 G2 ITL Intel Core i5-1135G7/8 GB/256GB SSD/14""",1,13,107,8,256,0,14.0,0,675.95,2,3,11,7,1
"Lenovo V15 ADA AMD 3020E/8GB/256GB SSD/15.6""",1,13,108,8,256,0,15.6,0,445.79,0,3,3,7,1
"Lenovo V15 G2 ITL Intel Core i5-1135G7/16GB/512GB SSD/15.6""",1,13,108,16,512,0,15.6,0,915.07,2,3,11,7,1
"Lenovo V15 G2 ITL Intel Core i7-1165G7/16 GB/512GB SSD/15.6""",1,13,108,16,512,0,15.6,0,786.14,2,3,12,7,1
"Lenovo V15 Intel Core i3-1115G4/8 GB/256GB SSD/15.6""",1,13,108,8,256,0,15.6,0,563.92,2,3,10,7,1
"Lenovo V330-15IKB Intel Core i3-8130U/4GB/128GB SSD/15.6""",1,13,110,4,128,0,15.6,0,499.49,2,3,10,7,1
"Lenovo Yoga 9 14ITL5 Intel Evo Core i7-1185G7/16 GB/1TB SSD/14"" Táctil",1,13,118,16,1000,0,14.0,1,1999.0,2,3,12,7,1
"Lenovo Yoga C930-13IKB Intel Core i5-8250U/8GB/512GB SSD/13.9"" Táctil",1,13,118,8,512,0,13.9,1,989.47,2,3,11,7,1
"Lenovo Yoga Creator 7 15IMH05 Intel Core i7-10750H/16GB/512GB SSD/GTX1650/15.6""",1,13,118,16,512,0,15.6,0,786.84,2,2,12,5,2
"Lenovo Yoga S940-14IIL Intel Core i7-1065G7/16GB/1TB SSD/14""",1,13,118,16,1000,0,14.0,0,1999.0,2,3,12,7,1
"MSI Alpha 15 A3DDK-001XES AMD Ryzen 7 3750H/16GB/512GB SSD/RX 5500M/15.6""",1,14,16,16,512,0,15.6,0,721.14,0,8,8,38,3
"MSI Alpha 15 A4DEK-006XES AMD Ryzen 7 4800H/16GB/512GB SSD/RX 5600M/15.6""",1,14,16,16,512,0,15.6,0,711.94,0,3,8,7,1
"MSI Bravo 15 B5ED-015XES AMD Ryzen 7 5800H/16GB/1TB SSD/RX6500M/15.6""",1,14,25,16,1000,0,15.6,0,1149.0,0,7,8,32,3
"MSI Creator 15 A10SET-082ES Intel Core i7-10750H/32GB/1TB SSD/RTX 2060/15.6"" Táctil",1,14,29,32,1000,0,15.6,1,1414.04,2,6,12,18,0
"MSI Creator 15 A10SF-018ES Intel Core i7-10875H/32GB/1TB SSD/RTX 2070/15.6"" 4K",1,14,29,32,1000,0,15.6,0,1592.89,2,6,12,19,0
"MSI Creator 17 A10SFS-625ES Intel Core i7-10875H/32GB/1TB SSD/RTX 2070 SUPER/17.3"" 4K",1,14,29,32,1000,0,17.3,0,2059.49,2,6,12,19,0
"MSI Creator Pro M15 A11UIS-846XES Intel Core i7-11800H/16GB/512GB SSD/RTX A1000/15.6""",1,14,29,16,512,0,15.6,0,1399.0,2,6,12,13,0
"MSI Creator Pro Z17 A12UKST-203ES Intel Core i7-12700H/32GB/1TB SSD/RTX A3000/17"" Táctil",1,14,29,32,1000,0,17.0,1,3449.0,2,6,12,15,0
"MSI Creator Z16 A11UE-020XES Intel Core i7-11800H/32GB/1TB SSD/RTX 3060/16""",1,14,29,32,1000,0,16.0,0,2149.0,2,6,12,23,0
"MSI Creator Z16 A11UE-088XES Intel Core i7-11800H/16GB/1TB SSD/RTX 3060/16""",1,14,29,16,1000,0,16.0,0,1999.0,2,6,12,23,0
"MSI Creator Z16 A12UET-011ES Intel Core i7-12700H/32GB/1TB SSD/RTX 3060/16"" Táctil",1,14,29,32,1000,0,16.0,1,2699.0,2,6,12,23,0
"MSI Creator Z16P B12UGST-030ES Intel Core i9-12900H/64GB/2TB SSD/RTX 3070Ti/16"" Táctil",1,14,29,64,2000,0,16.0,1,3699.0,2,6,13,24,0
"MSI Creator Z17 A12UHST-027ES Intel Core i9-12900H/64GB/2TB SSD/RTX 3080Ti/17"" Táctil",1,14,29,64,2000,0,17.0,1,4599.0,2,6,13,25,0
"MSI Creator Z17 A12UHT-034ES Intel Core i9-12900H/32GB/2TB SSD/RTX 3080/17"" Táctil",1,14,29,32,2000,0,17.0,1,3899.0,2,6,13,25,0
"MSI Crosshair 15 Rainbow Six Extraction Edition B12UGZ-080ES Intel Core i7-12700H/32GB/1TB SSD/RTX 3070/15.6""",1,14,30,32,1000,0,15.6,0,2299.0,2,6,12,24,0
"MSI Delta 15 A5EFK-011XES AMD Ryzen 9 5900HX/16 GB/1TB SSD/RX 6700M/15.6""",1,14,32,16,1000,0,15.6,0,1699.0,0,7,9,34,0
"MSI GE66 Raider 10SFS-624ES Intel Core i7-10875H/32GB/1TB SSD/RTX 2070 SUPER/15.6""",1,14,88,32,1000,0,15.6,0,1746.33,2,6,12,19,0
"MSI GE66 Raider 10UE-404XES Intel Core i7-10870H/32GB/1TB SSD/RTX 3060/15.6""",1,14,88,32,1000,0,15.6,0,1283.43,2,6,12,23,0
"MSI GE66 Raider 10UG-403XES Intel Core i7-10870H/32GB/1TB SSD/RTX 3070/15.6""",1,14,88,32,1000,0,15.6,0,1366.34,2,6,12,24,0
"MSI GE66 Raider 10UG-602ES Intel Core i9-10980HK/32GB/1TB SSD/RTX 3070/15.6""",1,14,88,32,1000,0,15.6,0,1820.65,2,6,13,24,0
"MSI GE66 Raider 10UG-605ES Intel Core i7-10870H/32GB/1TB SSD/RTX 3070/15.6""",1,14,88,32,1000,0,15.6,0,1960.24,2,6,12,24,0
"MSI GE66 Raider 10UH-068ES Intel Core i7-10870H/32GB/1TB SSD/RTX 3080/15.6""",1,14,88,32,1000,0,15.6,0,2115.19,2,6,12,25,0
"MSI GE66 Raider 11UH-463XES Intel Core i7-11800H/32GB/1TB SSD/RTX 3080/15.6""",1,14,88,32,1000,0,15.6,0,1889.29,2,6,12,25,0
"MSI GE75 Raider 9SG-1203XES Intel Core i7-9750H/32GB/1TB SSD/RTX 2080/17.3""",1,14,88,32,1000,0,17.3,0,1717.18,2,6,12,20,0
"MSI GE76 Raider 10UH-061ES Intel Core i7-10870H/32GB/1TB SSD/RTX 3080/17.3""",1,14,88,32,1000,0,17.3,0,2429.64,2,6,12,25,0
"MSI GE76 Raider 11UG-236ES Intel Core i7-11800H/32GB/1TB SSD/RTX 3070/17.3""",1,14,88,32,1000,0,17.3,0,2243.18,2,6,12,24,0
"MSI GF63 Thin 10SCXR-405XES Intel Core i7-10750H/16GB/512GB SSD/GTX 1650/15.6""",1,14,100,16,512,0,15.6,0,736.49,2,2,12,5,2
"MSI GF63 Thin 9SC-047XES Intel Corei7-9750H/16GB/512GB SSD/GTX 1650/15.6""",1,14,100,16,512,0,15.6,0,646.73,2,2,12,5,2
"MSI GF65 Thin 10SER-884XES Intel Core i7-10750H/16GB/512GB SSD/RTX 2060/15.6""",1,14,100,16,512,0,15.6,0,739.38,2,6,12,18,0
"MSI GF65 Thin 10UE-274XES Intel Core i5-10500H/16GB/512GB SSD/RTX 3060/15.6""",1,14,100,16,512,0,15.6,0,806.49,2,6,11,23,0
"MSI GF65 Thin 9SD-072XES Intel Core i7-9750H/16GB/512GB SSD/GTX 1660Ti/15.6""",1,14,100,16,512,0,15.6,0,806.28,2,2,12,6,3
"MSI GF75 Thin 10SER-427XES Intel Core i7-10750H/16GB/512GB SSD/RTX 2060/17.3""",1,14,100,16,512,0,17.3,0,998.69,2,6,12,18,0
"MSI GF75 Thin 10UE-017XES Intel Core i7-10750H/16GB/512GB SSD/RTX 3060/17.3""",1,14,100,16,512,0,17.3,0,877.09,2,6,12,23,0
"MSI GL65 9SEK-210XES Intel Core i7-9750H/16GB/512GB SSD/RTX 2060/15.6""",1,14,51,16,512,0,15.6,0,885.84,2,6,12,18,0
"MSI GL65 Leopard 10SDK-600XES Intel Core i7-10750H/16GB/1TB SSD/GTX 1660Ti/15.6""",1,14,62,16,1000,0,15.6,0,1043.94,2,2,12,6,3
"MSI GL65 Leopard 10SFR-483XES Intel Core i7-10750H/16GB/512GB SSD/RTX 2070/15.6""",1,14,62,16,512,0,15.6,0,861.99,2,6,12,19,0
"MSI GL65 Leopard 10SFSK-280XES Intel Core i7-10750H/16GB/1TB SSD/RTX 2070 SUPER/15.6""",1,14,62,16,1000,0,15.6,0,901.09,2,6,12,19,0
"MSI GL75 9SEK-074XES Intel Core i7-9750H/16GB/1TB SSD/RTX 2060/17.3""",1,14,52,16,1000,0,17.3,0,937.48,2,6,12,18,0
"MSI GL75 Leopard 10SEK-040XES Intel Core i7-10750H/16GB/1TB SSD/RTX 2060/17.3""",1,14,62,16,1000,0,17.3,0,1073.34,2,6,12,18,0
"MSI GL75 Leopard 10SEK-261XES Intel Core i7-10750H/16GB/1TB SSD/RTX 2060/17.3""",1,14,62,16,1000,0,17.3,0,1007.59,2,6,12,18,0
"MSI GL75 Leopard 10SFK-060XES Intel Core i7-10750H/16GB/1TB SSD/RTX 2070/17.3""",1,14,62,16,1000,0,17.3,0,958.04,2,6,12,19,0
"MSI GP65 Leopard 10SDK-817XES Intel Core i7-10870H/16GB/512GB SSD/GTX 1660Ti/15.6""",1,14,62,16,512,0,15.6,0,1182.53,2,2,12,6,3
"MSI GP66 Leopard 10UE-226XES Intel Core i7-10750H/16GB/1TB SSD/RTX 3060/15.6""",1,14,62,16,1000,0,15.6,0,1086.64,2,6,12,23,0
"MSI GP66 Leopard 10UE-484XES Intel Core i7-10750H/16GB/1TB SSD/RTX 3060/15.6""",1,14,62,16,1000,0,15.6,0,1022.79,2,6,12,23,0
"MSI GP66 Leopard 11UG-089XES Intel Core i7-11800H/32GB/1TB SSD/RTX 3070/15.6""",1,14,62,32,1000,0,15.6,0,1949.0,2,6,12,24,0
"MSI GP75 Leopard 9SF-1037XES Intel Core i7-9750H/16GB/1TB SSD/RTX 2070/17.3""",1,14,62,16,1000,0,17.3,0,1092.48,2,6,12,19,0
"MSI GP76 Leopard 10UG-066XES Intel Core i7-10870H/16GB/1TB SSD/RTX 3070/17.3""",1,14,62,16,1000,0,17.3,0,1283.54,2,6,12,24,0
"MSI GP76 Leopard 11UG-238ES Intel Core i7-11800H/16GB/1TB SSD/RTX 3070/17.3""",1,14,62,16,1000,0,17.3,0,1979.0,2,6,12,24,0
"MSI GP76 Leopard 11UG-239XES Intel Core i7-11800H/16 GB/1TB SSD/RTX 3070/17.3""",1,14,62,16,1000,0,17.3,0,1999.0,2,6,12,24,0
"MSI GS65 Stealth 8SF-036ES Intel Core i7-8750H/16GB/512GB SSD/RTX 2070/15.6""",1,14,92,16,512,0,15.6,0,1430.18,2,6,12,19,0
"MSI GS66 Stealth 10UE-260ES Intel Core i7-10870H/32GB/1TB SSD/RTX 3060/15.6""",1,14,92,32,1000,0,15.6,0,1659.24,2,6,12,23,0
"MSI GS66 Stealth 10UG-480ES Intel Core i9-10980HK/64GB/2TB SSD/RTX 3070/15.6""",1,14,92,64,2000,0,15.6,0,2679.88,2,6,13,24,0
"MSI GS66 Stealth 11UH-072ES Intel Core i7-11800H/32GB/1TB SSD/RTX 3080/15.6""",1,14,92,32,1000,0,15.6,0,2256.03,2,6,12,25,0
"MSI GS75 Stealth 10SE-816XES Intel Core i7-10875H/32GB/1TB SSD/RTX 2060/17.3""",1,14,92,32,1000,0,17.3,0,1196.48,2,6,12,18,0
"MSI GS75 Stealth 9SG-267ES Intel Core i7-9750H/32GB/2TB SSD/RTX 2080/17.3""",1,14,92,32,2000,0,17.3,0,2067.84,2,6,12,20,0
"MSI GT76 Titan DT 10SFS-209ES Intel Core i7-10700K/32GB/1TB+1TB SSD/RTX 2070 SUPER/17.3""",1,14,103,32,1000,0,17.3,0,1721.09,2,6,12,19,0
"MSI GT76 Titan DT 9SG-026ES Intel Core i7-9750H/64GB/2TB SSD/RTX 2080/17.3""",1,14,103,64,2000,0,17.3,0,2373.14,2,6,12,20,0
"MSI Katana GF66 11UC-045XES Intel Core i7-11800H/16 GB/1TB SSD/RTX 3050/15.6""",1,14,58,16,1000,0,15.6,0,916.94,2,6,12,22,0
"MSI Katana GF66 11UE-066ES Intel Core i7-11800H/16 GB/1 TB SSD/RTX 3060/15.6""",1,14,58,16,1000,0,15.6,0,1699.0,2,6,12,23,0
"MSI Katana GF66 11UE-667XES Intel Core i7-11800H/8GB/512GB SSD/RTX 3060/15.6""",1,14,58,8,512,0,15.6,0,1469.0,2,6,12,23,0
"MSI Katana GF66 11UG-072XES Intel Core i7-11800H/16GB/512GB SSD/RTX 3070/15.6""",1,14,58,16,512,0,15.6,0,1071.44,2,6,12,24,0
"MSI Katana GF66 12UE-090ES Intel Core i7-12700H/16GB/1TB SSD/RTX3060/15.6""",1,14,58,16,1000,0,15.6,0,1749.0,2,6,12,23,0
"MSI Katana GF66 12UE-091XES Intel Core i7-12700H/16GB/512GB SSD/RTX3060/15.6""",1,14,58,16,512,0,15.6,0,1499.0,2,6,12,23,0
"MSI Katana GF76 12UE-058XES Intel Core i7-12700H/16 GB/512GB SSD/RTX 3060/17.3""",1,14,58,16,512,0,17.3,0,1549.0,2,6,12,23,0
"MSI Modern 14 A10RAS-1049XES Intel Core I7-10510U/32GB/1TB SSD/MX330/14""",1,14,68,32,1000,0,14.0,0,840.84,2,4,12,9,2
"MSI Modern 14 A10RAS-870XES Intel Core I7-10510U/16GB/1TB SSD/MX330/14""",1,14,68,16,1000,0,14.0,0,899.99,2,4,12,9,2
"MSI Modern 14 B10MW-215XES Intel Core i5-10210U/16GB/512GB SSD/14""",1,14,68,16,512,0,14.0,0,588.29,2,3,11,7,1
MSI Modern 14 B10MW-614XPT Intel Core i7-10510U/16GB/512GB SSD/14'' (PT),1,14,68,16,512,0,14.0,0,649.0,2,3,12,7,1
"MSI Modern 14 B10RBSW-063XES Intel Core i7-10510U/16GB/1TB SSD/MX 350/14""",1,14,68,16,1000,0,14.0,0,711.94,2,3,12,7,1
"MSI Modern 14 B10RBSW-419XES Intel Core i7-10510U/16GB/1TB SSD/MX 350/14""",1,14,68,16,1000,0,14.0,0,644.39,2,3,12,7,1
"MSI Modern 14 B11MO-079XES Intel Core i7-1165G7/16GB/512GB SSD/14""",1,14,68,16,512,0,14.0,0,999.0,2,3,12,7,1
"MSI Modern 14 B11MOU-1060XES Intel Core i5-1155G7/16GB/512GB SSD/14""",1,14,68,16,512,0,14.0,0,799.0,2,3,11,7,1
"MSI Modern 14 B11SB-008ES Intel Core i7-1165G7/16GB/1TB SSD/MX450/14""",1,14,68,16,1000,0,14.0,0,1449.0,2,4,12,10,2
"MSI Modern 14 B11SB-009XES Intel Core i7-1165G7/16GB/512GB SSD/MX450/14""",1,14,68,16,512,0,14.0,0,676.79,2,4,12,10,2
"MSI Modern 14 B11SB-420XES Intel Core i7-1165G7/32GB/1TB SSD/MX450/14""",1,14,68,32,1000,0,14.0,0,997.74,2,4,12,10,2
"MSI Modern 14 B4MW-056XES AMD Ryzen 5 4500U/8GB/512GB SSD/14""",1,14,68,8,512,0,14.0,0,642.39,0,3,7,7,1
"MSI Modern 15 A10M-628XES Intel Core i5-10210U/16GB/512GB SSD/15.6""",1,14,68,16,512,0,15.6,0,631.18,2,3,11,7,1
"MSI Modern 15 A10RBS-484XES Intel Core i7-10510U/16GB/1TB SSD/MX350/15.6""",1,14,68,16,1000,0,15.6,0,665.74,2,3,12,7,1
"MSI Modern 15 A11SB-011ES Intel Core i7-1165G7/16GB/1TB SSD/MX450/15.6""",1,14,68,16,1000,0,15.6,0,712.99,2,4,12,10,2
"MSI Modern 15 A11SB-858XES Intel Core i7-1195G7/32GB/1TB SSD/MX450/15.6""",1,14,68,32,1000,0,15.6,0,1399.0,2,4,12,10,2
"MSI Modern 15 A11SBU-620XES Intel Core i7-1165G7/32GB/1TB SSD/MX450/15.6""",1,14,68,32,1000,0,15.6,0,1123.29,2,4,12,10,2
"MSI Modern 15 A5M-010XES AMD Ryzen 5 5500U/8 GB/512GB SSD/15.6""",1,14,68,8,512,0,15.6,0,444.19,0,3,7,7,1
"MSI P65 Creator 8SF-240ES Intel Core i7-8750H/32GB/1TB SSD/RTX 2070/15.6""",1,14,29,32,1000,0,15.6,0,1764.19,2,6,12,19,0
"MSI Prestige 14 A11SCS-038ES Intel Core i7-1185G7/16GB/1TB SSD/GTX 1650Ti/14""",1,14,83,16,1000,0,14.0,0,1124.79,2,2,12,5,2
"MSI Prestige 14 A11SCX-002ES Intel Core i7-1185G7/16GB/1TB SSD/GTX 1650/14""",1,14,83,16,1000,0,14.0,0,1599.0,2,2,12,5,2
"MSI Prestige 14 A11SCX-432ES Intel Core i7-1185G7/16GB/512GB SSD/GTX 1650/14""",1,14,83,16,512,0,14.0,0,843.14,2,2,12,5,2
"MSI Prestige 14 A12SC-069XES Intel Core i7-1280P/16GB/512GB SSD/GTX1650/14""",1,14,83,16,512,0,14.0,0,1349.0,2,2,12,5,2
"MSI Prestige 14 A12UC-065XES Intel Core i7-1280P/16GB/1TB SSD/RTX3050/14""",1,14,83,16,1000,0,14.0,0,1499.0,2,6,12,22,0
"MSI Prestige 14 Evo A11M-003ES Intel Core i7-1185G7/16GB/512GB SSD/14""",1,14,83,16,512,0,14.0,0,1149.0,2,3,12,7,1
"MSI Prestige 15 A10SC-044XES Intel Core i7-10710U/16GB/512GB SSD/GTX 1650/15.6""",1,14,83,16,512,0,15.6,0,789.19,2,2,12,5,2
"MSI Prestige 15 A10SC-060XES Intel Core i7-10710U/16GB/1TB SSD/GTX 1650/15.6""",1,14,83,16,1000,0,15.6,0,1022.39,2,2,12,5,2
"MSI Prestige 15 A10SC-293XES Intel Core i7-10710U/32GB/1TB SSD/GTX 1650/15.6""",1,14,83,32,1000,0,15.6,0,1014.54,2,2,12,5,2
"MSI Prestige 15 A11SCS-032XES Intel Core i7-1185G7/32GB/1TB SSD/GTX 1650Ti/15.6""",1,14,83,32,1000,0,15.6,0,1014.19,2,2,12,5,2
"MSI Prestige 15 A11SCX-019XES Intel Core i7-1185G7/16GB/512GB SSD/GTX 1650/15.6""",1,14,83,16,512,0,15.6,0,1529.0,2,2,12,5,2
"MSI Prestige 15 A11SCX-409XES Intel Core i7-1185G7/32GB/1TB SSD/GTX 1650/15.6""",1,14,83,32,1000,0,15.6,0,1040.54,2,2,12,5,2
"MSI Prestige 15 A11UC-096XES Intel Core i7-1195G7/32GB/1TB SSD/RTX 3050/15.6""",1,14,83,32,1000,0,15.6,0,1599.0,2,6,12,22,0
"MSI Pulse GL66 11UEK-061XES Intel Core i7-11800H/16 GB/1TB SSD/RTX 3060/15.6""",1,14,86,16,1000,0,15.6,0,1599.0,2,6,12,23,0
"MSI Pulse GL66 12UEK-085ES Intel Core i7-12700H/16GB/1TB SSD/RTX 3060/15.6""",1,14,86,16,1000,0,15.6,0,1799.0,2,6,12,23,0
"MSI Pulse GL66 12UGK-084XES Intel Core i7-12700H/16GB/1TB SSD/RTX 3070/15.6""",1,14,86,16,1000,0,15.6,0,1899.0,2,6,12,24,0
"MSI Pulse GL66 12UGSZOK-1204XES Intel Core i7-12700H/16GB/1TB SSD/RTX 3070Ti/15.6""",1,14,86,16,1000,0,15.6,0,2099.0,2,6,12,24,0
"MSI Pulse GL76 11UEK-038XES Intel Core i7-11800H/32GB/1TB SSD/RTX 3060/17.3""",1,14,86,32,1000,0,17.3,0,1138.23,2,6,12,23,0
"MSI Pulse GL76 11UEK-055XES Intel Core i7-11800H/16 GB/1TB SSD/RTX 3060/17.3""",1,14,86,16,1000,0,17.3,0,1334.69,2,6,12,23,0
"MSI Pulse GL76 12UEK-057XES Intel Core i7-12700H/16GB/1TB SSD/RTX 3060/17.3""",1,14,86,16,1000,0,17.3,0,1699.0,2,6,12,23,0
"MSI Pulse GL76 12UEK-093ES Intel Core i7-12700H/16GB/1TB SSD/RTX 3060/17.3""",1,14,86,16,1000,0,17.3,0,1899.0,2,6,12,23,0
"MSI Pulse GL76 12UGK-095XES Intel Core i7-12700H/16GB/1TB SSD/RTX 3070/17.3""",1,14,86,16,1000,0,17.3,0,1999.0,2,6,12,24,0
"MSI Pulse GL76 12UGK-242ES Intel Core i7-12700H/16GB/1TB SSD/RTX 3070/17.3""",1,14,86,16,1000,0,17.3,0,2199.0,2,6,12,24,0
"MSI Raider GE66 12UE-822XES Intel Core i7-12700H/32GB/1TB SSD/RTX 3060/15.6""",1,14,88,32,1000,0,15.6,0,2099.0,2,6,12,23,0
"MSI Raider GE66 12UGS-006ES Intel Core i7-12700H/32GB/1TB SSD/RTX 3070Ti/15.6""",1,14,88,32,1000,0,15.6,0,2799.0,2,6,12,24,0
"MSI Raider GE66 Deluxe Edition 12UH-482ES Intel Core i9-12900HK/32GB/1TB SSD/RTX 3080/15.6""",1,14,88,32,1000,0,15.6,0,3399.0,2,6,13,25,0
"MSI Raider GE67HX 12UGS-024ES Intel Core i7-12800HX/32GB/1TB SSD/RTX 3070Ti/15.6""",1,14,88,32,1000,0,15.6,0,2999.0,2,6,12,24,0
"MSI Raider GE76 12UGS-005XES Intel Core i7-12700H/32GB/1TB SSD/RTX 3070Ti/17.3""",1,14,88,32,1000,0,17.3,0,2749.0,2,6,12,24,0
"MSI Raider GE76 12UHS-612ES Intel Core i7-12700H/32GB/1TB SSD/RTX 3080Ti/17.3""",1,14,88,32,1000,0,17.3,0,3699.0,2,6,12,25,0
"MSI Raider GE76 Deluxe Edition 12UGS-279ES Intel Core i9-12900HK/64GB/2TB SSD/RTX 3070Ti/17.3""",1,14,88,64,2000,0,17.3,0,3799.0,2,6,13,24,0
"MSI Raider GE76 Deluxe Edition 12UHS-053ES Intel Core i9-12900HK/64GB/2TB SSD/RTX 3080Ti/17.3""",1,14,88,64,2000,0,17.3,0,4699.0,2,6,13,25,0
"MSI Raider GE77HX 12UGS-019ES Intel Core i7-12800HX/32GB/1TB SSD/RTX 3080Ti/17.3""",1,14,88,32,1000,0,17.3,0,3799.0,2,6,12,25,0
"MSI Raider GE77HX 12UGS-020ES Intel Core i9-12900HX/64GB/2TB SSD/RTX 3070Ti/17.3""",1,14,88,64,2000,0,17.3,0,3599.0,2,6,13,24,0
"MSI Raider GE77HX 12UHS-018ES Intel Core i9-12900HX/64GB/2TB SSD/RTX 3080Ti/17.3""",1,14,88,64,2000,0,17.3,0,4499.0,2,6,13,25,0
"MSI Stealth 15M A11SDK-056XES Intel Core i7-1185G7/16GB/1TB SSD/GTX 1660 Ti/15.6""",1,14,92,16,1000,0,15.6,0,825.64,2,2,12,6,3
"MSI Stealth 15M A11SEK-055XES Intel Core i7-1185G7/16GB/1TB SSD/RTX 2060/15.6""",1,14,92,16,1000,0,15.6,0,921.04,2,6,12,18,0
MSI Stealth 15M B12UE-023XES Intel Core i7-1280P/32GB/1TB SSD/RTX 3060/15.6'',1,14,92,32,1000,0,15.6,0,1749.0,2,6,12,23,0
"MSI Stealth 17M A12UE-018XES Intel Core i7-1280P/16GB/1TB SSD/RTX 3060/17.3""",1,14,92,16,1000,0,17.3,0,1749.0,2,6,12,23,0
"MSI Stealth GS66 12UH-019ES Intel Core i7-12700H/32GB/1TB SSD/RTX 3080/15.6""",1,14,92,32,1000,0,15.6,0,3199.0,2,6,12,25,0
"MSI Stealth GS66 12UHS-006ES Intel Core i7-12700H/32GB/1TB SSD/RTX 3080Ti/15.6""",1,14,92,32,1000,0,15.6,0,3699.0,2,6,12,25,0
"MSI Stealth GS77 12UH-088ES Intel Core i7-12700H/32GB/1TB SSD/RTX 3080/17.3""",1,14,92,32,1000,0,17.3,0,3249.0,2,6,12,25,0
"MSI Summit E13 Flip A11MT-259es Intel Core i7-1195G7/32GB/1TB SSD/13.4"" Táctil",1,14,93,32,1000,0,13.4,1,1699.0,2,3,12,7,1
"MSI Summit E14 A11SCST-486ES Intel Core i7-1185G7/32GB/1TB SSD/GTX 1650 Ti/14"" Táctil",1,14,93,32,1000,0,14.0,1,1582.84,2,2,12,5,2
"MSI Summit E14 Evo A12M-062ES Intel Core i7-1280P/16GB/1TB SSD/14"" + 1 Año Microsoft 365",1,14,93,16,1000,0,14.0,0,1234.33,2,3,12,7,1
"MSI Summit E15 A11SCST-448ES Intel Core i7-1185G7/32GB/1TB SSD/GTX 1650 Ti/15.6"" Táctil",1,14,93,32,1000,0,15.6,1,1320.09,2,2,12,5,2
"MSI Titan GT77 12UGS-022ES Intel Core i9-12900HX/64GB/2TB SSD/RTX 3070Ti/17.3"" + Bundle Gaming",1,14,103,64,2000,0,17.3,0,4299.0,2,6,13,24,0
"MSI Titan GT77 12UHS-021ES Intel Core i9-12900HX/64GB/2TB SSD/RTX 3080Ti/17.3"" + Bundle Gaming",1,14,103,64,2000,0,17.3,0,4999.0,2,6,13,25,0
"MSI Vector GP66 12UGS-249ES Intel Core i7-12700H/32GB/1TB SSD/RTX 3070Ti/15.6""",1,14,111,32,1000,0,15.6,0,2499.0,2,6,12,24,0
"MSI Vector GP76 12UGS-605XES Intel Core i7-12700H/16GB/1TB SSD/RTX 3070Ti/17.3""",1,14,111,16,1000,0,17.3,0,2299.0,2,6,12,24,0
"MSI Vector GP76 12UGS-632XES Intel Core i9-12900H/32GB/1TB SSD/RTX 3070Ti/17.3""",1,14,111,32,1000,0,17.3,0,2599.0,2,6,13,24,0
"MSI Vector GP76 12UH-603ES Intel Core i7-12700H/32GB/1TB SSD/RTX 3080/17.3""",1,14,111,32,1000,0,17.3,0,2899.0,2,6,12,25,0
"Medion Akoya E4251 Intel Celeron N4020/4GB/64GB/14""",1,15,15,4,64,0,14.0,0,246.89,2,3,1,7,1
"Microsoft Surface Pro 6 Intel Core i7-8650U/16GB/512GB SSD/12.3"" Negro",1,16,96,16,512,0,12.3,0,899.01,2,3,12,7,1
"Microsoft Surface Pro 7 Intel Core i7-1065G7/16GB/1 TB SSD/12.3"" Platino",1,16,96,16,1000,0,12.3,0,1776.79,2,3,12,7,1
"Microsoft Surface Pro 7 Intel Core i7-1065G7/16GB/256 GB SSD/12.3"" Platino",1,16,96,16,256,0,12.3,0,1094.03,2,3,12,7,1
"Microsoft Surface Pro X Microsoft SQ1/8 GB/128GB SSD/13"" Táctil",1,16,96,8,128,0,13.0,1,1049.0,4,3,2,7,1
"Microsoft Surface Pro X Microsoft SQ1/8 GB/256GB SSD/13"" Táctil",1,16,96,8,256,0,13.0,1,1299.0,4,3,2,7,1
"PcCom Revolt 4060 Intel Core i7-13700H/32GB/500GB SSD/RTX 4060/15.6""",0,18,89,32,500,0,15.6,0,1799.9,2,6,12,27,0
PcCom Revolt 4060 Intel Core i7-13700H/32GB/500GB SSD/RTX 4060/15.6” + Windows 11 Home,0,18,89,32,500,0,15.6,0,1949.9,2,6,12,27,0
"PcCom Revolt One 3050 Intel Core i5-11400H/16GB/512GB SSD/RTX 3050/15.6""",1,18,89,16,512,0,15.6,0,1049.0,2,6,11,22,0
"PcCom Revolt One 3060 Intel Core i7-11800H/16GB/1TB SSD/RTX 3060/15.6""",1,18,89,16,1000,0,15.6,0,1449.0,2,6,12,23,0
"PcCom Revolt One 3070 Intel Core i7-11800H/16GB/1TB SSD/RTX 3070/17.3""",1,18,89,16,1000,0,17.3,0,1949.0,2,6,12,24,0
"Portátil Gaming Gigabyte Aero 15X V8 Intel Core i7-8750/16GB/512GB SSD/GTX1070/15.6""",1,8,14,16,512,0,15.6,0,1048.99,2,2,12,4,3
"Razer Blade 15 Advanced Model FHD Intel Core i7-10875H/32GB/1TB SSD/RTX 3080/15.6""",1,21,22,32,1000,0,15.6,0,1848.14,2,6,12,25,0
"Razer Blade 15 Advanced Model FHD Intel Core i7-11800H/16GB/1TB SSD/RTX 3070/15.6""",1,21,22,16,1000,0,15.6,0,2899.99,2,6,12,24,0
"Razer Blade 15 Advanced Model QHD Intel Core i7-11800H/16 GB/1TB SSD/RTX 3070/15.6"" + Razer Soporte para Portátil hasta 15"" Negro",0,21,22,16,1000,0,15.6,0,2866.57,2,6,12,24,0
"Razer Blade 15 Advanced Model QHD Intel Core i7-11800H/16GB/1TB SSD/RTX 3060/15.6""",1,21,22,16,1000,0,15.6,0,2499.98,2,6,12,23,0
"Razer Blade 15 Advanced Model QHD Intel Core i7-11800H/16GB/1TB SSD/RTX 3070/15.6""",1,21,22,16,1000,0,15.6,0,2899.99,2,6,12,24,0
"Razer Blade 15 Advanced Model QHD Intel Core i7-11800H/32 GB/1TB SSD/RTX 3080/15.6""",1,21,22,32,1000,0,15.6,0,3299.99,2,6,12,25,0
"Razer Blade 15 Advanced Model QHD Intel Core i7-11800H/32GB/1TB SSD/RTX 3080/15.6""",1,21,22,32,1000,0,15.6,0,3399.99,2,6,12,25,0
"Razer Blade 15 Base Model FHD Intel Core i7-10750H/16GB/512GB SSD/RTX 3060/15.6""",1,21,22,16,512,0,15.6,0,1232.74,2,6,12,23,0
"Razer Blade 15 Base Model FHD Intel Core i7-10750H/16GB/512GB SSD/RTX 3070/15.6""",1,21,22,16,512,0,15.6,0,1583.39,2,6,12,24,0
"Razer Blade 17 4K 144Hz Intel Core i9-12900H/32GB/1TB SSD/RTX 3080Ti/17.3""",1,21,22,32,1000,0,17.3,0,4699.99,2,6,13,25,0
"Razer Blade 17 FHD 360Hz Intel Core i7-11800H/16GB/1TB SSD/RTX 3060/17.3""",1,21,22,16,1000,0,17.3,0,2699.99,2,6,12,23,0
"Razer Blade 17 FHD 360Hz Intel Core i7-11800H/16GB/1TB SSD/RTX 3070/17.3""",1,21,22,16,1000,0,17.3,0,2899.99,2,6,12,24,0
"Razer Blade 17 FHD 360Hz Intel Core i7-11800H/32GB/1TB SSD/RTX 3080/17.3""",1,21,22,32,1000,0,17.3,0,3399.99,2,6,12,25,0
"Razer Book 13 Intel Evo Core i7-1165G7/16GB/1TB SSD/13.4"" Táctil",1,21,23,16,1000,0,13.4,1,1899.99,2,3,12,7,1
"Razer Book FHD+ Intel Evo Core i7-1165G7/16GB/256GB SSD/13.4"" Táctil",1,21,23,16,256,0,13.4,1,1699.99,2,3,12,7,1
