Laptop,Status,Brand,Model,RAM,Storage,Storage type,Screen,Touch,Final Price,CPU_Brand,GPU_Brand,CPU_Type,GPU_Type,GPU_Category
"ASUS ExpertBook B1 B1502CBA-EJ0436X Intel Core i5-1235U/8GB/512GB SSD/15.6""",0,3,42,-0.7514941785218785,-0.2334141123167544,0,0.3586187731085387,0,-0.33320571755452144,2,3,11,7,1
"Alurin Go Start Intel Celeron N4020/8GB/256GB SSD/15.6""",0,1,54,-0.7514941785218785,-0.9422866026321857,0,0.3586187731085387,0,-1.112342922650308,2,3,1,7,1
"ASUS ExpertBook B1 B1502CBA-EJ0424X Intel Core i3-1215U/8GB/256GB SSD/15.6""",0,3,42,-0.7514941785218785,-0.9422866026321857,0,0.3586187731085387,0,-0.5746285134996948,2,3,10,7,1
"MSI Katana GF66 12UC-082XES Intel Core i7-12700H/16GB/1TB SSD/RTX3050/15.6""",0,14,58,0.05940999313155344,1.1178740723470364,0,0.3586187731085387,0,-0.12470421196550814,2,6,12,22,0
"HP 15S-FQ5085NS Intel Core i5-1235U/16GB/512GB SSD/15.6""",0,9,4,0.05940999313155344,-0.2334141123167544,0,0.3586187731085387,0,-0.7063027011608827,2,3,11,7,1
"MSI Crosshair 17 C12VF-264XES Intel Core i7-12650H/32GB/1TB SSD/RTX 4060/17.3""",0,14,30,1.681218336438417,1.1178740723470364,0,1.7728357465870934,0,0.42398396063715843,2,6,12,27,0
"Lenovo Thinkpad E14 Gen 4 AMD Ryzen 5 5625U/8GB/256GB SSD/14""",0,13,102,-0.7514941785218785,-0.9422866026321857,0,-0.9724089666359824,0,-0.44294335207505475,0,3,7,7,1
"ASUS VivoBook 15 F515JA-EJ2882W Intel Core i7-1065G7/8GB/512GB SSD/15.6""",0,3,113,-0.7514941785218785,-0.2334141123167544,0,0.3586187731085387,0,-0.552670012832136,2,3,12,7,1
"Medion Akoya E15415 Intel Core i5-10210U/8GB/256GB SSD/15.6""",0,15,15,-0.7514941785218785,-0.9422866026321857,0,0.3586187731085387,0,-0.8709201267051347,2,3,11,7,1
"HP Victus 16-d1038ns Intel Core i7-12700H/16GB/512GB SSD/RTX 3050/16.1""",0,9,112,0.05940999313155344,-0.2334141123167544,0,0.774564941778703,0,-0.1795730292257748,2,6,12,22,0
"Lenovo V15 IGL Intel Celeron N4020/8GB/256 GB SSD/15.6""",0,13,108,-0.7514941785218785,-0.9422866026321857,0,0.3586187731085387,0,-1.0574741053900414,2,3,1,7,1
"MSI Thin GF63 12VE-021XES Intel Core i7-12650H/16GB/1TB SSD/RTX 4050/15.6""",0,14,100,0.05940999313155344,1.1178740723470364,0,0.3586187731085387,0,0.0947710570755585,2,6,12,26,0
"ASUS ROG Strix G15 G513RC-HN088 AMD Ryzen 7 6800H/16GB/512GB SSD/RTX 3050/15.6""",0,3,87,0.05940999313155344,-0.2334141123167544,0,0.3586187731085387,0,-0.12470421196550814,0,6,8,22,0
"Lenovo V15 G3 ABA AMD Ryzen 5 5625U/16GB/512GB SSD/15.6""",0,13,108,0.05940999313155344,-0.2334141123167544,0,0.3586187731085387,0,-0.9170209069672107,0,3,7,7,1
"Lenovo IdeaPad 1 15ADA7 AMD Ryzen 3 3250U/8GB/256GB SSD/15.6""",0,13,56,-0.7514941785218785,-0.9422866026321857,0,0.3586187731085387,0,-1.0113842988914172,0,3,6,7,1
"HP 15S-FQ5013NS Intel Core i5-1235U/8GB/512GB SSD/15.6""",0,9,4,-0.7514941785218785,-0.2334141123167544,0,0.3586187731085387,0,-0.6733923845681747,2,3,11,7,1
"Lenovo IdeaPad 3 15IAU7 Intel Core i5-1235U/16GB/512GB SSD/15.6""",0,13,56,0.05940999313155344,-0.2334141123167544,0,0.3586187731085387,0,-0.5636547500476414,2,3,11,7,1
"HP 15S-FQ2163NS Intel Core i3-1115G4/8GB/512GB SSD/15.6""",0,9,4,-0.7514941785218785,-0.2334141123167544,0,0.3586187731085387,0,-0.8379988363489747,2,3,10,7,1
"ASUS VivoBook 15 F515JA-EJ4134 Intel Core i7-1065G7/8GB/512GB SSD/15.6""",0,3,113,-0.7514941785218785,-0.2334141123167544,0,0.3586187731085387,0,-0.5965760404038014,2,3,12,7,1
"MSI GF63 Thin 11UC-446XES Intel Core i7-11800H/16GB/512GB SSD/RTX 3050/15.6""",0,14,100,0.05940999313155344,-0.2334141123167544,0,0.3586187731085387,0,-0.34417948100657475,2,6,12,22,0
"MSI Cyborg 15 A12VF-098XES Intel Core i5-12450H/16GB/1TB SSD/RTX 4060/15.6""",0,14,31,0.05940999313155344,1.1178740723470364,0,0.3586187731085387,0,-0.06983539470524149,2,6,11,27,0
"ASUS M515UA-EJ486W AMD Ryzen 7 5700U/16GB/512GB SSD/15.6""",0,3,64,0.05940999313155344,-0.2334141123167544,0,0.3586187731085387,0,-0.5746285134996948,0,3,8,7,1
"Lenovo IdeaPad 3 15ALC6 AMD Ryzen 7 5700U/16GB/512GB SSD/15.6""",0,13,56,0.05940999313155344,-0.2334141123167544,0,0.3586187731085387,0,-0.6404710942120148,0,3,8,7,1
"ASUS TUF Gaming F15 FX506HC-HN004 Intel Core i5-11400H/16GB/512GB SSD/RTX 3050/15.6""",0,3,98,0.05940999313155344,-0.2334141123167544,0,0.3586187731085387,0,-0.23444184648604147,2,6,11,22,0
"Acer Aspire 3 A315-59-37GX Intel Core i3-1215U/8GB/256GB SSD/15.6""",0,0,19,-0.7514941785218785,-0.9422866026321857,0,0.3586187731085387,0,-0.848961626037576,2,3,10,7,1
"ASUS TUF Gaming F15 FX507ZC4-HN002 Intel Core i7-12700H/16GB/512GB SSD/RTX 3050/15.6""",0,3,98,0.05940999313155344,-0.2334141123167544,0,0.3586187731085387,0,-0.1466517388696148,2,6,12,22,0
"Alurin Go Start Intel Celeron N4020/8GB/256GB SSD/14""",0,1,54,-0.7514941785218785,-0.9422866026321857,0,-0.9724089666359824,0,-1.178185503362628,2,3,1,7,1
"HP Victus 15-fa0012ns Intel Core i5-12500H/16GB/512GB SSD/RTX 3050/15.6""",0,9,112,0.05940999313155344,-0.2334141123167544,0,0.3586187731085387,0,-0.34417948100657475,2,6,11,22,0
"HP Pavilion 15-eh1004ns AMD Ryzen 5 5500U/16GB/512GB SSD/15.6""",0,9,79,0.05940999313155344,-0.2334141123167544,0,0.3586187731085387,0,-0.5636547500476414,0,3,7,7,1
"Lenovo IdeaPad 3 15ITL6 Intel Core i5-1155G7/8GB/512GB SSD/15.6""",0,13,56,-0.7514941785218785,-0.2334141123167544,0,0.3586187731085387,0,-0.8709091529416827,2,3,11,7,1
"HP 15S-FQ5028NS Intel Core i5-1235U/16GB/512GB SSD/15.6""",0,9,4,0.05940999313155344,-0.2334141123167544,0,0.3586187731085387,0,-0.5746285134996948,2,3,11,7,1
"MSI Katana 15 B12VFK-095XES Intel Core i7-12650H/16GB/512GB SSD/RTX 4060/15.6""",0,14,58,0.05940999313155344,-0.2334141123167544,0,0.3586187731085387,0,0.25937750885635846,2,6,12,27,0
"ASUS VivoBook F1500EA-EJ2384W Intel Core i3-1115G4/8GB/256GB SSD/15.6""",0,3,113,-0.7514941785218785,-0.9422866026321857,0,0.3586187731085387,0,-0.848961626037576,2,3,10,7,1
"HP 15S-fq2159ns Intel Core i3-1115G4/8GB/256GB SSD/15.6""",0,9,4,-0.7514941785218785,-0.9422866026321857,0,0.3586187731085387,0,-0.848972599801028,2,3,10,7,1
"MSI Vector GP77 13VF-022XES Intel Core i7-13700H/32GB/1TB SSD/RTX 4060/17.3""",0,14,111,1.681218336438417,1.1178740723470364,0,1.7728357465870934,0,1.0275409505000916,2,6,12,27,0
"ASUS VivoBook Pro 15 OLED M6500QC-L1010W AMD Ryzen 7 5800H/16GB/512GB SSD/RTX 3050/15.6""",0,3,113,0.05940999313155344,-0.2334141123167544,0,0.3586187731085387,0,-0.014955603681522782,0,6,8,22,0
"ASUS ROG Strix G15 G513RC-HF094 AMD Ryzen 7 6800H/16GB/512GB SSD/RTX3050/15.6""",0,3,87,0.05940999313155344,-0.2334141123167544,0,0.3586187731085387,0,-0.1905358189143761,0,6,8,22,0
"ASUS Chromebook CX1500CNA-EJ0100 Intel Celeron N3350/8GB/64GB eMMC/15.6""",0,3,26,-0.7514941785218785,-1.4739409703687592,1,0.3586187731085387,0,-1.0026052881297747,2,3,1,7,1
"HP 15S-fq5101ns Intel Core i7-1255U/16GB/512GB SSD/15.6""",0,9,4,0.05940999313155344,-0.2334141123167544,0,0.3586187731085387,0,-0.5746285134996948,2,3,12,7,1
"HP 15S-EQ2090NS AMD Ryzen 5 5500U/8GB/512GB SSD/15.6""",0,9,4,-0.7514941785218785,-0.2334141123167544,0,0.3586187731085387,0,-0.783119045325256,0,3,7,7,1
HP Omen 16-b1022ns Intel Core i7-12700H/32GB/1TB SSD/RTX 3060/16.1'',0,9,76,1.681218336438417,1.1178740723470364,0,0.774564941778703,0,0.42398396063715843,2,6,12,23,0
"ASUS VivoBook 15 F1502ZA-EJ733 Intel Core i5-1235U/8GB/512GB SSD/15.6""",0,3,113,-0.7514941785218785,-0.2334141123167544,0,0.3586187731085387,0,-0.7721562556366547,2,3,11,7,1
"Asus ZenBook 13 OLED UX325EA-KG245 Intel Core i7-1165G7/16GB/512GB SSD/13.3""",0,3,120,0.05940999313155344,-0.2334141123167544,0,-1.5547336027742098,0,-0.2454156099380948,2,3,12,7,1
HP Victus 16-d1033ns Intel Core i7-12700H/16GB/512GB SSD/RTX 3060/16.1'',0,9,112,0.05940999313155344,-0.2334141123167544,0,0.774564941778703,0,0.0947710570755585,2,6,12,23,0
"HP 15S-fq5055ns Intel Core i7-1255U/16GB/512GB SSD/15.6""",0,9,4,0.05940999313155344,-0.2334141123167544,0,0.3586187731085387,0,-0.45390614176365607,2,3,12,7,1
"HP 15S-eq2087ns AMD Ryzen 5 5500U/12GB/512GB SSD/15.6""",0,9,4,-0.3460420926951625,-0.2334141123167544,0,0.3586187731085387,0,-0.8379988363489747,0,3,7,7,1
"Lenovo IdeaPad Gaming 3 15IHU6 Intel Core i5-11320H/16GB/512GB SSD/RTX3050/15.6""",0,13,56,0.05940999313155344,-0.2334141123167544,0,0.3586187731085387,0,-0.4209958251709481,2,6,11,22,0
"MSI Creator M16 B13VE-682XES Intel Core i7-13700H/32GB/1TB SSD/RTX 4050/16""",0,14,29,1.681218336438417,1.1178740723470364,0,0.6913757080446693,0,0.6434702034416772,2,6,12,26,0
"Lenovo IdeaPad 1 15ALC7 AMD Ryzen 7 5700U/16GB/512GB SSD/15.6""",0,13,56,0.05940999313155344,-0.2334141123167544,0,0.3586187731085387,0,-0.5307334596914814,0,3,8,7,1
"HP 15S-fq2158ns Intel Core i3-1115G4/8GB/256GB SSD/15.6""",0,9,4,-0.7514941785218785,-0.9422866026321857,0,0.3586187731085387,0,-0.947736470869508,2,3,10,7,1
"Apple MacBook Air Apple M1/8GB/256GB SSD/GPU Hepta Core/13.3"" Gris Espacial",0,2,65,-0.7514941785218785,-0.9422866026321857,0,-1.5547336027742098,0,-0.10275668506140148,1,3,2,7,1
"Lenovo ThinkBook 14 Intel Core i5-1135G7/8GB/256GB SSD/14""",0,13,101,-0.7514941785218785,-0.9422866026321857,0,-0.9724089666359824,0,-0.6733923845681747,2,3,11,7,1
"ASUS TUF Gaming A15 2023 FA507NV-LP041 AMD Ryzen 7 7735HS/16GB/1TB SSD/RTX 4060/15.6""",0,3,98,0.05940999313155344,1.1178740723470364,0,0.3586187731085387,0,0.03990223981529183,0,6,8,27,0
"MSI Katana 15 B12VGK-094XES Intel Core i7-12650H/16GB/1TB SSD/RTX 4070/15.6""",0,14,58,0.05940999313155344,1.1178740723470364,0,0.3586187731085387,0,0.42398396063715843,2,6,12,28,0
"ASUS M515UA-EJ522W AMD Ryzen 5 5500U/8GB/512GB SSD/15.6""",0,3,64,-0.7514941785218785,-0.2334141123167544,0,0.3586187731085387,0,-0.6733923845681747,0,3,7,7,1
"HP Victus 16-e0101ns AMD Ryzen 7 5800H/16GB/512GB SSD/RTX 3060/16.1""",0,9,112,0.05940999313155344,-0.2334141123167544,0,0.774564941778703,0,-0.014955603681522782,0,6,8,23,0
"HP 250 G9 Intel Celeron N4500/8 GB/256GB SSD/15.6""",0,9,7,-0.7514941785218785,-0.9422866026321857,0,0.3586187731085387,0,-1.0026052881297747,2,3,1,7,1
"HP OMEN 16-C0042NS AMD Ryzen 7 5800H/16GB/512GB SSD/RTX 3050 Ti/16.1""",0,9,76,0.05940999313155344,-0.2334141123167544,0,0.774564941778703,0,-0.1795730292257748,0,6,8,22,0
"MSI Modern 15 B7M-041XES AMD Ryzen 5 7530U/16GB/512GB SSD/15.6""",0,14,68,0.05940999313155344,-0.2334141123167544,0,0.3586187731085387,0,-0.5197596962394281,0,3,7,7,1
"HP 255 G9 AMD Athlon 3020e/8GB/512GB SSD/15.6""",0,9,8,-0.7514941785218785,-0.2334141123167544,0,0.3586187731085387,0,-1.0245528150338814,0,3,0,7,1
"ASUS VivoBook 15 F1500EA-EJ3022 Intel Core i7-1165G7/16GB/512GB SSD/15.6""",0,3,113,0.05940999313155344,-0.2334141123167544,0,0.3586187731085387,0,-0.552670012832136,2,3,12,7,1
"Lenovo V15 G2 ITL Intel Core i5-1135G7/8 GB/512 GB SSD/15.6""",0,13,108,-0.7514941785218785,-0.2334141123167544,0,0.3586187731085387,0,-0.585602276951748,2,3,11,7,1
"ASUS VivoBook 15 F1500EA-EJ3023 Intel Core i7-1165G7/8GB/512GB SSD/15.6""",0,3,113,-0.7514941785218785,-0.2334141123167544,0,0.3586187731085387,0,-0.618523567307908,2,3,12,7,1
"MSI Thin GF63 12VE-009XES Intel Core i5-12450H/16GB/512GB SSD/RTX 4050/15.6""",0,14,100,0.05940999313155344,-0.2334141123167544,0,0.3586187731085387,0,-0.23444184648604147,2,6,11,26,0
"MSI Modern 15 B13M-281XES Intel Core i7-1355U/16GB/1TB SSD/15.6""",0,14,68,0.05940999313155344,1.1178740723470364,0,0.3586187731085387,0,-0.34417948100657475,2,3,12,7,1
"HP 15S-eq2088ns AMD Ryzen 7 5700U/16GB/512GB SSD/15.6""",0,9,4,0.05940999313155344,-0.2334141123167544,0,0.3586187731085387,0,-0.7282502280649893,0,3,8,7,1
"MSI Vector GP77 13VG-021XES Intel Core i7-13700H/32GB/1TB SSD/RTX 4070/17.3""",0,14,111,1.681218336438417,1.1178740723470364,0,1.7728357465870934,0,1.301885036801425,2,6,12,28,0
"ASUS VivoBook 15 F1500EA-EJ3067W Intel Core i7-1165G7/8GB/512GB SSD/15.6""",0,3,113,-0.7514941785218785,-0.2334141123167544,0,0.3586187731085387,0,-0.4978121693353214,2,3,12,7,1
"MSI Creator M16 B12UDX-809XES Intel Core i7-12650H/32GB/1TB SSD/RTX 3050/16""",0,14,29,1.681218336438417,1.1178740723470364,0,0.6913757080446693,0,0.20451966535954386,2,6,12,22,0
"Apple Macbook Pro Apple M2/8GB/256GB SSD/GPU Deca Core/13.3"" Plata",0,2,66,-0.7514941785218785,-0.9422866026321857,0,-1.5547336027742098,0,0.3142463261166251,1,3,2,7,1
"ASUS TUF Gaming A15 2023 FA507XI-LP024 AMD Ryzen 9 7940HS/32GB/512GB SSD/RTX 4070/15.6""",0,3,98,1.681218336438417,-0.2334141123167544,0,0.3586187731085387,0,0.4239949344006105,0,6,9,28,0
"MSI Katana 15 B13VFK-031XES Intel Core i7-13620H/16GB/1TB SSD/RTX 4060/15.6""",0,14,58,0.05940999313155344,1.1178740723470364,0,0.3586187731085387,0,0.42398396063715843,2,6,12,27,0
"HP Victus 16-d1021ns Intel Core i7-12700H/16GB/512GB SSD/RTX 3050Ti/16.1""",0,9,112,0.05940999313155344,-0.2334141123167544,0,0.774564941778703,0,-0.12470421196550814,2,6,12,22,0
"MSI Modern 14 C13M-426XES Intel Core i7-1355U/16GB/1TB SSD/14""",0,14,68,0.05940999313155344,1.1178740723470364,0,-0.9724089666359824,0,-0.34417948100657475,2,3,12,7,1
"MSI Modern 15 B12M-430XES Intel Core i3-1215U/8GB/256GB SSD/15.6""",0,14,68,-0.7514941785218785,-0.9422866026321857,0,0.3586187731085387,0,-0.8928676536092414,2,3,10,7,1
"Lenovo IdeaPad 3 15ALC6 AMD Ryzen 3 5300U/8GB/256GB SSD/15.6""",0,13,56,-0.7514941785218785,-0.9422866026321857,0,0.3586187731085387,0,-0.8928676536092414,0,3,6,7,1
"MSI Prestige 14H B12UCX-414XES Intel Core i5-12450H/16GB/512GB SSD/RTX 2050/14""",0,14,83,0.05940999313155344,-0.2334141123167544,0,-0.9724089666359824,0,-0.34417948100657475,2,6,11,17,0
"Lenovo IdeaPad 3 15ITL6 Intel Core i7-1165G7/16GB/512 GB SSD/15.6""",0,13,56,0.05940999313155344,-0.2334141123167544,0,0.3586187731085387,0,-0.618523567307908,2,3,12,7,1
"Lenovo ThinkBook 15 G2 ITL Intel Core i5-1135G7/8 GB/256GB SSD/15.6"" Gris",0,13,101,-0.7514941785218785,-0.9422866026321857,0,0.3586187731085387,0,-0.47586464243121473,2,3,11,7,1
"MSI Prestige 14H B12UCX-413XES Intel Core i7-12650H/16GB/1TB SSD/RTX 2050/14""",0,14,83,0.05940999313155344,1.1178740723470364,0,-0.9724089666359824,0,0.19353492814403847,2,6,12,17,0
"HP Pavilion 15-eg2004ns Intel Core i7-1255U/16GB/512GB SSD/15.6""",0,9,79,0.05940999313155344,-0.2334141123167544,0,0.3586187731085387,0,-0.34417948100657475,2,3,12,7,1
"HP Victus 15-fa0026ns Intel Core i5-12450H/16GB/512GB SSD/GTX 1650/15.6""",0,9,112,0.05940999313155344,-0.2334141123167544,0,0.3586187731085387,0,-0.34417948100657475,2,2,11,5,2
"Lenovo IdeaPad 3 15ITL6 Intel Core i5-1155G7/8 GB/512GB SSD/15.6""",0,13,56,-0.7514941785218785,-0.2334141123167544,0,0.3586187731085387,0,-0.7941037825407614,2,3,11,7,1
"Lenovo ThinkBook 14 G4 IAP Intel Core i5-1235U/8GB/256GB SSD/14""",0,13,101,-0.7514941785218785,-0.9422866026321857,0,-0.9724089666359824,0,-0.3880745348147881,2,3,11,7,1
"HP Victus 15-fa0004ns Intel Core i5-12500H/16GB/512GB SSD/GTX 1650/15.6""",0,9,112,0.05940999313155344,-0.2334141123167544,0,0.3586187731085387,0,-0.30028442719836146,2,2,11,5,2
"Lenovo IdeaPad 3 15ALC6 AMD Ryzen 5 5500U/8GB/512GBSSD/15.6""",0,13,56,-0.7514941785218785,-0.2334141123167544,0,0.3586187731085387,0,-0.783130019088708,0,3,7,7,1
"HP 15S-fq5094ns Intel Core i7-1255U/8GB/512GB SSD/15.6""",0,9,4,-0.7514941785218785,-0.2334141123167544,0,0.3586187731085387,0,-0.6294863569965093,2,3,12,7,1
"MSI Stealth 16 Studio A13VF-038XES Intel Core i7-13700H/32GB/1TB SSD/RTX 4060/16""",0,14,92,1.681218336438417,1.1178740723470364,0,0.6913757080446693,0,1.2470162195411583,2,6,12,27,0
"Acer Aspire 5 A515-57-76BV Intel Core i7-1255U/8GB/512GB SSD/15.6""",0,0,19,-0.7514941785218785,-0.2334141123167544,0,0.3586187731085387,0,-0.5197596962394281,2,3,12,7,1
"Lenovo IdeaPad 3 15ALC6 AMD Ryzen 3 5300U/8 GB/256GB SSD/15.6""",0,13,56,-0.7514941785218785,-0.9422866026321857,0,0.3586187731085387,0,-0.8928676536092414,0,3,6,7,1
"Lenovo IdeaPad 3 15ALC6 AMD Ryzen 7 5700U/8 GB/512GB SSD/15.6""",0,13,56,-0.7514941785218785,-0.2334141123167544,0,0.3586187731085387,0,-0.6733923845681747,0,3,8,7,1
"MSI Pulse 15 B13VFK-448XES Intel Core i9-13900H/32GB/1TB SSD/RTX 4060/15.6""",0,14,86,1.681218336438417,1.1178740723470364,0,0.3586187731085387,0,1.192158376044344,2,6,13,27,0
"Lenovo IdeaPad 1 15ADA7 AMD 3020e/4GB/128GB SSD/15.6""",0,13,56,-1.1569462643485944,-1.2967228477899013,0,0.3586187731085387,0,-0.9543317027041921,0,3,3,7,1
"Lenovo IdeaPad 3 15ALC6 AMD Ryzen 5 5500U/8 GB/512GB SSD/15.6""",0,13,56,-0.7514941785218785,-0.2334141123167544,0,0.3586187731085387,0,-0.684355174256776,0,3,7,7,1
"Lenovo IdeaPad 3 15ITL6 Intel Core i5-1155G7/16 GB/512GB SSD/15.6""",0,13,56,0.05940999313155344,-0.2334141123167544,0,0.3586187731085387,0,-0.618523567307908,2,3,11,7,1
"Lenovo IdeaPad 1 15ADA7 AMD 3020e/4GB/256GB SSD/15.6""",0,13,56,-1.1569462643485944,-0.9422866026321857,0,0.3586187731085387,0,-1.0871142404740373,0,3,3,7,1
"MSI Modern 15 B11M-043XES Intel Core i5-1155G7/8GB/512GB SSD/15.6""",0,14,68,-0.7514941785218785,-0.2334141123167544,0,0.3586187731085387,0,-0.783130019088708,2,3,11,7,1
"ASUS ZenBook 13 OLED UX325EA-KG448W Intel Core i7-1165G7/16GB/512GB SSD/13.3""",0,3,120,0.05940999313155344,-0.2334141123167544,0,-1.5547336027742098,0,-0.12470421196550814,2,3,12,7,1
"ASUS TUF Gaming F15 FX506HF-HN004 Intel Core i5-11400H/16GB/512GB SSD/RTX 2050/15.6""",0,3,98,0.05940999313155344,-0.2334141123167544,0,0.3586187731085387,0,-0.39904829826684146,2,6,11,17,0
"ASUS VivoBook F1605PA-MB125W Intel Core i5-11300H/16GB/512GB SSD/16""",0,3,113,0.05940999313155344,-0.2334141123167544,0,0.6913757080446693,0,-0.5636547500476414,2,3,11,7,1
"Razer Blade 15 Advanced Model QHD Intel Core i7-12800H/16GB/1TB SSD/RTX 3070Ti/15.6""",0,21,22,0.05940999313155344,1.1178740723470364,0,0.3586187731085387,0,2.1808725155474447,2,6,12,24,0
"Medion Akoya E15301 AMD Ryzen 7 3700U/8 GB/256GB SSD/15.6""",0,15,15,-0.7514941785218785,-0.9422866026321857,0,0.3586187731085387,0,-0.9148261542768,0,3,8,7,1
"ASUS ExpertBook B1 B1502CBA-EJ0469X Intel Core i5-1235U/8GB/256GB SSD/15.6""",0,3,42,-0.7514941785218785,-0.9422866026321857,0,0.3586187731085387,0,-0.3551532444586281,2,3,11,7,1
"Lenovo IdeaPad 1 15ADA7 AMD Ryzen 3 3250U/8 GB/256GB SSD/15.6""",0,13,56,-0.7514941785218785,-0.9422866026321857,0,0.3586187731085387,0,-0.957623831739808,0,3,6,7,1
"HP 15S-eq2089ns AMD Ryzen 3 5300U/8GB/256GB SSD/15.6""",0,9,4,-0.7514941785218785,-0.9422866026321857,0,0.3586187731085387,0,-0.8599463632530814,0,3,6,7,1
"ASUS VivoBook F1605PA-MB143 Intel Core i7-11370H/8GB/512GB SSD/16""",0,3,113,-0.7514941785218785,-0.2334141123167544,0,0.6913757080446693,0,-0.6624186211161214,2,3,12,7,1
"ASUS Vivobook Go E1504FA-BQ204W AMD Ryzen 5 7520U/8GB/512GB SSD/Radeon 610M/15.6""",0,3,113,-0.7514941785218785,-0.2334141123167544,0,0.3586187731085387,0,-0.8808074875754347,0,0,7,0,3
"Lenovo IdeaPad 1 15ALC7 AMD Ryzen 5 5500U/8GB/512GB SSD/15.6""",0,13,56,-0.7514941785218785,-0.2334141123167544,0,0.3586187731085387,0,-0.7172874383763881,0,3,7,7,1
"Lenovo IdeaPad 3 15ITL6 Intel Core i7-1165G7/16GB/512GBSSD/15.6""",0,13,56,0.05940999313155344,-0.2334141123167544,0,0.3586187731085387,0,-0.618523567307908,2,3,12,7,1
"Lenovo IdeaPad 3 15ALC6 AMD Ryzen 7 5700U/8GB/512 GB SSD/15.6""",0,13,56,-0.7514941785218785,-0.2334141123167544,0,0.3586187731085387,0,-0.7941037825407614,0,3,8,7,1
"Lenovo IdeaPad 1 15ALC7 AMD Ryzen 5 5500U/8 GB/512GB SSD/15.6""",0,13,56,-0.7514941785218785,-0.2334141123167544,0,0.3586187731085387,0,-0.8379988363489747,0,3,7,7,1
"Lenovo IdeaPad 3 15ALC6 AMD Ryzen 3 5300U/8GB/256 GB SSD/15.6""",0,13,56,-0.7514941785218785,-0.9422866026321857,0,0.3586187731085387,0,-0.9367627074174547,0,3,6,7,1
"ASUS VivoBook F1605PA-MB124W Intel Core i7-11370H/8GB/512GB SSD/16""",0,3,113,-0.7514941785218785,-0.2334141123167544,0,0.6913757080446693,0,-0.5417072231435347,2,3,12,7,1
"ASUS VivoBook F1605PA-MB146 Intel Core i5-11300H/8GB/512GB SSD/16""",0,3,113,-0.7514941785218785,-0.2334141123167544,0,0.6913757080446693,0,-0.7721452818732026,2,3,11,7,1
"ASUS ZenBook 14 UM425QA-KI252 AMD Ryzen 7 5800H/16GB/512GB SSD/14""",0,3,120,0.05940999313155344,-0.2334141123167544,0,-0.9724089666359824,0,-0.34417948100657475,0,3,8,7,1
"Acer Aspire 3 A315-59-504M Intel Core i5-1235U/16GB/512GB SSD/15.6""",0,0,19,0.05940999313155344,-0.2334141123167544,0,0.3586187731085387,0,-0.6294863569965093,2,3,11,7,1
"Lenovo IdeaPad Gaming 3 15IAH7 Intel Core i7-12700H/16GB/512GB SSD/RTX3060/15.6""",0,13,56,0.05940999313155344,-0.2334141123167544,0,0.3586187731085387,0,0.0947710570755585,2,6,12,23,0
"ASUS VivoBook F1500EA-EJ3070W Intel Core i5-1135G7/16GB/512GB SSD/15.6""",0,3,113,0.05940999313155344,-0.2334141123167544,0,0.3586187731085387,0,-0.6075388300924027,2,3,11,7,1
"Lenovo IdeaPad 1 15ALC7 AMD Ryzen 5 5500U/16GB/512GB SSD/15.6""",0,13,56,0.05940999313155344,-0.2334141123167544,0,0.3586187731085387,0,-0.6404710942120148,0,3,7,7,1
"Lenovo IdeaPad 3 15ITL6 Intel Core i5-1155G7/16GB/512GB SSD/15.6""",0,13,56,0.05940999313155344,-0.2334141123167544,0,0.3586187731085387,0,-0.618523567307908,2,3,11,7,1
"HP 255 G9 AMD Athlon 3020e/8GB/256GB SSD/15.6""",0,9,8,-0.7514941785218785,-0.9422866026321857,0,0.3586187731085387,0,-1.0574741053900414,0,3,0,7,1
"Lenovo IdeaPad 3 15ITL6 Intel Core i3-1115G4/8 GB/256GBSSD/15.6""",0,13,56,-0.7514941785218785,-0.9422866026321857,0,0.3586187731085387,0,-0.914815180513348,2,3,10,7,1
"HP 255 G9 AMD Ryzen 5 5625U/16GB/512 GB SSD/15.6""",0,9,8,0.05940999313155344,-0.2334141123167544,0,0.3586187731085387,0,-0.48213066136233723,0,3,7,7,1
"Lenovo IdeaPad 5 15ALC05 AMD Ryzen 5 5500U/8GB/512GB SSD/15.6""",0,13,56,-0.7514941785218785,-0.2334141123167544,0,0.3586187731085387,0,-0.7941037825407614,0,3,7,7,1
"ASUS Chromebook CX1400CKA-EK0138 Intel Celeron N4500/8GB/64GB eMMC/14""",0,3,26,-0.7514941785218785,-1.4739409703687592,1,-0.9724089666359824,0,-1.0025943143663227,2,3,1,7,1
"Lenovo Legion 5 15ACH6H AMD Ryzen 7 5800H/16GB/512GB SSD/RTX3050Ti/15.6""",0,13,61,0.05940999313155344,-0.2334141123167544,0,0.3586187731085387,0,-0.25637839962669606,0,6,8,22,0
"Lenovo IdeaPad 3 15ITL6 Intel Core i5-1135G7/8GB/512GB SSD/15.6"" Azul",0,13,56,-0.7514941785218785,-0.2334141123167544,0,0.3586187731085387,0,-0.7282612018284413,2,3,11,7,1
"Lenovo IdeaPad Gaming 3 15ACH6 AMD Ryzen 7 5800H/16GB/512GB SSD/RTX 3050Ti/15.6""",0,13,56,0.05940999313155344,-0.2334141123167544,0,0.3586187731085387,0,-0.34417948100657475,0,6,8,22,0
"Lenovo ThinkBook 14 G2 ITL Intel Core i5-1135G7/16 GB/512GB SSD/14""",0,13,101,0.05940999313155344,-0.2334141123167544,0,-0.9724089666359824,0,-0.32223195410246813,2,3,11,7,1
"MSI Pulse GL76 12UEK-828XES Intel Core i7-12700H/32GB/1TB SSD/RTX 3060/17.3""",0,14,86,1.681218336438417,1.1178740723470364,0,1.7728357465870934,0,0.2045086915960918,2,6,12,23,0
"Apple Macbook Air Apple M2/8GB/256GB SSD/GPU Octa Core/13.6"" Gris Espacial",0,2,65,-0.7514941785218785,-0.9422866026321857,0,-1.305165901572113,0,0.22645621850019848,1,3,2,7,1
"Acer Aspire 3 A317-53-53U0 Intel Core i5-1135G7/8GB/512GB SSD/17.3""",0,0,19,-0.7514941785218785,-0.2334141123167544,0,1.7728357465870934,0,-0.6404710942120148,2,3,11,7,1
"MSI Raider GE68HX 13VF-045XES Intel Core i9-13950HX/32GB/1TB SSD/RTX 4060/16""",0,14,88,1.681218336438417,1.1178740723470364,0,0.6913757080446693,0,1.4116226713219584,2,6,13,27,0
"HP 15S-fq4042ns Intel Core i7-1195G7/8GB/512GB SSD/15.6""",0,9,4,-0.7514941785218785,-0.2334141123167544,0,0.3586187731085387,0,-0.6733923845681747,2,3,12,7,1
"Lenovo Legion 5 15IAH7H Intel Core i7-12700H/16GB/512GB SSD/RTX3060/15.6""",0,13,61,0.05940999313155344,-0.2334141123167544,0,0.3586187731085387,0,0.3142463261166251,2,6,12,23,0
"HP ProBook 450 G8 Intel Core i5-1135G7/8 GB/256GB SSD/15.6""",0,9,85,-0.7514941785218785,-0.9422866026321857,0,0.3586187731085387,0,-0.6294863569965093,2,3,11,7,1
"ASUS VivoBook 15 F1500EA-EJ3021 Intel Core i5-1135G7/16GB/512GB SSD/15.6""",0,3,113,0.05940999313155344,-0.2334141123167544,0,0.3586187731085387,0,-0.6624186211161214,2,3,11,7,1
"Lenovo IdeaPad Gaming 3 15IAH7 Intel Core i5-12500H/16 GB/512GB SSD/RTX3050Ti/15.6""",0,13,56,0.05940999313155344,-0.2334141123167544,0,0.3586187731085387,0,-0.2783369002942548,2,6,11,22,0
"MSI Modern 14 C13M-447XES Intel Core i5-1335U/16GB/512GB SSD/14""",0,14,68,0.05940999313155344,-0.2334141123167544,0,-0.9724089666359824,0,-0.5636547500476414,2,3,11,7,1
"MSI Modern 14 C12M-017XES Intel Core i7-1255U/16GB/512GB SSD/14""",0,14,68,0.05940999313155344,-0.2334141123167544,0,-0.9724089666359824,0,-0.34417948100657475,2,3,12,7,1
"Lenovo IdeaPad 3 15ITL6 Intel Core i7-1165G7/16 GB/512GB SSD/15.6""",1,13,56,0.05940999313155344,-0.2334141123167544,0,0.3586187731085387,0,-0.4539171155271081,2,3,12,7,1
"MSI Pulse 15 B13VGK-433XES Intel Core i9-13900H/32GB/1TB SSD/RTX 4070/15.6""",0,14,86,1.681218336438417,1.1178740723470364,0,0.3586187731085387,0,1.0824097677603584,2,6,13,28,0
MSI Stealth 15 A13VF-028XES Intel Core i7-13620H/32GB/1TB SSD/RTX 4060/15.6'',0,14,92,1.681218336438417,1.1178740723470364,0,0.3586187731085387,0,0.6434592296782251,2,6,12,27,0
"ASUS Chromebook CX1400FKA-EC0078 Intel Celeron N4500/8GB/64GB eMMC/14"" Táctil",0,3,26,-0.7514941785218785,-1.4739409703687592,1,-0.9724089666359824,1,-0.947736470869508,2,3,1,7,1
"Lenovo V15 G2 ITL Intel Core i5-1135G7/16 GB/512GB SSD/15.6""",0,13,108,0.05940999313155344,-0.2334141123167544,0,0.3586187731085387,0,-0.6733923845681747,2,3,11,7,1
"ASUS Chromebook CX1400CNA-BV0210 Intel Celeron N3350/8GB/32GB/14""",0,3,26,-0.7514941785218785,-1.562550031658188,0,-0.9724089666359824,0,-1.0574741053900414,2,3,1,7,1
"MSI Vector GP68HX 12VH-009XES Intel Core i9-12900HX/32GB/1TB SSD/RTX 4080/16""",0,14,111,1.681218336438417,1.1178740723470364,0,0.6913757080446693,0,1.4116226713219584,2,6,13,29,0
"HP 15S-fq5075ns Intel Core i5-1235U/8GB/512GB SSD/15.6""",0,9,4,-0.7514941785218785,-0.2334141123167544,0,0.3586187731085387,0,-0.8050665722293626,2,3,11,7,1
"Acer Aspire 3 A315-59-56GV Intel Core i5-1235U/8GB/512GB SSD/15.6""",0,0,19,-0.7514941785218785,-0.2334141123167544,0,0.3586187731085387,0,-0.618523567307908,2,3,11,7,1
"ASUS ExpertBook P1512CEA-EJ0083X Intel Core i3-1115G4/8GB/256GB SSD/15.6""",0,3,42,-0.7514941785218785,-0.9422866026321857,0,0.3586187731085387,0,-0.8379988363489747,2,3,10,7,1
"Lenovo IdeaPad Gaming 3 15ACH6 AMD Ryzen 5 5600H/16GB/512GB SSD/RTX3050/15.6""",0,13,56,0.05940999313155344,-0.2334141123167544,0,0.3586187731085387,0,-0.3661270079106814,0,6,7,22,0
"ASUS ZenBook 14 OLED UM3402YA-KM513 AMD Ryzen 5 7530U/16GB/512GB SSD/14""",0,3,120,0.05940999313155344,-0.2334141123167544,0,-0.9724089666359824,0,-0.3771007713627348,0,3,7,7,1
"Lenovo IdeaPad Gaming 3 15IAH7 Intel Core i5-12500H/16GB/512GB SSD/RTX3050/15.6""",0,13,56,0.05940999313155344,-0.2334141123167544,0,0.3586187731085387,0,-0.23444184648604147,2,6,11,22,0
"Lenovo Legion 5 15ITH6H Intel Core i5-11400H/16GB/512GB SSD/RTX3060/15.6""",0,13,61,0.05940999313155344,-0.2334141123167544,0,0.3586187731085387,0,0.006991923222583881,2,6,11,23,0
"Lenovo IdeaPad Flex 5 14ALC05 AMD Ryzen 5 5500U/16GB/512GB SSD/14"" Táctil",0,13,56,0.05940999313155344,-0.2334141123167544,0,-0.9724089666359824,1,-0.5636547500476414,0,3,7,7,1
"Apple MacBook Air Apple M1/8GB/256GB SSD/GPU Hepta Core/13.3"" Plata",0,2,65,-0.7514941785218785,-0.9422866026321857,0,-1.5547336027742098,0,-0.10275668506140148,1,3,2,7,1
"Lenovo IdeaPad Gaming 3 15ACH6 AMD Ryzen 5 5600H/16 GB/512GB SSD/GTX1650/15.6""",0,13,56,0.05940999313155344,-0.2334141123167544,0,0.3586187731085387,0,-0.47586464243121473,0,2,7,5,2
"MSI Prestige 14H B12UCX-427XES Intel Core i7-12650H/32GB/1TB SSD/RTX 2050/14""",0,14,83,1.681218336438417,1.1178740723470364,0,-0.9724089666359824,0,0.05087600326734516,2,6,12,17,0
"ASUS F515EA-EJ1858W Intel Core i7-1165G7/8GB/512GB SSD/15.6""",0,3,46,-0.7514941785218785,-0.2334141123167544,0,0.3586187731085387,0,-0.5197596962394281,2,3,12,7,1
"Gigabyte G5 KF-E3ES313SD Intel Core i5-12500H/16GB/512GB SSD/RTX 4060/15.6""",0,8,49,0.05940999313155344,-0.2334141123167544,0,0.3586187731085387,0,-0.22346808303398813,2,6,11,27,0
"HP ChromeBook 14b-na0017ns AMD Ryzen 3 3250C/8GB/128GB SSD/14""",0,9,26,-0.7514941785218785,-1.2967228477899013,0,-0.9724089666359824,0,-0.8050665722293626,0,3,6,7,1
"Dell Vostro 3510 Intel Core i3-1115G4/8 GB/256GB SSD/15.6""",0,5,115,-0.7514941785218785,-0.9422866026321857,0,0.3586187731085387,0,-0.783130019088708,2,3,10,7,1
"Apple Macbook Air Apple M2/8GB/256GB SSD/GPU Octa Core/13.6"" Plata",0,2,65,-0.7514941785218785,-0.9422866026321857,0,-1.305165901572113,0,0.22645621850019848,1,3,2,7,1
"ASUS TUF Gaming A15 2023 FA507NV-LP031W AMD Ryzen 7 7735HS/16GB/512GB SSD/RTX 4060/15.6""",0,3,98,0.05940999313155344,-0.2334141123167544,0,0.3586187731085387,0,0.03990223981529183,0,6,8,27,0
"MSI Thin GF63 12UDX-042XES Intel Core i5-12450H/16GB/512GB SSD/RTX 3050/15.6""",0,14,100,0.05940999313155344,-0.2334141123167544,0,0.3586187731085387,0,-0.34417948100657475,2,6,11,22,0
"Lenovo Ideapad Gaming 3 Gen 6 Intel Core i5-11320H/16GB/512GB SSD/GTX 1650/15.6""",0,13,56,0.05940999313155344,-0.2334141123167544,0,0.3586187731085387,0,-0.5307224859280294,2,2,11,5,2
"Lenovo Legion 5 15IAH7H Intel Core i7-12700H/16GB/1TB SSD/RTX3060/15.6""",0,13,61,0.05940999313155344,1.1178740723470364,0,0.3586187731085387,0,0.2813360095239172,2,6,12,23,0
"HP 15S-EQ2086NS AMD Ryzen 3 5300U/8GB/512GB SSD/15.6""",0,9,4,-0.7514941785218785,-0.2334141123167544,0,0.3586187731085387,0,-0.914815180513348,0,3,6,7,1
"HP Essential 255 G8 AMD 3020e/8GB/256GB SSD/15.6""",0,9,8,-0.7514941785218785,-0.9422866026321857,0,0.3586187731085387,0,-1.0684478688420946,0,3,3,7,1
"Lenovo IdeaPad Gaming 3 15ACH6 AMD Ryzen 5 5600H/16 GB/512 GB SSD/GTX 1650/15.6""",0,13,56,0.05940999313155344,-0.2334141123167544,0,0.3586187731085387,0,-0.585591303188296,0,2,7,5,2
"Medion Akoya E14301 AMD Ryzen 5 3500U/4GB/256GB SSD/14""",0,15,15,-1.1569462643485944,-0.9422866026321857,0,-0.9724089666359824,0,-0.8928676536092414,0,3,7,7,1
"ASUS Vivobook 14 F1402ZA-EK610 Intel Core i3-1215U/8GB/256GB SSD/14""",0,3,113,-0.7514941785218785,-0.9422866026321857,0,-0.9724089666359824,0,-0.9367627074174547,2,3,10,7,1
"MSI Modern 14 C12M-077XES Intel Core i7-1255U/16GB/1TB SSD/14""",0,14,68,0.05940999313155344,1.1178740723470364,0,-0.9724089666359824,0,-0.34417948100657475,2,3,12,7,1
"ASUS ROG Strix G15 G513RM-HQ012 AMD Ryzen 7 6800H/16GB/1TB SSD/RTX3060/15.6""",1,3,87,0.05940999313155344,1.1178740723470364,0,0.3586187731085387,0,0.6434592296782251,0,6,8,23,0
"MSI Modern 15 B13M-280XES Intel Core i5-1335U/16GB/512GB SSD/15.6""",0,14,68,0.05940999313155344,-0.2334141123167544,0,0.3586187731085387,0,-0.5417072231435347,2,3,11,7,1
"HP 15S-eq2091ns AMD Ryzen 7 5700U/12GB/512GB SSD/15.6""",0,9,4,-0.3460420926951625,-0.2334141123167544,0,0.3586187731085387,0,-0.618523567307908,0,3,8,7,1
"Lenovo Ideapad Duet 5 Chromebook Qualcomm Snapdragon 7c/8GB/128GB eMMC/13.3"" Táctil",0,13,56,-0.7514941785218785,-1.2967228477899013,1,-1.5547336027742098,1,-0.783130019088708,5,3,2,7,1
"Acer Nitro 5 AN515-47-R5K6 AMD Ryzen 5 7535HS/16GB/1TB SSD/RTX 3050Ti/15.6""",0,0,73,0.05940999313155344,1.1178740723470364,0,0.3586187731085387,0,-0.12470421196550814,0,6,7,22,0
"Lenovo V15 G2 ITL Intel Core i3-1115G4/8 GB/512 GB SSD/15.6""",0,13,108,-0.7514941785218785,-0.2334141123167544,0,0.3586187731085387,0,-0.947736470869508,2,3,10,7,1
"MSI Prestige 16 Studio A13VF-042XES Intel Core i7-13700H/32GB/1TB SSD/RTX 4060/16""",0,14,83,1.681218336438417,1.1178740723470364,0,0.6913757080446693,0,0.7531968641987584,2,6,12,27,0
"HP 15S-EQ1158NS AMD 3020e/4GB/128GB SSD/15.6""",0,9,4,-1.1569462643485944,-1.2967228477899013,0,0.3586187731085387,0,-1.0245528150338814,0,3,3,7,1
"Lenovo IdeaPad 3 15ITL6 Intel Core i3-1115G4/8GB/256GB SSD/15.6"" Azul",0,13,56,-0.7514941785218785,-0.9422866026321857,0,0.3586187731085387,0,-0.8599463632530814,2,3,10,7,1
"LG Gram 17Z90R-G.AA75B Intel Evo Core i7-1360P/16GB/512GB SSD/17""",0,12,55,0.05940999313155344,-0.2334141123167544,0,1.5232680453849952,0,0.5337215951576918,2,3,12,7,1
"MSI Prestige 16 Studio A13VE-045XES Intel Core i7-13700H/32GB/1TB SSD/RTX 4050/16""",0,14,83,1.681218336438417,1.1178740723470364,0,0.6913757080446693,0,0.7531968641987584,2,6,12,26,0
"ASUS E410MA-EK1356WS Intel Celeron N4020/4GB/64GB eMMC/14""",0,3,34,-1.1569462643485944,-1.4739409703687592,1,-0.9724089666359824,0,-1.0574741053900414,2,3,1,7,1
"HP OMEN 17-cm2003ns Intel Core i7-13700HX/32GB/1TB SSD/RTX 4060/17.3""",0,9,76,1.681218336438417,1.1178740723470364,0,1.7728357465870934,0,0.5337215951576918,2,6,12,27,0
"Medion Akoya E16401 MD62264 Intel Core i5-1135G7/8GB/512GB SSD/16.1""",0,15,15,-0.7514941785218785,-0.2334141123167544,0,0.774564941778703,0,-0.8928676536092414,2,3,11,7,1
"Lenovo V15 G2 ALC AMD Ryzen 3 5300U/8 GB/256 GB SSD/15.6""",0,13,108,-0.7514941785218785,-0.9422866026321857,0,0.3586187731085387,0,-1.0026052881297747,0,3,6,7,1
"ASUS ZenBook 14 OLED UM3402YA-KM512WS AMD Ryzen 7 7730U/16GB/512GB SSD/14""",0,3,120,0.05940999313155344,-0.2334141123167544,0,-0.9724089666359824,0,-0.1795730292257748,0,3,8,7,1
"Portátil Alurin Flex Advance Intel Core I5-1155G7 14""",1,1,48,-0.7514941785218785,-1.651159092947617,0,-0.9724089666359824,0,-1.0358557913894961,2,3,11,7,1
"Acer Aspire 3 A315-58-32EE Intel Core i3-1115G4/8GB/512GB SSD/15.6""",0,0,19,-0.7514941785218785,-0.2334141123167544,0,0.3586187731085387,0,-0.8928676536092414,2,3,10,7,1
"ASUS Chromebook Vibe CX55 Flip CX5501FEA-NA0271 Intel Core i3-1115G4/8GB/256GB SSD/15.6"" Táctil",0,3,26,-0.7514941785218785,-0.9422866026321857,0,0.3586187731085387,1,-0.6733923845681747,2,3,10,7,1
"MSI Stealth 17 Studio A13VG-017ES Intel Core i7-13700H/32GB/1TB SSD/RTX 4070/17.3""",0,14,92,1.681218336438417,1.1178740723470364,0,1.7728357465870934,0,1.795704392143825,2,6,12,28,0
"ASUS Vivobook 17 F1704VA-AU083W Intel Core i5-1335U/16GB/512GB SSD/17.3""",0,3,113,0.05940999313155344,-0.2334141123167544,0,1.7728357465870934,0,-0.4539171155271081,2,3,11,7,1
"HP Victus 16-e1007ns AMD Ryzen 7 6800H/16GB/512GB SSD/RTX 3050/16.1""",0,9,112,0.05940999313155344,-0.2334141123167544,0,0.774564941778703,0,-0.23444184648604147,0,6,8,22,0
"MSI Pulse 17 B13VGK-085XES Intel Core i7-13700H/16GB/1TB SSD/RTX 4070/17.3""",0,14,86,0.05940999313155344,1.1178740723470364,0,1.7728357465870934,0,0.8629344987192917,2,6,12,28,0
"ASUS ExpertBook B1500CEAE-EJ3535X Intel Core i7-1165G7/16GB/512GB SSD/15.6""",0,3,42,0.05940999313155344,-0.2334141123167544,0,0.3586187731085387,0,-0.2893106637463081,2,3,12,7,1
"Medion Akoya E15301 AMD Ryzen 7 3700U/8 GB/512GB SSD/15.6""",0,15,15,-0.7514941785218785,-0.2334141123167544,0,0.3586187731085387,0,-0.8928676536092414,0,3,8,7,1
"ASUS Vivobook 14 F1402ZA-EK611W Intel Core i5-1235U/8GB/512GB SSD/14""",0,3,113,-0.7514941785218785,-0.2334141123167544,0,-0.9724089666359824,0,-0.6514338839006161,2,3,11,7,1
"Razer Blade 15 QHD Intel Core i7-12800H/16GB/1TB SSD/RTX 3060/15.6""",0,21,22,0.05940999313155344,1.1178740723470364,0,0.3586187731085387,0,1.632184342944778,2,6,12,23,0
"Apple MacBook Air Apple M1/8GB/256GB SSD/GPU Hepta Core/13.3"" Dorado",0,2,65,-0.7514941785218785,-0.9422866026321857,0,-1.5547336027742098,0,-0.10275668506140148,1,3,2,7,1
"ASUS Chromebook CX1700CKA-BX0079 Intel Celeron N4500/8GB/64GB eMMC/17.3""",0,3,26,-0.7514941785218785,-1.4739409703687592,1,1.7728357465870934,0,-0.9696839977736147,2,3,1,7,1
"ASUS VivoBook F1500EA-BQ2649W Intel Core i3-1115G4/8GB/512GB SSD/15.6""",0,3,113,-0.7514941785218785,-0.2334141123167544,0,0.3586187731085387,0,-0.8928676536092414,2,3,10,7,1
HP Omen 16-b1016ns Intel Core i7-12700H/16GB/1TB SSD/RTX 3060/16.1'',0,9,76,0.05940999313155344,1.1178740723470364,0,0.774564941778703,0,0.3142463261166251,2,6,12,23,0
"Lenovo IdeaPad Gaming 3 15ACH6 AMD Ryzen 7 5800H/16 GB/512GB SSD/RTX3050/15.6""",0,13,56,0.05940999313155344,-0.2334141123167544,0,0.3586187731085387,0,-0.25637839962669606,0,6,8,22,0
"ASUS ZenBook 14 OLED UM3402YA-KM091 AMD Ryzen 5 5625U/16GB/512GB SSD/14""",0,3,120,0.05940999313155344,-0.2334141123167544,0,-0.9724089666359824,0,-0.34417948100657475,0,3,7,7,1
"MSI Bravo 15 B5ED-019XES AMD Ryzen 5 5600H/8GB/512GB SSD/RX 6500M/15.6""",0,14,25,-0.7514941785218785,-0.2334141123167544,0,0.3586187731085387,0,-0.4868384058832681,0,7,7,32,3
"ASUS TUF Dash F15 FX517ZE-HN050 Intel Core i7-12650H/16GB/512GB SSD/RTX 3050Ti/15.6""",0,3,98,0.05940999313155344,-0.2334141123167544,0,0.3586187731085387,0,-0.014966577444974826,2,6,12,22,0
MSI Stealth 15 A13VF-019XES Intel Core i7-13620H/16GB/1TB SSD/RTX 4060/15.6'',0,14,92,0.05940999313155344,1.1178740723470364,0,0.3586187731085387,0,0.5337215951576918,2,6,12,27,0
"MSI Katana GF66 12UE-1202XES Intel Core i7-12650H/16GB/512GB SSD/RTX 3060/15.6""",0,14,58,0.05940999313155344,-0.2334141123167544,0,0.3586187731085387,0,-0.014966577444974826,2,6,12,23,0
"MSI Modern 15 B13M-283ES Intel Core i7-1355U/16GB/1TB SSD/15.6""",0,14,68,0.05940999313155344,1.1178740723470364,0,0.3586187731085387,0,-0.1576145285582161,2,3,12,7,1
"ASUS Chromebook Vibe CX34 Flip CX3401FBA-N90030 Intel Core i5-1235U/8GB/256GB SSD/14"" Táctil",0,3,26,-0.7514941785218785,-0.9422866026321857,0,-0.9724089666359824,1,-0.4539171155271081,2,3,11,7,1
"Lenovo ThinkBook 16 G4+ IAP Intel Core i5-1235U/16GB/512GB SSD/16""",0,13,101,0.05940999313155344,-0.2334141123167544,0,0.6913757080446693,0,-0.2454156099380948,2,3,11,7,1
"ASUS ZenBook 14X OLED UM5401QA-L7177 AMD Ryzen 7 5800H/16GB/512GB SSD/14""",0,3,120,0.05940999313155344,-0.2334141123167544,0,-0.9724089666359824,0,-0.12470421196550814,0,3,8,7,1
"Gigabyte AERO 16 XE5-73ES938HP Intel Core i7-12700H/16GB/2TB SSD/RTX 3070Ti/16""",0,8,14,0.05940999313155344,3.8869072376416898,0,0.6913757080446693,0,1.7408355748835582,2,6,12,24,0
"Apple Macbook Air 2023 Apple M2/8GB/256GB SSD/GPU Deca Core/15.3"" Medianoche",0,2,65,-0.7514941785218785,-0.9422866026321857,0,0.10905107190644181,0,0.3142463261166251,1,3,2,7,1
"Lenovo IdeaPad 3 AMD Ryzen 3 5300U/8GB/256GB SSD/15.6""",0,13,56,-0.7514941785218785,-0.9422866026321857,0,0.3586187731085387,0,-0.8928676536092414,0,3,6,7,1
"Acer Nitro 5 AN515-58-7571 Intel Core i7-12700H/16GB/512GB SSD/RTX 3060/15.6""",0,0,73,0.05940999313155344,-0.2334141123167544,0,0.3586187731085387,0,0.2045086915960918,2,6,12,23,0
"MSI Prestige 16 Studio A13VE-046XES Intel Core i7-13700H/16GB/1TB SSD/RTX 4050/16""",0,14,83,0.05940999313155344,1.1178740723470364,0,0.6913757080446693,0,0.6434592296782251,2,6,12,26,0
"ASUS ZenBook 13 OLED UX325EA-KG744W Intel Evo Core i7-1165G7/16GB/512GB SSD/13.3""",0,3,120,0.05940999313155344,-0.2334141123167544,0,-1.5547336027742098,0,-0.12470421196550814,2,3,12,7,1
"MSI Bravo 15 B5ED-018XES AMD Ryzen 7 5800H/16GB/512GB SSD/RX6500M/15.6""",0,14,25,0.05940999313155344,-0.2334141123167544,0,0.3586187731085387,0,-0.34417948100657475,0,7,8,32,3
"ASUS TUF Gaming A15 2023 FA507NU-LP045 AMD Ryzen 7 7735HS/16GB/512GB SSD/RTX 4050/15.6""",0,3,98,0.05940999313155344,-0.2334141123167544,0,0.3586187731085387,0,-0.1905358189143761,0,6,8,26,0
"HP Chromebook 15a-na0000ns Intel Celeron N4500/4GB/64GB eMMC/15.6""",0,9,26,-1.1569462643485944,-1.4739409703687592,1,0.3586187731085387,0,-1.0278449440694974,2,3,1,7,1
"HP OMEN 17-cm2006ns Intel Core i7-13700HX/32GB/1TB SSD/RTX 4070/17.3""",0,9,76,1.681218336438417,1.1178740723470364,0,1.7728357465870934,0,0.7531968641987584,2,6,12,28,0
"Lenovo Yoga Slim 7 ProX 14IAH7 Intel Evo Core i5-12500H/16GB/512GB SSD/14.5""",0,13,118,0.05940999313155344,-0.2334141123167544,0,-0.5564627979658194,0,0.2374299819522518,2,3,11,7,1
"ASUS ExpertBook B1 B1500CEAE-BQ2834X Intel Core i5-1135G7/16GB/512GB SSD/15.6""",0,3,42,0.05940999313155344,-0.2334141123167544,0,0.3586187731085387,0,-0.5636547500476414,2,3,11,7,1
"MSI Pulse GL76 12UEK-827XES Intel Core i9-12900H/32GB/1TB SSD/RTX 3060/17.3""",0,14,86,1.681218336438417,1.1178740723470364,0,1.7728357465870934,0,0.3142463261166251,2,6,13,23,0
"Acer Aspire 5 A515-57-51Q4 Intel Core i5-1235U/8GB/512GB SSD/MX550/15.6""",0,0,19,-0.7514941785218785,-0.2334141123167544,0,0.3586187731085387,0,-0.11371947475000277,2,4,11,11,2
"Lenovo V15 G2 ITL Intel Core i7-1165G7/16 GB/512 GB SSD/15.6""",0,13,108,0.05940999313155344,-0.2334141123167544,0,0.3586187731085387,0,-0.6733923845681747,2,3,12,7,1
"Lenovo ThinkBook 14s Yoga G2 IAP Intel Core i5-1235U/8GB/256GB SSD/14"" Táctil",0,13,101,-0.7514941785218785,-0.9422866026321857,0,-0.9724089666359824,1,-0.16418781286599604,2,3,11,7,1
"ASUS F1500EA-BQ3074W Intel Core i3-1115G4/8GB/512GB SSD/15.6""",0,3,113,-0.7514941785218785,-0.2334141123167544,0,0.3586187731085387,0,-0.8928676536092414,2,3,10,7,1
"ASUS P1512CEA-EJ0213X Intel Core i5-1135G7/8GB/256GB SSD/15.6""",0,3,42,-0.7514941785218785,-0.9422866026321857,0,0.3586187731085387,0,-0.7721562556366547,2,3,11,7,1
"ASUS VivoBook Flip TP470EA-EC402W Intel Core i5-1135G7/8GB/512GB SSD/14"" Táctil",0,3,113,-0.7514941785218785,-0.2334141123167544,0,-0.9724089666359824,1,-0.4539171155271081,2,3,11,7,1
"Lenovo IdeaPad 5 Pro 14ITL6 Intel Core i7-1165G7/8GB/512GB SSD/14""",0,13,56,-0.7514941785218785,-0.2334141123167544,0,-0.9724089666359824,0,-0.34417948100657475,2,3,12,7,1
"MSI Stealth 14 Studio A13VG-047XES Intel Core i7-13700H/32GB/1TB SSD/RTX 4070/14""",0,14,92,1.681218336438417,1.1178740723470364,0,-0.9724089666359824,0,1.3567648278251438,2,6,12,28,0
"MSI Stealth 16 Studio A13VG-036XES Intel Core i7-13700H/32GB/1TB SSD/RTX 4070/16""",0,14,92,1.681218336438417,1.1178740723470364,0,0.6913757080446693,0,1.4116336450854106,2,6,12,28,0
"Samsung Galaxy Book2 Pro Intel Core i7-1260P/16GB/512GB SSD/13.3""",0,23,53,0.05940999313155344,-0.2334141123167544,0,-1.5547336027742098,0,0.25937750885635846,2,3,12,7,1
"ASUS ExpertBook P1512CEA-EJ0084X Intel Core i7-1165G7/8GB/512GB SSD/15.6""",0,3,42,-0.7514941785218785,-0.2334141123167544,0,0.3586187731085387,0,-0.5087859327873747,2,3,12,7,1
"MSI Modern 14 C12M-030XES Intel Core i5-1235U/16GB/512GB SSD/14""",0,14,68,0.05940999313155344,-0.2334141123167544,0,-0.9724089666359824,0,-0.6733923845681747,2,3,11,7,1
"Lenovo V15 G2 ITL Intel Core i3-1115G4/8 GB/256 GB SSD/15.6""",0,13,108,-0.7514941785218785,-0.9422866026321857,0,0.3586187731085387,0,-1.0618636107708628,2,3,10,7,1
"Apple Macbook Pro Apple M2/8GB/256GB SSD/GPU Deca Core/13.3"" Gris Espacial",0,2,66,-0.7514941785218785,-0.9422866026321857,0,-1.5547336027742098,0,0.3361938530207318,1,3,2,7,1
"ASUS TUF Gaming F15 FX507ZU4-LP040 Intel Core i7-12700H/16GB/512GB SSD/RTX 4050/15.6""",0,3,98,0.05940999313155344,-0.2334141123167544,0,0.3586187731085387,0,0.2264671922636505,2,6,12,26,0
"Acer Nitro 5 AN515-45-R6CN AMD Ryzen 7 5800H/32GB/1TB SSD/RTX 3080/15.6""",0,0,73,1.681218336438417,1.1178740723470364,0,0.3586187731085387,0,1.0824097677603584,0,6,8,25,0
"Razer Blade 17 QHD 240Hz Intel Core i7-12800H/16GB/1TB SSD/RTX 3060/17.3""",0,21,22,0.05940999313155344,1.1178740723470364,0,1.7728357465870934,0,1.9613972465063778,2,6,12,23,0
"Lenovo V15 G2 ITL Intel Core i3-1115G4/8 GB/512GB SSD/15.6""",0,13,108,-0.7514941785218785,-0.2334141123167544,0,0.3586187731085387,0,-0.914815180513348,2,3,10,7,1
"HP 250 G9 Intel Core i5-1235U/16GB/512GB SSD/15.6""",0,9,7,0.05940999313155344,-0.2334141123167544,0,0.3586187731085387,0,-0.750197754969096,2,3,11,7,1
"Lenovo V15 G2 ALC AMD Ryzen 5 5500U/16GB/512GB SSD/15.6""",0,13,108,0.05940999313155344,-0.2334141123167544,0,0.3586187731085387,0,-0.9192046858941694,0,3,7,7,1
"ASUS TUF Gaming F15 FX507ZV4-LP047 Intel Core i7-12700H/16GB/1TB SSD/RTX 4060/15.6""",0,3,98,0.05940999313155344,1.1178740723470364,0,0.3586187731085387,0,0.5337215951576918,2,6,12,27,0
"Lenovo V15 G2 ITL Intel Core i3-1115G4/8 GB/256GB SSD/15.6""",0,13,108,-0.7514941785218785,-0.9422866026321857,0,0.3586187731085387,0,-0.947736470869508,2,3,10,7,1
"Acer Nitro 5 AN515-47-R6UV AMD Ryzen 7 7735HS/16GB/1TB SSD/RTX 3050Ti/15.6""",0,0,73,0.05940999313155344,1.1178740723470364,0,0.3586187731085387,0,-0.014955603681522782,0,6,8,22,0
"ASUS TUF Gaming F15 FX507ZV4-LP004 Intel Core i7-12700H/32GB/1TB SSD/RTX 4060/15.6""",0,3,98,1.681218336438417,1.1178740723470364,0,0.3586187731085387,0,0.7531968641987584,2,6,12,27,0
"Apple Macbook Air Apple M2/8GB/256GB SSD/GPU Octa Core/13.6"" Midnight",0,2,65,-0.7514941785218785,-0.9422866026321857,0,-1.305165901572113,0,0.22645621850019848,1,3,2,7,1
"HP ChromeBook 14a-na1006ns Intel Celeron N4500/4GB/64GB eMMC/14""",0,9,26,-1.1569462643485944,-1.4739409703687592,1,-0.9724089666359824,0,-1.0245528150338814,2,3,1,7,1
"MSI Creator Z16 HX Studio B13VFTO-034ES Intel Core i7-13700HX/32GB/1TB SSD/RTX 4060/16"" Táctil",0,14,29,1.681218336438417,1.1178740723470364,0,0.6913757080446693,1,1.554292569962104,2,6,12,27,0
"Medion Erazer Crawler E30 Intel Core i5-12450H/16GB/512GB SSD/RTX 3050 Ti/15.6""",0,15,41,0.05940999313155344,-0.2334141123167544,0,0.3586187731085387,0,-0.4978121693353214,2,6,11,22,0
"LG Gram 17Z90Q Intel Evo Core i7-1260P/32GB/1TB SSD/17""",0,12,55,1.681218336438417,1.1178740723470364,0,1.5232680453849952,0,0.5447063323731971,2,3,12,7,1
"MSI Pulse 17 B13VFK-072XES Intel Core i7-13700H/16GB/1TB SSD/RTX 4060/17.3""",0,14,86,0.05940999313155344,1.1178740723470364,0,1.7728357465870934,0,0.6434592296782251,2,6,12,27,0
"HP 255 G8 AMD Ryzen 3 5300U/8GB/512GB SSD/15.6""",0,9,8,-0.7514941785218785,-0.2334141123167544,0,0.3586187731085387,0,-1.0146764279270333,0,3,6,7,1
"Lenovo V15 G2 Intel Core i5-1135G7/8GB/256GB SSD/15.6""",0,13,108,-0.7514941785218785,-0.9422866026321857,0,0.3586187731085387,0,-0.8928676536092414,2,3,11,7,1
"Lenovo IdeaPad Gaming 3 15ACH6-381 AMD Ryzen 5 5600H/8GB/512GB SSD/RTX3050/15.6"" (PT)",0,13,56,-0.7514941785218785,-0.2334141123167544,0,0.3586187731085387,0,-0.4036353313897997,0,6,7,22,0
"ASUS ROG Strix G16 G614JZ-N3008 Intel Core i7-13650HX/32GB/1TB/RTX 4080/16""",0,3,87,1.681218336438417,1.1178740723470364,0,0.6913757080446693,0,1.4116336450854106,2,6,12,29,0
"ASUS VivoBook 15 F1500EA-EJ3069W Intel Core i7-1165G7/16GB/512GB SSD/15.6""",0,3,113,0.05940999313155344,-0.2334141123167544,0,0.3586187731085387,0,-0.44294335207505475,2,3,12,7,1
"MSI Summit E13 Flip Evo A13MT-228ES Intel Evo Core i7-1360P/16GB/1TB SSD/13.4"" Táctil",0,14,93,0.05940999313155344,1.1178740723470364,0,-1.4715443690401775,1,0.5337215951576918,2,3,12,7,1
"ASUS E410MA-EK1928WS Intel Celeron N4020/4GB/64GB eMMC/14""",0,3,34,-1.1569462643485944,-1.4739409703687592,1,-0.9724089666359824,0,-0.944444341833892,2,3,1,7,1
"HP Pavilion 14-dv2004ns Intel Core i5-1235U/16GB/512GB SSD/14""",0,9,79,0.05940999313155344,-0.2334141123167544,0,-0.9724089666359824,0,-0.45390614176365607,2,3,11,7,1
"LG Ultra PC 17U70Q-P.AA78B Intel Core i7-1260P/16GB/1TB SSD/RTX 3050Ti/17""",0,12,106,0.05940999313155344,1.1178740723470364,0,1.5232680453849952,0,0.7531968641987584,2,6,12,22,0
"Lenovo IdeaPad Gaming 3 15IAH7 Intel Core i5-12500H/16 GB/512GB SSD/RTX3050/15.6""",0,13,56,0.05940999313155344,-0.2334141123167544,0,0.3586187731085387,0,-0.3112472168869627,2,6,11,22,0
"Lenovo V15 G2 ITL Intel Core i5-1135G7/8 GB/512GB SSD/15.6""",0,13,108,-0.7514941785218785,-0.2334141123167544,0,0.3586187731085387,0,-0.881893890157188,2,3,11,7,1
"Lenovo V15 G2 AMD Ryzen 5 5500U/8GB/512GB SSD/15.6""",0,13,108,-0.7514941785218785,-0.2334141123167544,0,0.3586187731085387,0,-0.9543317027041921,0,3,7,7,1
"MSI Creator Z16 HX Studio B13VETO-047XES Intel Core i7-13700HX/32GB/1TB SSD/RTX 4050/16"" Táctil",0,14,29,1.681218336438417,1.1178740723470364,0,0.6913757080446693,1,1.301885036801425,2,6,12,26,0
"Samsung Galaxy Book2 Intel Core i5-1235U/8GB/256GB SSD/15.6"" Negro",0,23,53,-0.7514941785218785,-0.9422866026321857,0,0.3586187731085387,0,-0.5087859327873747,2,3,11,7,1
"Dell Vostro 3510 Intel Core i5-1135G7/8 GB/256GB SSD/15.6""",0,5,115,-0.7514941785218785,-0.9422866026321857,0,0.3586187731085387,0,-0.6831041652232419,2,3,11,7,1
"ASUS ExpertBook B3 Flip B3402FBA-EC0434X Intel Core i5-1235U/8GB/256GB SSD/14"" Táctil",0,3,42,-0.7514941785218785,-0.9422866026321857,0,-0.9724089666359824,1,-0.1466517388696148,2,3,11,7,1
"ASUS TUF Gaming A17 FA707XI-HX019 AMD Ryzen 9 7940HS/32GB/1TB SSD/RTX 4070/17.3""",0,3,98,1.681218336438417,1.1178740723470364,0,1.7728357465870934,0,0.6434702034416772,0,6,9,28,0
HP Victus 16-d1040ns Intel Core i7-12700H/32GB/512GB SSD/RTX 3060/16.1'',0,9,112,1.681218336438417,-0.2334141123167544,0,0.774564941778703,0,0.20451966535954386,2,6,12,23,0
"Asus TUF Gaming A15 FA507RR-HQ008 AMD Ryzen 7 6800H/32GB/1TB SSD/RTX 3070/15.6""",0,3,98,1.681218336438417,1.1178740723470364,0,0.3586187731085387,0,0.6324854662261717,0,6,8,24,0
"Apple Macbook Air Apple M2/8GB/512GB SSD/GPU Deca Core/13.6"" Blanco Estrella",0,2,65,-0.7514941785218785,-0.2334141123167544,0,-1.305165901572113,0,0.6105379393220651,1,3,2,7,1
"Lenovo ThinkPad E15 Gen 4 AMD Ryzen 7 5825U/16GB/512GB SSD/15.6""",0,13,102,0.05940999313155344,-0.2334141123167544,0,0.3586187731085387,0,-0.20152055612988146,0,3,8,7,1
"MSI Prestige 13 Evo A13M-068ES Intel Evo Core i7-1360P/32GB/1TB SSD/13.3""",0,14,83,1.681218336438417,1.1178740723470364,0,-1.5547336027742098,0,0.3142463261166251,2,3,12,7,1
"Lenovo Chromebook IdeaPad 3 CB 14IGL05 Intel Celeron N4020/8GB/64GB eMMC/14""",0,13,56,-0.7514941785218785,-1.4739409703687592,1,-0.9724089666359824,0,-1.0113842988914172,2,3,1,7,1
"HP ProBook 650 G8 Intel Core i5-1135G7/8GB/256GB SSD/15.6""",0,9,85,-0.7514941785218785,-0.9422866026321857,0,0.3586187731085387,0,-0.6624186211161214,2,3,11,7,1
"Dell Vostro 3520 Intel Core i7-1255U/16GB/512GB SSD/15.6""",0,5,115,0.05940999313155344,-0.2334141123167544,0,0.3586187731085387,0,-0.4648908789791614,2,3,12,7,1
"ASUS ROG Zephyrus G16 2023 GU603VI-N4006 Intel Core i9-13900H/32GB/1TB SSD/RTX 4070/16""",0,3,87,1.681218336438417,1.1178740723470364,0,0.6913757080446693,0,1.4116226713219584,2,6,13,28,0
"MSI Modern 15 B5M-017XES AMD Ryzen 7 5825U/16GB/512GB SSD/15.6""",0,14,68,0.05940999313155344,-0.2334141123167544,0,0.3586187731085387,0,-0.4539171155271081,0,3,8,7,1
"HP OMEN 16-n0012ns AMD Ryzen 7 6800H/16GB/512GB SSD/RTX 3050Ti/16.1""",0,9,76,0.05940999313155344,-0.2334141123167544,0,0.774564941778703,0,0.0947710570755585,0,6,8,22,0
"HP ChromeBook 14a-na1009ns Intel Pentium Silver N6000/8GB/128GB eMMC/14""",0,9,26,-0.7514941785218785,-1.2967228477899013,1,-0.9724089666359824,0,-0.9367736811809068,2,3,5,7,1
"MSI Creator Z17 HX Studio A13VFT-048ES Intel Core i9-13950HX/32GB/1TB SSD/RTX 4060/17"" Táctil",0,14,29,1.681218336438417,1.1178740723470364,0,1.5232680453849952,1,1.828636656263437,2,6,13,27,0
"MSI Prestige 14 Evo B13M-276ES Intel Evo Core i7-13700H/16GB/512GB SSD/14""",0,14,83,0.05940999313155344,-0.2334141123167544,0,-0.9724089666359824,0,0.0947710570755585,2,3,12,7,1
"HP Pavilion Plus 14-eh0008ns Intel Core i7-1255U/16GB/512GB SSD/RTX 2050/14""",0,9,79,0.05940999313155344,-0.2334141123167544,0,-0.9724089666359824,0,0.45691622475677046,2,6,12,17,0
"Acer Aspire 3 A314-36P-30XR Intel Core i3-N305/8GB/512GB SSD/14""",0,0,19,-0.7514941785218785,-0.2334141123167544,0,-0.9724089666359824,0,-0.783130019088708,2,3,10,7,1
"MSI Raider GE68HX 13VF-046XES Intel Core i7-13700HX/32GB/1TB SSD/RTX 4060/16""",0,14,88,1.681218336438417,1.1178740723470364,0,0.6913757080446693,0,1.301885036801425,2,6,12,27,0
"Apple Macbook Air 2023 Apple M2/8GB/256GB SSD/GPU Deca Core/15.3"" Gris Espacial",0,2,65,-0.7514941785218785,-0.9422866026321857,0,0.10905107190644181,0,0.3142463261166251,1,3,2,7,1
"ASUS ROG Strix Scar 16 2023 G634JY-N4013 Intel Core i9-13980HX/32GB/1TB SSD/RTX 4090/16""",0,3,87,1.681218336438417,1.1178740723470364,0,0.6913757080446693,0,2.618747624811277,2,6,13,30,0
"Acer Extensa 15 EX215-54-51BK Intel Core i5-1135G7/8GB/512GB SSD/15.6""",0,0,43,-0.7514941785218785,-0.2334141123167544,0,0.3586187731085387,0,-0.9466390945243027,2,3,11,7,1
"Acer Aspire 3 A315-58-77EL Intel Core i7-1165G7/16GB/512GB SSD/15.6""",0,0,19,0.05940999313155344,-0.2334141123167544,0,0.3586187731085387,0,-0.618523567307908,2,3,12,7,1
"Apple MacBook Pro Apple M2 Pro 10 Núcleos/16GB/512GB SSD/14.2"" Gris Espacial",0,2,66,0.05940999313155344,-0.2334141123167544,0,-0.8060304991679178,0,0.9836458966918784,1,3,2,7,1
"MSI Creator M16 B12UDX-688XES Intel Core i7-12650H/16GB/512GB SSD/RTX 3050/16""",0,14,29,0.05940999313155344,-0.2334141123167544,0,0.6913757080446693,0,0.0947710570755585,2,6,12,22,0
"Lenovo V15 G2 ALC AMD Ryzen 5 5500U/8 GB/256 GB SSD/15.6""",0,13,108,-0.7514941785218785,-0.9422866026321857,0,0.3586187731085387,0,-0.947736470869508,0,3,7,7,1
"Alurin Flex Intel Core i3-10110U/8GB/512GB SSD/nOS/14""",0,1,47,-0.7514941785218785,-0.2334141123167544,0,-0.9724089666359824,0,-0.9467488321588232,2,3,10,7,1
"Apple Macbook Air Apple M2/8GB/512GB SSD/GPU Deca Core/13.6"" Gris Espacial",0,2,65,-0.7514941785218785,-0.2334141123167544,0,-1.305165901572113,0,0.6105379393220651,1,3,2,7,1
"ASUS Chromebook Flip CM1 CM1400FXA-EC0109 3015Ce/8GB/64GB eMMC/14"" Táctil",0,3,26,-0.7514941785218785,-1.4739409703687592,1,-0.9724089666359824,1,-0.947725497106056,1,3,2,7,1
"Lenovo V15 G2 ITL Intel Core i3-1115G4/8GB/512GB SSD/15.6""",0,13,108,-0.7514941785218785,-0.2334141123167544,0,0.3586187731085387,0,-0.9806577612256681,2,3,10,7,1
"MSI Prestige 14 Evo B13M-282ES Intel Evo Core i5-13500H/16GB/512GB SSD/14""",0,14,83,0.05940999313155344,-0.2334141123167544,0,-0.9724089666359824,0,0.028939450126690545,2,3,11,7,1
"HP EliteBook 840 G3 Intel Core i5-6300U/16GB/512GB SSD/14""",1,9,38,0.05940999313155344,-0.2334141123167544,0,-0.9724089666359824,0,-1.0971662077961184,2,3,11,7,1
HP Victus 16-d1030ns Intel Core i7-12700H/16GB/1TB SSD/RTX 3050Ti/16.1'',0,9,112,0.05940999313155344,1.1178740723470364,0,0.774564941778703,0,-0.014955603681522782,2,6,12,22,0
"HP Pavilion 14-ec0011ns AMD Ryzen 7 5700U/16GB/512GB SSD/14""",0,9,79,0.05940999313155344,-0.2334141123167544,0,-0.9724089666359824,0,-0.45390614176365607,0,3,8,7,1
"MSI Creator M16 B13VE-680XES Intel Core i7-13700H/16GB/1TB SSD/RTX 4050/16""",0,14,29,0.05940999313155344,1.1178740723470364,0,0.6913757080446693,0,0.4788527778974251,2,6,12,26,0
"ASUS ROG Strix Scar 18 2023 G834JY-N5012 Intel Core i9-13980HX/32GB/1TB SSD/RTX 4090/18""",0,3,87,1.681218336438417,1.1178740723470364,0,2.355160382725321,0,2.618747624811277,2,6,13,30,0
"ASUS Zenbook 14 OLED UX3402ZA-KM020W Intel Evo Core i5-1240P/16GB/512GB SSD/14""",0,3,120,0.05940999313155344,-0.2334141123167544,0,-0.9724089666359824,0,-0.12470421196550814,2,3,11,7,1
"ASUS Vivobook 17 F1704VA-AU084W Intel Core i7-1355U/16GB/512GB SSD/17.3""",0,3,113,0.05940999313155344,-0.2334141123167544,0,1.7728357465870934,0,-0.34417948100657475,2,3,12,7,1
"Apple MacBook Air Apple M1/16GB/256GB SSD/GPU Hepta Core/13.3"" Gris Espacial",0,2,65,0.05940999313155344,-0.9422866026321857,0,-1.5547336027742098,0,0.03990223981529183,1,3,2,7,1
"PcCom Revolt 3060 Intel Core i7-12700H/32GB/500GB SSD/RTX 3060/15.6""",0,18,89,1.681218336438417,-0.26664251030029024,0,0.3586187731085387,0,0.25937750885635846,2,6,12,23,0
"HP OMEN 16-n0009ns AMD Ryzen 7 6800H/16GB/1TB SSD/RTX 3060/16.1""",0,9,76,0.05940999313155344,1.1178740723470364,0,0.774564941778703,0,0.4239949344006105,0,6,8,23,0
"ASUS TUF Dash F15 FX517ZM-HN002 Intel Core i7-12650H/16GB/512GB SSD/RTX 3060/15.6""",0,3,98,0.05940999313155344,-0.2334141123167544,0,0.3586187731085387,0,0.42398396063715843,2,6,12,23,0
"ASUS Chromebook CX1500CKA-EJ0181 Intel Celeron N4500/8GB/64GB eMMC/15.6""",0,3,26,-0.7514941785218785,-1.4739409703687592,1,0.3586187731085387,0,-1.0212606859982654,2,3,1,7,1
"Alurin Go Intel Pentium N4200/8GB/128GB SSD/nOS/14.1""",0,1,54,-0.7514941785218785,-1.2967228477899013,0,-0.8892197329019501,0,-1.1003705467241178,2,3,5,7,1
"HP 255 G8 AMD Ryzen 3 3250U/8 GB/256GB SSD/15.6""",0,9,8,-0.7514941785218785,-0.9422866026321857,0,0.3586187731085387,0,-1.0245528150338814,0,3,6,7,1
"ASUS ExpertBook B7 Flip B7402FBA-L90638X Intel Core i7-1260P/16GB/512GB SSD/14"" Táctil",0,3,42,0.05940999313155344,-0.2334141123167544,0,-0.9724089666359824,1,0.873908262171345,2,3,12,7,1
"MSI Prestige 16 A12UD-220ES Intel Core i7-1280P/16GB/1TB SSD/RTX 3050Ti/16""",0,14,83,0.05940999313155344,1.1178740723470364,0,0.6913757080446693,0,0.6324854662261717,2,6,12,22,0
"Dell Latitude 3520 Intel Core i5-1135G7/8GB/256 GB SSD/15.6""",0,5,60,-0.7514941785218785,-0.9422866026321857,0,0.3586187731085387,0,-0.5746285134996948,2,3,11,7,1
"HP ENVY x360 13-bf0003ns Intel Evo Core i7-1250U/16GB/1TB SSD/13.3"" Táctil",0,9,40,0.05940999313155344,1.1178740723470364,0,-1.5547336027742098,1,0.0947710570755585,2,3,12,7,1
ASUS TUF Gaming F17 FX707ZV4-HX004 Intel Core i7-12700H/32GB/1TB SSD/RTX 4060/17.3'',0,3,98,1.681218336438417,1.1178740723470364,0,1.7728357465870934,0,0.7531968641987584,2,6,12,27,0
"ASUS VivoBook 15 F515EA-BQ1359 Intel Core i3-1115G4/8GB/256GB SSD/15.6""",0,3,113,-0.7514941785218785,-0.9422866026321857,0,0.3586187731085387,0,-1.0026052881297747,2,3,10,7,1
"Apple Macbook Air Apple M2/16GB/256GB SSD/GPU Octa Core/13.6"" Midnight",0,2,65,0.05940999313155344,-0.9422866026321857,0,-1.305165901572113,0,0.3581523536882905,1,3,2,7,1
"HP 250 G8 Intel Core i5-1135G7/16GB/512GB SSD/15.6"" Plata Ceniza",0,9,7,0.05940999313155344,-0.2334141123167544,0,0.3586187731085387,0,-0.7063027011608827,2,3,11,7,1
Lenovo IdeaPad 1 15AMN7-923 AMD Ryzen 3-7320U/8GB/256 SSD/15.6'' (PT),0,13,56,-0.7514941785218785,-0.9422866026321857,0,0.3586187731085387,0,-0.8791614230576268,0,3,6,7,1
"Medion Erazer Deputy P50 Intel Core i7-13700HX/16GB/1TB SSD/RTX 4060/15.6""",0,15,33,0.05940999313155344,1.1178740723470364,0,0.3586187731085387,0,0.2374299819522518,2,6,12,27,0
"MSI Summit E16 Flip A13VET-083ES Intel Core i7-1360P/32GB/1TB SSD/RTX 4050/16"" Táctil",0,14,93,1.681218336438417,1.1178740723470364,0,0.6913757080446693,1,1.1702108491402372,2,6,12,26,0
"Dell Vostro 3510 Intel Core i5-1135G7/16 GB/512GB SSD/15.6""",0,5,115,0.05940999313155344,-0.2334141123167544,0,0.3586187731085387,0,-0.4868384058832681,2,3,11,7,1
"ASUS M515UA-EJ541 AMD Ryzen 7 5700U/16GB/512GB SSD/15.6""",0,3,64,0.05940999313155344,-0.2334141123167544,0,0.3586187731085387,0,-0.6733923845681747,0,3,8,7,1
"ASUS ROG Strix G18 G814JI-N6004 Intel Core i9-13980HX/32GB/1TB SSD/RTX 4070/18""",0,3,87,1.681218336438417,1.1178740723470364,0,2.355160382725321,0,1.4774652520342784,2,6,13,28,0
"ASUS VivoBook 16X M1603QA-MB013W AMD Ryzen 5 5600H/16GB/512GB SSD/16""",0,3,113,0.05940999313155344,-0.2334141123167544,0,0.6913757080446693,0,-0.8050665722293626,0,3,7,7,1
"Apple Macbook Air 2023 Apple M2/8GB/256GB SSD/GPU Deca Core/15.3"" Blanco Estrella",0,2,65,-0.7514941785218785,-0.9422866026321857,0,0.10905107190644181,0,0.3142463261166251,1,3,2,7,1
"MSI Thin GF63 12VE-040ES Intel Core i5-12450H/16GB/512GB SSD/RTX 4050/15.6""",0,14,100,0.05940999313155344,-0.2334141123167544,0,0.3586187731085387,0,-0.12470421196550814,2,6,11,26,0
"Gigabyte G5 KF-E3ES313SH Intel Core i5-12500H/16GB/512GB SSD/RTX 4060/15.6""",0,8,49,0.05940999313155344,-0.2334141123167544,0,0.3586187731085387,0,-0.13566700165410944,2,6,11,27,0
ASUS Zenbook UM3402YA AMD Ryzen 5-5625U/8GB/512GB SSD/14'' (PT),0,3,120,-0.7514941785218785,-0.2334141123167544,0,-0.9724089666359824,0,-0.5521871672402456,0,3,7,7,1
"MSI Creator M16 B13UDX-687XES Intel Core i7-13700H/16GB/1TB SSD/RTX 3050/16""",0,14,29,0.05940999313155344,1.1178740723470364,0,0.6913757080446693,0,0.3142463261166251,2,6,12,22,0
"Lenovo ThinkPad T470s Intel Core i5-7300U/16GB/512GB SSD/14""",1,13,102,0.05940999313155344,-0.2334141123167544,0,-0.9724089666359824,0,-0.7436244706613161,2,3,11,7,1
"HP Victus 16-e0061ns AMD Ryzen 7 5800H/16GB/512GB SSD/RTX 3050/16.1""",0,9,112,0.05940999313155344,-0.2334141123167544,0,0.774564941778703,0,-0.1795730292257748,0,6,8,22,0
"Apple Macbook Air Apple M2/8GB/512 GB SSD/GPU Deca Core/13.6"" Plata",0,2,65,-0.7514941785218785,-0.2334141123167544,0,-1.305165901572113,0,0.6105379393220651,1,3,2,7,1
"ASUS ROG Strix G17 G713RS-LL008 AMD Ryzen 9 6900HX/32GB/1TB SSD/RTX 3080/17.3""",0,3,87,1.681218336438417,1.1178740723470364,0,1.7728357465870934,0,1.8505732094040916,0,6,9,25,0
"Apple Macbook Pro Apple M2/8GB/512GB SSD/GPU Deca Core/13.3"" Plata",0,2,66,-0.7514941785218785,-0.2334141123167544,0,-1.5547336027742098,0,0.5885904124179584,1,3,2,7,1
"Apple Macbook Pro Apple M2/16GB/256GB SSD/GPU Deca Core/13.3"" Gris Espacial",0,2,66,0.05940999313155344,-0.9422866026321857,0,-1.5547336027742098,0,0.45691622475677046,1,3,2,7,1
"Apple Macbook Air Apple M2/8GB/256GB SSD/GPU Octa Core/13.6"" Blanco Estrella",0,2,65,-0.7514941785218785,-0.9422866026321857,0,-1.305165901572113,0,0.22645621850019848,1,3,2,7,1
"ASUS Expertbook B9 B9400CBA-KC0686X Intel Core i5-1235U/16GB/512GB SSD/14""",0,3,42,0.05940999313155344,-0.2334141123167544,0,-0.9724089666359824,0,0.29229879921251845,2,3,11,7,1
"MSI Stealth 16 Studio A13VG-033ES Intel Core i9-13900H/32GB/2TB SSD/RTX 4070/16""",0,14,92,1.681218336438417,3.8869072376416898,0,0.6913757080446693,0,1.757493747803775,2,6,13,28,0
"ASUS ROG Zephyrus G16 2023 GU603ZU-N4004 Intel Core i7-12700H/32GB/1TB SSD/RTX 4050/16""",0,3,87,1.681218336438417,1.1178740723470364,0,0.6913757080446693,0,0.7531968641987584,2,6,12,26,0
"MSI GF63 Thin 11UC-447XES Intel Core i5-11400H/16GB/512GB SSD/RTX 3050/15.6""",0,14,100,0.05940999313155344,-0.2334141123167544,0,0.3586187731085387,0,-0.2893106637463081,2,6,11,22,0
"ASUS TUF Gaming F15 FX507ZU4-LP003 Intel Core i7-12700H/16GB/1TB SSD/RTX 4050/15.6""",0,3,98,0.05940999313155344,1.1178740723470364,0,0.3586187731085387,0,0.808065681459025,2,6,12,26,0
"HP Chromebook 15a-na0002ns Intel Celeron N4500/8GB/128GB eMMC/15.6""",0,9,26,-0.7514941785218785,-1.2967228477899013,1,0.3586187731085387,0,-0.9696730240101626,2,3,1,7,1
"LG Ultra PC 17U70Q-P.AD78B Intel Evo Core i7-1260P/32GB/1TB SSD/RTX 3050Ti/17""",0,12,106,1.681218336438417,1.1178740723470364,0,1.5232680453849952,0,0.972672133239825,2,6,12,22,0
"ASUS ROG Zephyrus M16 2023 GU604VZ-NM008W Intel Core i9-13900H/32GB/1TB SSD/RTX 4080/16""",0,3,87,1.681218336438417,1.1178740723470364,0,0.6913757080446693,0,2.5089990165272913,2,6,13,29,0
"Lenovo V15 Gen 2 ALC AMD Ryzen 7 5700U/16GB/512GB SSD/15.6""",0,13,108,0.05940999313155344,-0.2334141123167544,0,0.3586187731085387,0,-0.6294863569965093,0,3,8,7,1
"MSI Creator M16 B12VE-685XES Intel Core i7-12650H/32GB/1TB SSD/RTX 4050/16""",0,14,29,1.681218336438417,1.1178740723470364,0,0.6913757080446693,0,0.42398396063715843,2,6,12,26,0
"MSI Summit E16 Flip Evo A13MT-238ES Intel Evo Core i7-1360P/16GB/1TB SSD/16"" Táctil",0,14,93,0.05940999313155344,1.1178740723470364,0,0.6913757080446693,1,0.5666428855138518,2,3,12,7,1
"HP 15S-fq4043ns Intel Core i7-1195G7/16GB/512GB SSD/15.6""",0,9,4,0.05940999313155344,-0.2334141123167544,0,0.3586187731085387,0,-0.6075388300924027,2,3,12,7,1
"ASUS ROG Strix G17 G713RS-LL042 AMD Ryzen 7 6800H/32GB/1TB SSD/RTX 3080/17.3""",0,3,87,1.681218336438417,1.1178740723470364,0,1.7728357465870934,0,1.8505732094040916,0,6,8,25,0
"MSI Prestige 14 Evo B13M-242ES Intel Core i7-13700H/32GB/1TB SSD/14""",0,14,83,1.681218336438417,1.1178740723470364,0,-0.9724089666359824,0,0.30328353642802386,2,3,12,7,1
"ASUS ROG Zephyrus G14 2023 GA402XV-N2028W AMD Ryzen 9 7940HS/32GB/1TB SSD/RTX 4060/14""",0,3,87,1.681218336438417,1.1178740723470364,0,-0.9724089666359824,0,1.301885036801425,0,6,9,27,0
"MSI Katana GF66 12UC-820XES Intel Core i7-12650H/16GB/512GB SSD/RTX3050/15.6""",0,14,58,0.05940999313155344,-0.2334141123167544,0,0.3586187731085387,0,-0.12470421196550814,2,6,12,22,0
"Apple MacBook Pro Apple M2 Pro 10 Núcleos/16GB/512GB SSD/14.2"" Plata",0,2,66,0.05940999313155344,-0.2334141123167544,0,-0.8060304991679178,0,1.0494884774041984,1,3,2,7,1
"ASUS ROG Strix Scar 18 2023 G834JZ-N6004W Intel Core i9-13980HX/32GB/1TB SSD/RTX 4080/18""",0,3,87,1.681218336438417,1.1178740723470364,0,2.355160382725321,0,2.289523747486225,2,6,13,29,0
"ASUS F1500EA-BQ3065W Intel Core i5-1135G7/8GB/512GB SSD/15.6""",0,3,113,-0.7514941785218785,-0.2334141123167544,0,0.3586187731085387,0,-0.881893890157188,2,3,11,7,1
"Apple MacBook Air Apple M1/16 GB/512GB SSD/GPU Hepta Core/13.3"" Gris Espacial",0,2,65,0.05940999313155344,-0.2334141123167544,0,-1.5547336027742098,0,0.2813360095239172,1,3,2,7,1
"ASUS Expertbook B9 B9400CBA-KC0681X Intel Core i7-1255U/16GB/512GB SSD/14""",0,3,42,0.05940999313155344,-0.2334141123167544,0,-0.9724089666359824,0,0.4459314875412651,2,3,12,7,1
ASUS M515UA-R55BHDSB2 AMD Ryzen 5 5500U/16GB/256GB SSD/15.6'' (PT),0,3,64,0.05940999313155344,-0.9422866026321857,0,0.3586187731085387,0,-0.7541483098118352,0,3,7,7,1
"Apple Macbook Pro Apple M2/16GB/512GB SSD/GPU Deca Core/13.3"" Gris Espacial",0,2,66,0.05940999313155344,-0.2334141123167544,0,-1.5547336027742098,0,0.6434702034416772,1,3,2,7,1
"ASUS VivoBook F1500EA-BQ2361W Intel Core i3-1115G4/8GB/256GB SSD/15.6""",0,3,113,-0.7514941785218785,-0.9422866026321857,0,0.3586187731085387,0,-1.0058974171653907,2,3,10,7,1
"Medion Akoya S15449-MD62128 Intel Core i5-1135G7/8GB/512GB SSD/15.6""",0,15,15,-0.7514941785218785,-0.2334141123167544,0,0.3586187731085387,0,-0.7063027011608827,2,3,11,7,1
"ASUS TUF Gaming A16 Advantage Edition 2023 FA617NS-N3020 AMD Ryzen 7 7735HS/16GB/1TB SSD/Radeon RX 7600S/16""",0,3,98,0.05940999313155344,1.1178740723470364,0,0.6913757080446693,0,0.2045086915960918,0,7,8,36,3
"Apple Macbook Air 2023 Apple M2/8GB/512GB SSD/GPU Deca Core/15.3"" Medianoche",0,2,65,-0.7514941785218785,-0.2334141123167544,0,0.10905107190644181,0,0.5666428855138518,1,3,2,7,1
"Acer Aspire 3 A315-58 Intel Core i7-1165G7/8GB/512GB SSD/15.6""",0,0,19,-0.7514941785218785,-0.2334141123167544,0,0.3586187731085387,0,-0.6404710942120148,2,3,12,7,1
"HP Pavilion x360 14-ek0015ns Intel Core i5-1235U/8GB/512GB SSD/14"" Táctil",0,9,79,-0.7514941785218785,-0.2334141123167544,0,-0.9724089666359824,1,-0.1795730292257748,2,3,11,7,1
"HP ProBook 455 G10 AMD Ryzen 5 7530U/16GB/512GB SSD/15.6""",0,9,85,0.05940999313155344,-0.2334141123167544,0,0.3586187731085387,0,-0.5636547500476414,0,3,7,7,1
"MSI Raider GE68HX 13VG-042XES Intel Core i9-13950HX/32GB/1TB SSD/RTX 4070/16""",0,14,88,1.681218336438417,1.1178740723470364,0,0.6913757080446693,0,1.9603108439246248,2,6,13,28,0
"Acer Predator Helios 300 PH315-55-7174 Intel Core i7-12700H/16GB/512GB SSD/RTX 3060/15.6""",0,0,82,0.05940999313155344,-0.2334141123167544,0,0.3586187731085387,0,0.5117740682535851,2,6,12,23,0
"HP 250 G9 Intel Core i7-1255U/16 GB/512GB SSD/15.6""",0,9,7,0.05940999313155344,-0.2334141123167544,0,0.3586187731085387,0,-0.5417072231435347,2,3,12,7,1
"HP Envy 16-h0002ns Intel Evo Core i7-12700H/16GB/1TB SSD/Intel Arc A370M/16""",0,9,40,0.05940999313155344,1.1178740723470364,0,0.6913757080446693,0,0.5337215951576918,2,1,12,1,3
"ASUS TUF Gaming A16 Advantage Edition 2023 FA617XS-N3035 AMD Ryzen 9 7940HS/16GB/1TB SSD/Radeon RX 7600S/16""",0,3,98,0.05940999313155344,1.1178740723470364,0,0.6913757080446693,0,0.42398396063715843,0,7,9,36,3
"ASUS TUF Gaming F15 FX506LHB-HN324 Intel Core i5-10300H/16GB/512GB SSD/GTX 1650/15.6""",0,3,98,0.05940999313155344,-0.2334141123167544,0,0.3586187731085387,0,-0.34417948100657475,2,2,11,5,2
"HP 250 G8 Intel Celeron N4020/8 GB/256 GB SSD/15.6""",0,9,7,-0.7514941785218785,-0.9422866026321857,0,0.3586187731085387,0,-1.0198779918033067,2,3,1,7,1
"HP ChromeBook x360 14a-ca0029ns Intel Celeron N4120/4GB/64GB eMMC/14"" Táctil",0,9,26,-1.1569462643485944,-1.4739409703687592,1,-0.9724089666359824,1,-1.0026052881297747,2,3,1,7,1
"ASUS ROG Strix G16 G614JI-N4089W Intel Core i9-13980HX/32GB/1TB SSD/RTX 4070/16""",0,3,87,1.681218336438417,1.1178740723470364,0,0.6913757080446693,0,1.5213603058424916,2,6,13,28,0
"MSI Raider GE78HX 13VG-041XES Intel Core i7-13700HX/32GB/1TB SSD/RTX 4070/17""",0,14,88,1.681218336438417,1.1178740723470364,0,1.5232680453849952,0,1.631097940363025,2,6,12,28,0
"MSI Modern 14 C12M-076ES Intel Core i7-1255U/16GB/512GB SSD/14""",1,14,68,0.05940999313155344,-0.2334141123167544,0,-0.9724089666359824,0,-0.23444184648604147,2,3,12,7,1
"Acer Aspire 3 A315-34 Intel Celeron N4020/8 GB/256GB SSD/15.6""",0,0,19,-0.7514941785218785,-0.9422866026321857,0,0.3586187731085387,0,-1.1035748856521175,2,3,1,7,1
"PcCom Revolt 3060 Intel Core i7-12700H/32GB/1TB SSD/RTX 3060/15.6""",0,18,89,1.681218336438417,1.1178740723470364,0,0.3586187731085387,0,0.3691151433768918,2,6,12,23,0
"Microsoft Surface Laptop Go 2 Intel Core i5-1135G7/8GB/256GB SSD/12.4"" Táctil",0,16,95,-0.7514941785218785,-0.9422866026321857,0,-2.3034367063805035,1,-0.4868384058832681,2,3,11,7,1
ASUS TUF Gaming F17 FX707VV4-HX025 Intel Core i9-13900H/32GB/1TB SSD/RTX 4060/17.3'',0,3,98,1.681218336438417,1.1178740723470364,0,1.7728357465870934,0,0.8629344987192917,2,6,13,27,0
"ASUS Vivobook 15X OLED M1503QA-R75BOHDSB1 AMD Ryzen 7 5800H/HS/16GB/1TB SSD/15.6"" (PT)",0,3,113,0.05940999313155344,1.1178740723470364,0,0.3586187731085387,0,-0.17952913417196661,0,3,8,7,1
"ASUS ROG Strix G16 G614JI-N4006 Intel Core i9-13980HX/32GB/1TB SSD/RTX 4070/16""",0,3,87,1.681218336438417,1.1178740723470364,0,0.6913757080446693,0,1.4116226713219584,2,6,13,28,0
ASUS TUF Gaming F17 FX707VU4-HX028 Intel Core i9-13900H/32GB/1TB SSD/RTX 4050/17.3'',0,3,98,1.681218336438417,1.1178740723470364,0,1.7728357465870934,0,0.6324854662261717,2,6,13,26,0
ASUS TUF Gaming F17 FX707ZU4-HX005 Intel Core i7-12700H/16GB/1TB SSD/RTX 4050/17.3'',0,3,98,0.05940999313155344,1.1178740723470364,0,1.7728357465870934,0,0.3361938530207318,2,6,12,26,0
"MSI Creator Z17 HX Studio A13VGT-046ES Intel Core i7-13700HX/32GB/1TB SSD/RTX 4070/17"" Táctil",0,14,29,1.681218336438417,1.1178740723470364,0,1.5232680453849952,1,1.9932321342807848,2,6,12,28,0
"Razer Blade 17 QHD 240Hz Intel Core i7-12800H/16GB/1TB SSD/RTX 3070Ti/17.3""",0,21,22,0.05940999313155344,1.1178740723470364,0,1.7728357465870934,0,2.400347784588511,2,6,12,24,0
"Acer Extensa 15 EX215-54-31DH Intel Core i3-1115G4/8GB/256GB SSD/15.6""",0,0,43,-0.7514941785218785,-0.9422866026321857,0,0.3586187731085387,0,-1.0080921698558014,2,3,10,7,1
"MSI Summit E16 Flip A13VFT-082ES Intel Core i7-1360P/32GB/1TB SSD/RTX 4060/16"" Táctil",0,14,93,1.681218336438417,1.1178740723470364,0,0.6913757080446693,1,1.301885036801425,2,6,12,27,0
"ASUS VivoBook F1605PA-MB091W Intel Core i5-11300H/8GB/512GB SSD/16""",0,3,113,-0.7514941785218785,-0.2334141123167544,0,0.6913757080446693,0,-0.8369124337672215,2,3,11,7,1
"Medion Erazer Deputy P10 MD62132 Intel Core i5-10300H/8GB/512GB SSD/GTX 1660Ti/15.6""",0,15,33,-0.7514941785218785,-0.2334141123167544,0,0.3586187731085387,0,-0.34417948100657475,2,2,11,6,3
"HP OMEN 16-B1006NS Intel Core i7-12700H/16GB/1TB SSD/RTX 3060/16.1""",0,9,76,0.05940999313155344,1.1178740723470364,0,0.774564941778703,0,0.4239949344006105,2,6,12,23,0
"ASUS Chromebook CX1400CNA-EK0225 Intel Celeron N3350/8GB/32GB eMMC/14""",0,3,26,-0.7514941785218785,-1.562550031658188,1,-0.9724089666359824,0,-1.0574741053900414,2,3,1,7,1
"Alurin Flex Advance Intel Core i5-1155G7/8GB/500GB SSD/15.6""",0,1,48,-0.7514941785218785,-0.26664251030029024,0,0.3586187731085387,0,-0.891770277264036,2,3,11,7,1
"Microsoft Surface Laptop 5 Alcántara Intel Evo Core i5-1235U/8GB/256GB SSD/13.5"" Táctil",0,16,95,-0.7514941785218785,-0.9422866026321857,0,-1.3883551353061454,1,-0.1466517388696148,2,3,11,7,1
"LG Gram 16Z90Q Intel Evo Core i7-1260P/32GB/1TB SSD/16""",0,12,55,1.681218336438417,1.1178740723470364,0,0.6913757080446693,0,0.5556800958252505,2,3,12,7,1
"MSI Prestige 13 Evo A13M-032ES Intel Evo Core i7-1360P/16GB/1TB SSD/13.3""",0,14,83,0.05940999313155344,1.1178740723470364,0,-1.5547336027742098,0,0.20451966535954386,2,3,12,7,1
"MSI Prestige 16 Studio A13VF-041ES Intel Core i7-13700H/32GB/1TB SSD/RTX 4060/16""",0,14,83,1.681218336438417,1.1178740723470364,0,0.6913757080446693,0,1.0165781608114905,2,6,12,27,0
"ASUS ROG Strix Scar 16 2023 G634JY-NM014W Intel Core i9-13980HX/32GB/2TB SSD/RTX 4090/16""",0,3,3,1.681218336438417,3.8869072376416898,0,0.6913757080446693,0,3.9904680563179435,2,6,13,30,0
"Acer Predator Triton 300 SE PT316-51s-74LT Intel Core i7-12700H/16GB/512GB SSD/RTX 3050Ti/16""",0,0,82,0.05940999313155344,-0.2334141123167544,0,0.6913757080446693,0,0.30328353642802386,2,6,12,22,0
"HP OMEN 16-b1025ns Intel Core i7-12700H/32GB/1TB SSD/RTX 3070/16.1""",0,9,76,1.681218336438417,1.1178740723470364,0,0.774564941778703,0,0.7531968641987584,2,6,12,24,0
"ASUS ExpertBook B1 B1402CBA-EB0821X Intel Core i7-1255U/16GB/512GB SSD/14""",0,3,42,0.05940999313155344,-0.2334141123167544,0,-0.9724089666359824,0,-0.13567797541756146,2,3,12,7,1
"MSI Titan GT77 HX 13VH-008ES Intel Core i9-13980HX/64GB/2TB SSD/RTX 4080/17.3"" + Bundle Gaming",0,14,103,4.924835023052145,3.8869072376416898,0,1.7728357465870934,0,3.9355882652942245,2,6,13,29,0
"HP 250 G9 Intel Core i5-1235U/8 GB/512GB SSD/15.6""",0,9,7,-0.7514941785218785,-0.2334141123167544,0,0.3586187731085387,0,-0.8270140991334693,2,3,11,7,1
"HP 250 G9 Intel Core i3-1215U/8 GB/256GB SSD/15.6""",0,9,7,-0.7514941785218785,-0.9422866026321857,0,0.3586187731085387,0,-0.9817661113343253,2,3,10,7,1
"LG Gram 17Z90Q Intel Core i7-1260P/16GB/512GB SSD/RTX 2050/17""",0,12,55,0.05940999313155344,-0.2334141123167544,0,1.5232680453849952,0,0.10575579429106387,2,6,12,17,0
"ASUS ROG Zephyrus M16 2023 GU604VY-NM001W Intel Core i9-13900H/32GB/2TB SSD/RTX 4090/16""",0,3,87,1.681218336438417,3.8869072376416898,0,0.6913757080446693,0,3.277162458171025,2,6,13,30,0
"Lenovo IdeaPad Gaming 3 15ACH6 AMD Ryzen 5 5600H/16 GB/512 GB SSD/RTX3050/15.6""",0,13,56,0.05940999313155344,-0.2334141123167544,0,0.3586187731085387,0,-0.47586464243121473,0,6,7,22,0
"Apple MacBook Pro Apple M1 Max/32GB/1TB SSD/16.2"" Plata",0,2,66,1.681218336438417,1.1178740723470364,0,0.8577541755127339,0,2.7833431028286246,1,3,2,7,1
"Acer Predator Triton 300 SE PT314-52s-76F0 Intel Core i7-12700H/16GB/512GB SSD/RTX 3060/14""",0,0,82,0.05940999313155344,-0.2334141123167544,0,-0.9724089666359824,0,0.4678790144453718,2,6,12,23,0
"ASUS VivoBook 15 F1500EA-EJ3108W Intel Core i5-1135G7/16GB/1TB SSD/15.6""",0,3,113,0.05940999313155344,1.1178740723470364,0,0.3586187731085387,0,-0.710703180305156,2,3,11,7,1
"ASUS TUF Gaming F15 FX507ZU4-LP004 Intel Core i7-12700H/32GB/1TB SSD/RTX 4050/15.6""",0,3,98,1.681218336438417,1.1178740723470364,0,0.3586187731085387,0,0.4239949344006105,2,6,12,26,0
"Acer Nitro 5 AN517-55-75RS Intel Core i7-12700H/16GB/512GB SSD/RTX 3060/17.3""",0,0,73,0.05940999313155344,-0.2334141123167544,0,1.7728357465870934,0,0.3471676164727851,2,6,12,23,0
"Primux IoxBook 15I3A Intel Core i3-1005G1/8GB/256GB SSD/15.6""",0,19,57,-0.7514941785218785,-0.9422866026321857,0,0.3586187731085387,0,-1.129440046108607,2,3,10,7,1
Lenovo Legion 5 15ACH6H-289 AMD Ryzen 5 5600H/8GB/512GB SSD/RTX3060/15.6'' (PT),0,13,61,-0.7514941785218785,-0.2334141123167544,0,0.3586187731085387,0,-0.06599457749702282,0,6,7,23,0
"ASUS ROG Strix SCAR 15 G533ZS-HF043 Intel Core i9-12900H/32GB/1TB SSD/RTX 3080/15.6""",0,3,87,1.681218336438417,1.1178740723470364,0,0.3586187731085387,0,2.3992613820067583,2,6,13,25,0
"Lenovo IdeaPad Flex 5 14ITL05 Intel Core i5-1135G7/16GB/512GB SSD/14"" Táctil",0,13,56,0.05940999313155344,-0.2334141123167544,0,-0.9724089666359824,1,-0.5307224859280294,2,3,11,7,1
"Samsung Galaxy Book3 Intel Core i7-1355U/16GB/512GB SSD/15.6""",0,23,53,0.05940999313155344,-0.2334141123167544,0,0.3586187731085387,0,-0.1576145285582161,2,3,12,7,1
"ASUS VivoBook F1605PA-MB090W Intel Core i7-11370H/16GB/512GB SSD/16""",0,3,113,0.05940999313155344,-0.2334141123167544,0,0.6913757080446693,0,-0.5965760404038014,2,3,12,7,1
"Lenovo V15 Gen 2 ALC AMD Ryzen 3 5300U/8GB/512GB SSD/15.6""",0,13,108,-0.7514941785218785,-0.2334141123167544,0,0.3586187731085387,0,-1.0026052881297747,0,3,6,7,1
"Lenovo IdeaPad Gaming 3 15ACH6 AMD Ryzen 7 5800H/16GB/1TB SSD/RTX3060/15.6""",0,13,56,0.05940999313155344,1.1178740723470364,0,0.3586187731085387,0,-0.04788786780113482,0,6,8,23,0
"Acer Nitro 5 AN515-58-591S Intel Core i5-12500H/16GB/1TB SSD/RTX 3060/15.6""",1,0,73,0.05940999313155344,1.1178740723470364,0,0.3586187731085387,0,-0.4735272308159274,2,6,11,23,0
"LG Gram 15ZD90R-G.AX75B Intel Evo Core i7-1360P/16GB/512GB SSD/15""",0,12,55,0.05940999313155344,-0.2334141123167544,0,-0.14051662929565653,0,0.25937750885635846,2,3,12,7,1
"HP Victus 16-e1015ns AMD Ryzen 7 6800H/16GB/512GB SSD/RTX 3050/16.1""",0,9,112,0.05940999313155344,-0.2334141123167544,0,0.774564941778703,0,0.3471676164727851,0,6,8,22,0
"Samsung Galaxy Book3 Intel Core i5-1335U/8GB/512GB SSD/15.6""",0,23,53,-0.7514941785218785,-0.2334141123167544,0,0.3586187731085387,0,-0.4254072780786735,2,3,11,7,1
"LG Gram 17Z90P Intel Evo Core i7-1165G7/32GB/512GB SSD/17""",0,12,55,1.681218336438417,-0.2334141123167544,0,1.5232680453849952,0,1.1494375149255,2,3,12,7,1
"HP Pavilion 14-dv2012ns Intel Core i7-1255U/16GB/1TB SSD/14""",0,9,79,0.05940999313155344,1.1178740723470364,0,-0.9724089666359824,0,0.10575579429106387,2,3,12,7,1
"Dell Vostro 5625 AMD Ryzen 5 5625U/8GB/256GB SSD/16""",0,5,115,-0.7514941785218785,-0.9422866026321857,0,0.6913757080446693,0,-0.5307334596914814,0,3,7,7,1
"HP Pavilion Plus 14-eh0006ns Intel Core i7-12700H/16GB/1TB SSD/14""",0,9,79,0.05940999313155344,1.1178740723470364,0,-0.9724089666359824,0,0.3471676164727851,2,3,12,7,1
"MSI Stealth 17 Studio A13VH-031ES Intel Core i7-13700H/32GB/1TB SSD/RTX 4080/17.3""",0,14,92,1.681218336438417,1.1178740723470364,0,1.7728357465870934,0,2.5089990165272913,2,6,12,29,0
"ASUS ROG Strix SCAR 17 2023 G733PZ-LL002 AMD Ryzen 9 7945HX/32GB/1TB SSD/RTX 4080/17.3""",0,3,87,1.681218336438417,1.1178740723470364,0,1.7728357465870934,0,1.8505841831675438,0,6,9,29,0
"ASUS Vivobook 14 F1400EA-EK1543W Intel Core i3-1115G4/8GB/256GB SSD/14""",0,3,113,-0.7514941785218785,-0.9422866026321857,0,-0.9724089666359824,0,-0.8379988363489747,2,3,10,7,1
"ASUS VivoBook Pro 16X OLED N7600ZE-L2109 Intel Core i7-12700H/32GB/512GB SSD/RTX 3050 Ti/16""",0,3,113,1.681218336438417,-0.2334141123167544,0,0.6913757080446693,0,0.8519607352672384,2,6,12,22,0
"Apple Macbook Air Apple M2/8GB/512GB SSD/GPU Deca Core/13.6"" Midnight",0,2,65,-0.7514941785218785,-0.2334141123167544,0,-1.305165901572113,0,0.6105379393220651,1,3,2,7,1
"Dell Vostro 3510 Intel Core i5-1135G7/8GB/512GB SSD/15.6""",0,5,115,-0.7514941785218785,-0.2334141123167544,0,0.3586187731085387,0,-0.6299911501153038,2,3,11,7,1
"MSI Katana GF66 12UE-1203XES Intel Core i5-12450H/16GB/512GB SSD/RTX3060/15.6""",0,14,58,0.05940999313155344,-0.2334141123167544,0,0.3586187731085387,0,0.03990223981529183,2,6,11,23,0
"Acer Predator Helios 300 PH315-55-79BN Intel Core i7-12700H/32GB/1TB SSD/RTX3070/15.6""",0,0,82,1.681218336438417,1.1178740723470364,0,0.3586187731085387,0,1.1811736388288383,2,6,12,24,0
"ASUS Vivobook 17 F712EA-AU678W Intel Core i5-1135G7/16GB/512GB SSD/17.3""",0,3,113,0.05940999313155344,-0.2334141123167544,0,1.7728357465870934,0,-0.4648908789791614,2,3,11,7,1
"MSI Stealth 17 Studio A13VI-030ES Intel Core i7-13700H/32GB/1TB SSD/RTX 4090/17.3""",0,14,92,1.681218336438417,1.1178740723470364,0,1.7728357465870934,0,2.7501694159130676,2,6,12,30,0
"Apple Macbook Air 2023 Apple M2/8GB/512GB SSD/GPU Deca Core/15.3"" Gris Espacial",0,2,65,-0.7514941785218785,-0.2334141123167544,0,0.10905107190644181,0,0.5666428855138518,1,3,2,7,1
"Gigabyte AORUS 5 SE4-73ES214SD Intel Core i7-12700H/16GB/1TB SSD/RTX 3070/15.6""",0,8,18,0.05940999313155344,1.1178740723470364,0,0.3586187731085387,0,0.6983390207019438,2,6,12,24,0
"Primux ioxbook 15R5C AMD Ryzen 5 3450U/8GB/512GB SSD/15.6""",0,19,57,-0.7514941785218785,-0.2334141123167544,0,0.3586187731085387,0,-1.0686563703476837,0,3,7,7,1
"ASUS VivoBook 13 Slate OLED T3300KA-LQ069W Intel Pentium Silver N6000/8GB/128GB SSD/13.3"" Táctil",0,3,113,-0.7514941785218785,-1.2967228477899013,0,-1.5547336027742098,1,-0.5887407732990353,2,3,5,7,1
"Lenovo IdeaPad Flex 5 14ITL05 Intel Core i7-1165G7/16GB/512GB SSD/14"" Táctil",0,13,56,0.05940999313155344,-0.2334141123167544,0,-0.9724089666359824,1,-0.3661270079106814,2,3,12,7,1
"Apple Macbook Air Apple M2/16GB/512GB SSD/GPU Deca Core/13.6"" Midnight",0,2,65,0.05940999313155344,-0.2334141123167544,0,-1.305165901572113,0,0.7202865476060505,1,3,2,7,1
"Acer Nitro 5 AN517-55-78S2 Intel Core i7-12700H/16GB/512GB SSD/RTX 3050Ti/17.3""",0,0,73,0.05940999313155344,-0.2334141123167544,0,1.7728357465870934,0,0.24840374540430513,2,6,12,22,0
"ASUS Chromebook CX1400CNA-EK0238 Intel Celeron N3350/4GB/32GB eMMC/14""",0,3,26,-1.1569462643485944,-1.562550031658188,1,-0.9724089666359824,0,-1.112342922650308,2,3,1,7,1
"Alurin Flex Advance AMD Ryzen 5 5500U/8GB/500GB SSD/15.6""",0,1,48,-0.7514941785218785,-0.26664251030029024,0,0.3586187731085387,0,-0.9367627074174547,0,3,7,7,1
"Lenovo V15 IGL Intel Celeron N4020/8GB/256GB SSD/15.6""",0,13,108,-0.7514941785218785,-0.9422866026321857,0,0.3586187731085387,0,-1.0865655523014348,2,3,1,7,1
"MSI Summit E13 Flip Evo A13MT-087ES Intel Evo Core i7-1360P/32GB/1TB SSD/13.4"" Táctil",0,14,93,1.681218336438417,1.1178740723470364,0,-1.4715443690401775,1,0.6434592296782251,2,3,12,7,1
"Acer Extensa 15 EX215-54 Intel Core i3-1115G4/8GB/256GB SSD/15.6""",0,0,43,-0.7514941785218785,-0.9422866026321857,0,0.3586187731085387,0,-0.9861556167151467,2,3,10,7,1
"Acer Predator Triton 500 SE PT516-51s-79HF Intel Core i7-11800H/16GB/1TB SSD/RTX 3060/16""",0,0,82,0.05940999313155344,1.1178740723470364,0,0.6913757080446693,0,0.6763914937978371,2,6,12,23,0
"Lenovo IdeaPad 3 15ALC6-913 AMD Ryzen 7 5700U/8GB/512GB SSD/15.6"" (PT)",0,13,56,-0.7514941785218785,-0.2334141123167544,0,0.3586187731085387,0,-0.6383092628119602,0,3,8,7,1
"MSI Creator M16 B13UDX-686ES Intel Core i7-13700H/16GB/1TB SSD/RTX 3050/16""",0,14,29,0.05940999313155344,1.1178740723470364,0,0.6913757080446693,0,0.4239949344006105,2,6,12,22,0
"MSI Creator M16 B13VE-683ES Intel Core i7-13700H/16GB/1TB SSD/RTX 4050/16""",0,14,29,0.05940999313155344,1.1178740723470364,0,0.6913757080446693,0,0.6434702034416772,2,6,12,26,0
"MSI Raider GE68 HX 13VG-043ES Intel Core i7-13700HX/32GB/1TB SSD/RTX 4070/16""",0,14,88,1.681218336438417,1.1178740723470364,0,0.6913757080446693,0,1.3889947710838244,2,6,12,28,0
"Medion Erazer Crawler E40 Intel Core i5-13420H/16GB/1TB SSD/RTX 4050/15.6""",0,15,41,0.05940999313155344,1.1178740723470364,0,0.3586187731085387,0,-0.21248334581848274,2,6,11,26,0
"Medion Erazer Defender P40 Intel Core i7-13700HX/16GB/1TB SSD/RTX 4060/17.3""",0,15,41,0.05940999313155344,1.1178740723470364,0,1.7728357465870934,0,0.3471676164727851,2,6,12,27,0
"HP OMEN 16-k0023ns Intel Core i9-12900H/32GB/1TB SSD/RTX 3070 Ti/16.1""",0,9,76,1.681218336438417,1.1178740723470364,0,0.774564941778703,0,1.192158376044344,2,6,13,24,0
"MSI Summit E13 Flip Evo A13MT-229ES Intel Evo Core i7-1360P/16GB/512GB SSD/13.4"" Táctil",0,14,93,0.05940999313155344,-0.2334141123167544,0,-1.4715443690401775,1,0.4349577240892118,2,3,12,7,1
"HP OMEN 17-ck1002ns Intel Core i7-12700H/32GB/1TB SSD/RTX 3060/17.3""",0,9,76,1.681218336438417,1.1178740723470364,0,1.7728357465870934,0,0.5337215951576918,2,6,12,23,0
"Lenovo IdeaPad 3 15ITL6 Intel Core i5-1135G7/16 GB/512 GB SSD/15.6""",0,13,56,0.05940999313155344,-0.2334141123167544,0,0.3586187731085387,0,-0.6404710942120148,2,3,11,7,1
"MSI Raider GE68HX 13VF-044ES Intel Core i9-13950HX/32GB/1TB SSD/RTX 4060/16""",0,14,88,1.681218336438417,1.1178740723470364,0,0.6913757080446693,0,1.7408355748835582,2,6,13,27,0
"MSI Stealth 16 Studio A13VF-039XES Intel Core i7-13700H/32GB/1TB SSD/RTX 4060/16""",0,14,92,1.681218336438417,1.1178740723470364,0,0.6913757080446693,0,0.8198734509334347,2,6,12,27,0
"MSI Stealth 16 Studio A13VF-037ES Intel Core i7-13700H/32GB/1TB SSD/RTX 4060/16""",0,14,92,1.681218336438417,1.1178740723470364,0,0.6913757080446693,0,1.258000956756664,2,6,12,27,0
"ASUS TUF Dash F15 FX517ZR-HN081 Intel Core i7-12650H/32GB/1TB SSD/RTX 3070/15.6""",0,3,98,1.681218336438417,1.1178740723470364,0,0.3586187731085387,0,0.6324854662261717,2,6,12,24,0
"MSI Stealth 16 Studio A13VF-041XES Intel Core i7-13700H/16GB/1TB SSD/RTX 4060/16""",0,14,92,0.05940999313155344,1.1178740723470364,0,0.6913757080446693,0,1.0275409505000916,2,6,12,27,0
"HP Victus 15-fa0023np Intel Core i5-12450H/16GB/512GB SSD/RTX 3050/15.6"" (PT)",0,9,112,0.05940999313155344,-0.2334141123167544,0,0.3586187731085387,0,-0.28822426116455485,2,6,11,22,0
"ASUS ROG Strix Scar 16 2023 G634JZ-N4004 Intel Core i9-13980HX/32GB/1TB SSD/RTX 4080/16""",0,3,87,1.681218336438417,1.1178740723470364,0,0.6913757080446693,0,1.9603108439246248,2,6,13,29,0
"Prixton Flex Pro Intel Celeron N4020/4GB/64GB/11.6"" Táctil",0,20,47,-1.1569462643485944,-1.4739409703687592,0,-2.9689505762527646,1,-1.078379124766203,2,3,1,7,1
"MSI Titan GT77 HX 13VI-006ES Intel Core i9-13980HX/128GB/2TB SSD/RTX 4090/17.3"" + Bundle Gaming",0,14,103,11.412068396279599,3.8869072376416898,0,1.7728357465870934,0,5.142702245020091,2,6,13,30,0
"Alurin Go Intel Pentium N4200/8GB/128GB SSD/14.1""",0,1,54,-0.7514941785218785,-1.2967228477899013,0,-0.8892197329019501,0,-1.0179685569626493,2,3,5,7,1
"LG Gram 17Z95P Intel Evo Core i7-1195G7/16GB/512GB SSD/17""",0,12,55,0.05940999313155344,-0.2334141123167544,0,1.5232680453849952,0,0.5337215951576918,2,3,12,7,1
ASUS ROG Flow X16 2023 GV601VI-NL017W Intel Core i9-13900H/32GB/1TB SSD/RTX 4070/16'' Táctil,0,3,87,1.681218336438417,1.1178740723470364,0,0.6913757080446693,1,1.8505732094040916,2,6,13,28,0
"Samsung Galaxy Book3 Pro 360 Intel Evo Core i7-1360P/16GB/512GB SSD/16"" Táctil",0,23,53,0.05940999313155344,-0.2334141123167544,0,0.6913757080446693,1,0.8519607352672384,2,3,12,7,1
"Alurin Flex Advance Intel Core i7-1255U/16GB/500GB SSD/15.6""",0,1,48,0.05940999313155344,-0.26664251030029024,0,0.3586187731085387,0,-0.6294973307599614,2,3,12,7,1
"HP Envy 16-h0005ns Intel Core i7-12700H/16GB/1TB SSD/RTX 3060/16""",0,9,40,0.05940999313155344,1.1178740723470364,0,0.6913757080446693,0,0.7531968641987584,2,6,12,23,0
"MSI Stealth 16 Studio A13VG-034ES Intel Core i7-13700H/32GB/1TB SSD/RTX 4070/16""",0,14,92,1.681218336438417,1.1178740723470364,0,0.6913757080446693,0,1.5762291231027583,2,6,12,28,0
"Acer Swift X SFX14-41G-R477 AMD Ryzen 7 5700U/16GB/1TB SSD/RTX3050Ti/14""",0,0,97,0.05940999313155344,1.1178740723470364,0,-0.9724089666359824,0,0.17598788038420518,0,6,8,22,0
"MSI Creator Z16 HX Studio B13VFTO-045ES Intel Core i9-13950HX/32 GB/1TB SSD/RTX 4060/16"" Táctil",0,14,29,1.681218336438417,1.1178740723470364,0,0.6913757080446693,1,1.7408355748835582,2,6,13,27,0
"Samsung Galaxy Book3 360 Intel Evo Core i5/16GB/512GB SSD/13.3"" Táctil",0,23,53,0.05940999313155344,-0.2334141123167544,0,-1.5547336027742098,1,0.19353492814403847,2,3,11,7,1
"ASUS VivoBook 15 F1502ZA-EJ1033W Intel Core i5-1235U/16GB/512GB SSD/15.6""",0,3,113,0.05940999313155344,-0.2334141123167544,0,0.3586187731085387,0,-0.7645075425105735,2,3,11,7,1
"Gigabyte AERO 14 OLED BMF-72ESBB4SH Intel Core i7-13700H/16GB/1TB SSD/RTX 4050/14""",0,8,14,0.05940999313155344,1.1178740723470364,0,-0.9724089666359824,0,0.7202865476060505,2,6,12,26,0
"MSI Creator Z16 HX Studio B13VGTO-033ES Intel Core i7-13700HX/32GB/1TB SSD/RTX 4070/16"" Táctil",0,14,29,1.681218336438417,1.1178740723470364,0,0.6913757080446693,1,1.795704392143825,2,6,12,28,0
"MSI Stealth 14 Studio A13VF-050ES Intel Core i7-13700H/16GB/1TB SSD/RTX 4060/14""",0,14,92,0.05940999313155344,1.1178740723470364,0,-0.9724089666359824,0,1.1372895587840772,2,6,12,27,0
"Apple MacBook Pro Intel Core i5/8GB/256GB/13"" Plateado",1,2,66,-0.7514941785218785,-0.9422866026321857,0,-1.8043013039763083,0,-0.74444750292022,2,3,11,7,1
"ASUS ZenBook Pro Duo 15 OLED UX582ZM-H2030W Intel Core i7-12700H/32GB/1TB SSD/RTX 3060/15.6"" Táctil",0,3,120,1.681218336438417,1.1178740723470364,0,0.3586187731085387,1,1.631097940363025,2,6,12,23,0
"ASUS ROG Zephyrus Duo 16 2023 GX650PY-NM003W AMD Ryzen 9 7945HX/64GB/2TB+2TB SSD/RTX 4090/16""",0,3,87,4.924835023052145,3.8869072376416898,0,0.6913757080446693,0,4.220906115047611,0,6,9,30,0
"Gigabyte AERO 17 XE5-73ES738HP Intel Core i7-12700H/16GB/2TB SSD/RTX 3070Ti/17.3""",0,8,14,0.05940999313155344,3.8869072376416898,0,1.7728357465870934,0,1.8505732094040916,2,6,12,24,0
"Microsoft Surface GO 3 Intel Pentium Gold 6500Y/8GB/128GB SSD/10.5"" Táctil",0,16,94,-0.7514941785218785,-1.2967228477899013,0,-3.884032147327123,1,-0.783119045325256,2,3,5,7,1
"HP Victus 15-fa1002ns Intel Core i7-13700H/16GB/512GB SSD/RTX 4050/15.6""",0,9,112,0.05940999313155344,-0.2334141123167544,0,0.3586187731085387,0,-0.014955603681522782,2,6,12,26,0
"MSI Prestige 16 A12UD-221XES Intel Core i7-1280P/16GB/1TB SSD/RTX 3050Ti/16""",0,14,83,0.05940999313155344,1.1178740723470364,0,0.6913757080446693,0,0.6324854662261717,2,6,12,22,0
"Apple MacBook Pro Apple M2 Max/32GB/1TB SSD/16.2"" Plata",0,2,66,1.681218336438417,1.1178740723470364,0,0.8577541755127339,0,2.728474285568358,1,3,2,7,1
"Apple MacBook Pro Apple M2 Max/32GB/1TB SSD/14.2"" Gris Espacial",0,2,66,1.681218336438417,1.1178740723470364,0,-0.8060304991679178,0,2.2675871943455705,1,3,2,7,1
"Apple MacBook Air Apple M1/8GB/512GB SSD/GPU Hepta Core/13.3"" Gris Espacial",0,2,65,-0.7514941785218785,-0.2334141123167544,0,-1.5547336027742098,0,0.03990223981529183,1,3,2,7,1
"HP EliteBook 840 G3 Intel Core i5-6200U/16GB/256GB SSD/14""",1,9,38,0.05940999313155344,-0.9422866026321857,0,-0.9724089666359824,0,-1.120364743733759,2,3,11,7,1
"Gigabyte AERO 16 OLED BSF-73ES994SO Intel Core i7-13700H/16GB/1TB SSD/RTX 4070/16""",0,8,14,0.05940999313155344,1.1178740723470364,0,0.6913757080446693,0,1.093394504975864,2,6,12,28,0
"Primux ioxbook 1406F Intel Celeron N4000/4 GB/128GB SSD/14""",0,19,57,-1.1569462643485944,-1.2967228477899013,0,-0.9724089666359824,0,-1.21111776748224,2,3,1,7,1
"Lenovo IdeaPad 3 15ALC6 AMD Ryzen 5 5500U/16 GB/512GB SSD/15.6""",0,13,56,0.05940999313155344,-0.2334141123167544,0,0.3586187731085387,0,-0.684355174256776,0,3,7,7,1
"Apple Macbook Pro Apple M2/8GB/512GB SSD/GPU Deca Core/13.3"" Gris Espacial",0,2,66,-0.7514941785218785,-0.2334141123167544,0,-1.5547336027742098,0,0.5885904124179584,1,3,2,7,1
"ASUS VivoBook 16X M1603QA-MB155 AMD Ryzen 5 5600H/8GB/512GB SSD/16""",0,3,113,-0.7514941785218785,-0.2334141123167544,0,0.6913757080446693,0,-0.9599502695916434,0,3,7,7,1
"Lenovo V15 G2 Intel Core i3-1115G4/8GB/256GB SSD/15.6""",0,13,108,-0.7514941785218785,-0.9422866026321857,0,0.3586187731085387,0,-0.954309755177288,2,3,10,7,1
"Apple MacBook Pro Apple M2 Pro 12 Núcleos/16GB/1TB SSD/14.2"" Gris Espacial",0,2,66,0.05940999313155344,1.1178740723470364,0,-0.8060304991679178,0,1.554292569962104,1,3,2,7,1
"Acer Aspire 3 A315-43-R4VC AMD Ryzen 5 5500U/8GB/512GB SSD/15.6""",0,0,19,-0.7514941785218785,-0.2334141123167544,0,0.3586187731085387,0,-0.5417072231435347,0,3,7,7,1
"MSI Creator Z16 HX Studio B13VFTO-046ES Intel Core i7-13700HX/16GB/1TB SSD/RTX 4060/16"" Táctil",0,14,29,0.05940999313155344,1.1178740723470364,0,0.6913757080446693,1,1.466491488582225,2,6,12,27,0
"MSI Stealth 14 Studio A13VE-052XES Intel Core i7-13700H/16GB/1TB SSD/RTX 4050/14""",0,14,92,0.05940999313155344,1.1178740723470364,0,-0.9724089666359824,0,0.7422340745101571,2,6,12,26,0
"MSI Summit E14 FlipEvo A12MT-056ES Intel Core i7-1280P/16GB/1TB SSD/14"" Táctil",0,14,93,0.05940999313155344,1.1178740723470364,0,-0.9724089666359824,1,0.4797526265004934,2,3,12,7,1
"Microsoft Surface Laptop 5 Negro Intel Evo Core i5-1235U/8GB/512GB SSD/13.5"" Táctil",0,16,95,-0.7514941785218785,-0.2334141123167544,0,-1.3883551353061454,1,0.11671858397966516,2,3,11,7,1
"PcCom Revolt 3060 Intel Core i7-12700H/32GB/500GB SSD/RTX 3060/15.6""/Windows 11 Home",0,18,89,1.681218336438417,-0.26664251030029024,0,0.3586187731085387,0,0.42398396063715843,2,6,12,23,0
"Lenovo V15 G3 ABA AMD Ryzen 7 5825U/16GB/512GB SSD/15.6""",0,13,108,0.05940999313155344,-0.2334141123167544,0,0.3586187731085387,0,-0.7600960896028481,0,3,8,7,1
"MSI Summit E14 Flip Evo A13MT-227ES Intel Evo Core i7-1360P/16GB/1TB SSD/14"" Táctil",0,14,93,0.05940999313155344,1.1178740723470364,0,-0.9724089666359824,1,0.4130101971851051,2,3,12,7,1
"HP 255 G9 AMD Ryzen 3 5425U/8GB/256GB SSD/15.6""",0,9,8,-0.7514941785218785,-0.9422866026321857,0,0.3586187731085387,0,-1.0168163118001838,0,3,6,7,1
"Prixton Netbook Pro Intel Celeron N4020/4GB/64GB eMMC/14.1""",0,20,72,-1.1569462643485944,-1.4739409703687592,1,-0.8892197329019501,0,-1.1113113888858148,2,3,1,7,1
"HP 15S-EQ2132NS AMD Ryzen 3 5300U/8GB/512GB SSD/15.6""",0,9,4,-0.7514941785218785,-0.2334141123167544,0,0.3586187731085387,0,-0.983949890261284,0,3,6,7,1
"Lenovo V15 G2 ALC AMD Ryzen 5 5500U/8GB/256GB SSD/15.6"" Negro",0,13,108,-0.7514941785218785,-0.9422866026321857,0,0.3586187731085387,0,-0.8599463632530814,0,3,7,7,1
"Microsoft Surface Laptop Go 2 Intel Core i5-1135G7/8GB/128GB SSD/12.4"" Táctil",0,16,95,-0.7514941785218785,-1.2967228477899013,0,-2.3034367063805035,1,-0.5965760404038014,2,3,11,7,1
"ASUS ROG Zephyrus G14 2023 GA402XV-N2041 AMD Ryzen 9 7940HS/32GB/1TB SSD/RTX 4060/14""",0,3,87,1.681218336438417,1.1178740723470364,0,-0.9724089666359824,0,1.0824097677603584,0,6,9,27,0
"ASUS ROG Flow X13 2023 GV302XV-MU006W AMD Ryzen 9 7940HS/16GB/1TB SSD/RTX 4060/13.4"" Táctil",0,3,87,0.05940999313155344,1.1178740723470364,0,-1.4715443690401775,1,0.7531968641987584,0,6,9,27,0
"MSI Raider GE78HX 13VH-066XES Intel Core i7-13700HX/32GB/1TB SSD/RTX 4080/17""",0,14,88,1.681218336438417,1.1178740723470364,0,1.5232680453849952,0,2.6187366510478247,2,6,12,29,0
"Alurin Flex Advance Intel Core i5-1155G7/8GB/500GB SSD/15.6"" + Windows 11 Home",0,1,48,-0.7514941785218785,-0.26664251030029024,0,0.3586187731085387,0,-0.7820326427435027,2,3,11,7,1
"HP 250 G9 Intel Core i5-1235U/16GB/512GB SSD/15.6"" Plata",0,9,7,0.05940999313155344,-0.2334141123167544,0,0.3586187731085387,0,-0.7721452818732026,2,3,11,7,1
"HP ChromeBook 14b-na0013ns AMD Athlon Silver 3050C/4GB/64GB eMMC/14""",0,9,26,-1.1569462643485944,-1.4739409703687592,1,-0.9724089666359824,0,-0.9806577612256681,0,3,0,7,1
"Gigabyte AORUS 15X ASF-B3ES754SH Intel Core i9-13900HX/16GB/1TB SSD/RTX 4070/15.6""",0,8,18,0.05940999313155344,1.1178740723470364,0,0.3586187731085387,0,0.9507246063357183,2,6,13,28,0
"Microsoft Surface Pro 9 Grafito Intel Evo Core i7-1255U/16GB/256GB SSD/13"" Táctil",0,16,96,0.05940999313155344,-0.9422866026321857,0,-1.8043013039763083,1,0.5995641758700118,2,3,12,7,1
"Apple MacBook Pro Apple M2 Pro 10 Núcleos/32GB/512GB SSD/14.2"" Gris Espacial",0,2,66,1.681218336438417,-0.2334141123167544,0,-0.8060304991679178,0,1.5433078327465983,1,3,2,7,1
"MSI Modern 15 B12M-025XES Intel Core i5-1235U/8GB/512GB SSD/15.6""",0,14,68,-0.7514941785218785,-0.2334141123167544,0,0.3586187731085387,0,-0.5636547500476414,2,3,11,7,1
"MSI Stealth 14 Studio A13VF-049XES Intel Core i7-13700H/16GB/1TB SSD/RTX 4060/14""",0,14,92,0.05940999313155344,1.1178740723470364,0,-0.9724089666359824,0,0.9287770794316117,2,6,12,27,0
ASUS M515UA-R75BLHDSS1 AMD Ryzen 7 5700U/8GB/512GB SSD/15.6'' (PT),0,3,64,-0.7514941785218785,-0.2334141123167544,0,0.3586187731085387,0,-0.6900615312518438,0,3,8,7,1
"MSI Creator M16 B13UDX-684XES Intel Core i7-13700H/32GB/1TB SSD/RTX 3050/16""",0,14,29,1.681218336438417,1.1178740723470364,0,0.6913757080446693,0,0.4239949344006105,2,6,12,22,0
"ASUS ROG Flow Z13 2023 GZ301VU-MU006W Intel Core i9-13900H/16GB/1TB SSD/RTX 4050/13.4"" Táctil",0,3,87,0.05940999313155344,1.1178740723470364,0,-1.4715443690401775,1,0.8629344987192917,2,6,13,26,0
"Apple MacBook Pro Apple M2 Pro 10 Núcleos/32GB/1TB SSD/14.2"" Gris Espacial",0,2,66,1.681218336438417,1.1178740723470364,0,-0.8060304991679178,0,1.7847416024552238,1,3,2,7,1
"MSI Summit E16 Flip A13VET-084XES Intel Core i7-1360P/32GB/1TB SSD/RTX 4050/16"" Táctil",0,14,93,1.681218336438417,1.1178740723470364,0,0.6913757080446693,1,0.8629344987192917,2,6,12,26,0
"HP Notebook 14S-dq0009ns Intel Celeron N4020/4GB/64GB eMMC/14""",0,9,74,-1.1569462643485944,-1.4739409703687592,1,-0.9724089666359824,0,-1.079421632294148,2,3,1,7,1
"Asus M515UA-EJ374 AMD Ryzen 5 5500U/8GB/512GB SSD/15.6""",0,3,64,-0.7514941785218785,-0.2334141123167544,0,0.3586187731085387,0,-0.9982267565124053,0,3,7,7,1
"Lenovo V15 G2 ITL Intel Core i5-1135G7/8 GB/256 GB SSD/15.6""",0,13,108,-0.7514941785218785,-0.9422866026321857,0,0.3586187731085387,0,-0.9342167942965783,2,3,11,7,1
"Lenovo ThinkPad T480 Intel Core i5-8350U/16GB/256GB SSD/14""",1,13,102,0.05940999313155344,-0.9422866026321857,0,-0.9724089666359824,0,-0.8105644277188414,2,3,11,7,1
"ASUS ROG Strix Scar 16 2023 G634JZ-NM010W Intel Core i9-13980HX/32GB/2TB SSD/RTX 4080/16""",0,3,87,1.681218336438417,3.8869072376416898,0,0.6913757080446693,0,2.3992723557702105,2,6,13,29,0
"Microsoft Surface Laptop 5 Alcántara Intel Evo Core i5-1235U/8GB/512GB SSD/13.5"" Táctil",0,16,95,-0.7514941785218785,-0.2334141123167544,0,-1.3883551353061454,1,0.11671858397966516,2,3,11,7,1
"Microsoft Surface Pro 9 Zafiro Intel Evo Core i5-1235U/8GB/256GB SSD/13"" Táctil",0,16,96,-0.7514941785218785,-0.9422866026321857,0,-1.8043013039763083,1,-0.014966577444974826,2,3,11,7,1
"LG Gram 17ZD90R-G.AX75B Intel Evo Core i7-1360P/16GB/512GB SSD/17""",0,12,55,0.05940999313155344,-0.2334141123167544,0,1.5232680453849952,0,0.42398396063715843,2,3,12,7,1
"HP 470 G9 Intel Core i7-1255U/16GB/512GB SSD/MX550/17.3""",0,9,10,0.05940999313155344,-0.2334141123167544,0,1.7728357465870934,0,-0.013869201099769492,2,4,12,11,2
"ASUS F1500EA-BQ3072 Intel Core i3-1115G4/8GB/512GB SSD/15.6""",0,3,113,-0.7514941785218785,-0.2334141123167544,0,0.3586187731085387,0,-1.0322344494503186,2,3,10,7,1
"Razer Blade 16 Doble Resolución UHD+/FHD+ Intel Core i9-13950HX/32GB/2TB SSD/RTX 4090/16""",0,21,22,1.681218336438417,3.8869072376416898,0,0.6913757080446693,0,4.0453368735782105,2,6,13,30,0
"Asus Rog Strix G15 G513QR-HF118 AMD Ryzen 7 5800H/32GB/1TB SSD/RTX3070/15.6""",0,3,87,1.681218336438417,1.1178740723470364,0,0.3586187731085387,0,0.8409979455786374,0,6,8,24,0
"Dell Vostro 3520 Intel Core i7-1255U/16 GB/512GB SSD/15.6"" (PT)",0,5,115,0.05940999313155344,-0.2334141123167544,0,0.3586187731085387,0,-0.3455073063842733,2,3,12,7,1
"LG Gram 14ZB90Q Intel Core i5-1240P/16GB/512GB SSD/14""",0,12,55,0.05940999313155344,-0.2334141123167544,0,-0.9724089666359824,0,-0.1795730292257748,2,3,11,7,1
"Primux Ioxbook 15CA Intel Celeron N4000/8GB/256GB SSD/15.6""",0,19,57,-0.7514941785218785,-0.9422866026321857,0,0.3586187731085387,0,-1.1891592668146813,2,3,1,7,1
"HP 15S-FQ2173NS Intel Core i3-1115G4/8GB/256GB SSD/15.6""",0,9,4,-0.7514941785218785,-0.9422866026321857,0,0.3586187731085387,0,-0.8343445731194409,2,3,10,7,1
"Apple MacBook Pro Apple M2 Pro 12 Núcleos/16GB/512GB SSD/16.2"" Gris Espacial",0,2,66,0.05940999313155344,-0.2334141123167544,0,0.8577541755127339,0,1.554292569962104,1,3,2,7,1
"Microsoft Surface Pro 9 Grafito Intel Evo Core i5-1235U/8GB/256GB SSD/13"" Táctil",0,16,96,-0.7514941785218785,-0.9422866026321857,0,-1.8043013039763083,1,-0.014966577444974826,2,3,11,7,1
"Alurin Go Intel Pentium N4200/8GB/256GB SSD/nOS/14.1""",0,1,54,-0.7514941785218785,-0.9422866026321857,0,-0.8892197329019501,0,-1.078423019820011,2,3,5,7,1
"HP Spectre x360 14-ef0003ns Intel Evo Core i7-1255U/16GB/1TB SSD/13.5"" Táctil",0,9,91,0.05940999313155344,1.1178740723470364,0,-1.3883551353061454,1,0.4239949344006105,2,3,12,7,1
"LG Gram 15Z90R-G.AD78B Intel Evo Core i7-1360P/32GB/1TB SSD/15""",0,12,55,1.681218336438417,1.1178740723470364,0,-0.14051662929565653,0,0.6763914937978371,2,3,12,7,1
"Samsung Galaxy Book3 Pro Intel Evo Core i7-1360P/16GB/512GB SSD/16""",0,23,53,0.05940999313155344,-0.2334141123167544,0,0.6913757080446693,0,0.699414449520245,2,3,12,7,1
"Lenovo ThinkPad L15 Gen 3 Intel Core i5-1235U/8GB/256GB SSD/15.6""",0,13,102,-0.7514941785218785,-0.9422866026321857,0,0.3586187731085387,0,-0.15105221801388818,2,3,11,7,1
"Lenovo IdeaPad Gaming 3 15ACH6-302 AMD Ryzen 5 5600H/8GB/256 SSD/GTX1650/15.6"" (PT)",0,13,56,-0.7514941785218785,-0.9422866026321857,0,0.3586187731085387,0,-0.5251258665674822,0,2,7,5,2
"Alurin Flex Intel Core i3-10110U/8GB/128GB SSD/nOS/14""",0,1,47,-0.7514941785218785,-1.2967228477899013,0,-0.9724089666359824,0,-1.0026052881297747,2,3,10,7,1
"Medion Akoya E15301 MD62123 AMD Ryzen 3 3200U/8GB/256 GB SSD/15.6""",0,15,15,-0.7514941785218785,-0.9422866026321857,0,0.3586187731085387,0,-0.8599463632530814,0,3,6,7,1
"Microsoft Surface Laptop 4 Platino AMD Ryzen 7 4980U/8GB/256 GB SSD/15"" Táctil",0,16,95,-0.7514941785218785,-0.9422866026321857,0,-0.14051662929565653,1,0.14963987433582515,0,3,8,7,1
"Razer Blade 16 QHD+ Intel Core i9-13950HX/16GB/1TB SSD/RTX 4060/16""",0,21,22,0.05940999313155344,1.1178740723470364,0,0.6913757080446693,0,1.9603108439246248,2,6,13,27,0
"Razer Blade 16 QHD+ Intel Core i9-13950HX/16GB/1TB SSD/RTX 4070/16""",0,21,22,0.05940999313155344,1.1178740723470364,0,0.6913757080446693,0,2.3992723557702105,2,6,13,28,0
"Alurin AMD R5 5500U 15.6"" 8 256 con SO",0,1,17,-0.7514941785218785,-0.9422866026321857,0,0.3586187731085387,0,-0.8928676536092414,0,3,3,7,1
"Alurin Flex Advance AMD Ryzen 5 5500U/8GB/500GB SSD/15.6"" + Windows 11 Home",0,1,48,-0.7514941785218785,-0.26664251030029024,0,0.3586187731085387,0,-0.8270250728969214,0,3,7,7,1
"Razer Blade 16 Dual UHD+FHD+ Intel Core i9-13950HX/32GB/1TB SSD/RTX 4070/16""",0,21,22,1.681218336438417,1.1178740723470364,0,0.6913757080446693,0,2.7295606881501113,2,6,13,28,0
"ASUS ZenBook 14 OLED UX3402VA-KM005W Intel Evo Core i7-1360P/16GB/512GB SSD/14""",0,3,120,0.05940999313155344,-0.2334141123167544,0,-0.9724089666359824,0,-0.058850657489736106,2,3,12,7,1
"Alurin Flex Advance Intel Core i5-1155G7/8GB/256GB SSD/15.6""",0,1,48,-0.7514941785218785,-0.9422866026321857,0,0.3586187731085387,0,-0.957612857976356,2,3,11,7,1
"Apple Macbook Air 2023 Apple M2/8GB/256GB SSD/GPU Deca Core/15.3"" Plata",0,2,65,-0.7514941785218785,-0.9422866026321857,0,0.10905107190644181,0,0.3142463261166251,1,3,2,7,1
"HP 250 G9 Intel Core i3-1215U/8GB/512GB SSD/15.6""",0,9,7,-0.7514941785218785,-0.2334141123167544,0,0.3586187731085387,0,-1.0035929268404595,2,3,10,7,1
"ASUS ROG Strix G17 G713PV-HX058 AMD Ryzen 9 7845HX/32GB/1TB SSD/RTX 4060/17.3""",1,3,87,1.681218336438417,1.1178740723470364,0,1.7728357465870934,0,0.8629344987192917,0,6,9,27,0
"HP 15s-fq4106ns Intel Core i5-1155G7/8GB/256GB SSD/15.6""",0,9,4,-0.7514941785218785,-0.9422866026321857,0,0.3586187731085387,0,-0.9418874549495637,2,3,11,7,1
"HP 15S-FQ4059NS Intel Core i5-1155G7/8GB/512GB SSD/15.6""",0,9,4,-0.7514941785218785,-0.2334141123167544,0,0.3586187731085387,0,-0.8974656604956518,2,3,11,7,1
"Alurin Flex Advance AMD Ryzen 5 5500U/8GB/256GB SSD/15.6""",0,1,48,-0.7514941785218785,-0.9422866026321857,0,0.3586187731085387,0,-1.0026052881297747,0,3,7,7,1
"ASUS TUF Gaming F15 Fx506lhb-hn359 Intel Core i5-10300H/16GB/512GB SSD/GTX 1650/15.6""",0,3,98,0.05940999313155344,-0.2334141123167544,0,0.3586187731085387,0,-0.6514338839006161,2,2,11,5,2
"Alurin Intel Core I7 12th 15.6"" 16 500 con SO",0,1,17,-0.7514941785218785,-0.26664251030029024,0,0.3586187731085387,0,-0.4868384058832681,2,3,12,7,1
"HP 250 G9 Intel Core i7-1255U/16 GB/512GB SSD/15.6"" Plata",0,9,7,0.05940999313155344,-0.2334141123167544,0,0.3586187731085387,0,-0.5362203414175081,2,3,12,7,1
"Apple MacBook Pro Apple M2 Pro 12 Núcleos/32GB/1TB SSD/16.2"" Gris Espacial",0,2,66,1.681218336438417,1.1178740723470364,0,0.8577541755127339,0,2.3992723557702105,1,3,2,7,1
"Lenovo V15 G2 Intel Core i3-1115G4/8GB/256GB SSD/15.6"" Negro",0,13,108,-0.7514941785218785,-0.9422866026321857,0,0.3586187731085387,0,-0.8961707564083095,2,3,10,7,1
"MSI Raider GE78HX 13VG-040ES Intel Core i7-13700HX/32GB/1TB SSD/RTX 4070/17""",0,14,88,1.681218336438417,1.1178740723470364,0,1.5232680453849952,0,1.8505732094040916,2,6,12,28,0
"Lenovo ThinkBook 15p Intel Core i7-10750H/16GB/1TB SSD/GTX 1650Ti/15.6""",0,13,101,0.05940999313155344,1.1178740723470364,0,0.3586187731085387,0,-0.10275668506140148,2,2,12,5,2
"Lenovo ThinkPad E15 Gen 4 Intel Core i7-1255U/16GB/512GB SSD/15.6""",0,13,102,0.05940999313155344,-0.2334141123167544,0,0.3586187731085387,0,0.09038155169473716,2,3,12,7,1
"ASUS ExpertBook B1 B1502CBA-EJ0425 Intel Core i5-1235U/16GB/512GB SSD/15.6""",0,3,42,0.05940999313155344,-0.2334141123167544,0,0.3586187731085387,0,-0.677781889948996,2,3,11,7,1
"MSI Creator Z16 HX Studio B13VFTO-027ES Intel Core i9-13950HX/64GB/2TB SSD/RTX 4060/16"" Táctil",0,14,29,4.924835023052145,3.8869072376416898,0,0.6913757080446693,1,1.9189507294738357,2,6,13,27,0
"HP 250 G9 Intel Core i3-1215U/8 GB/512GB SSD/15.6""",0,9,7,-0.7514941785218785,-0.2334141123167544,0,0.3586187731085387,0,-0.9433469654886867,2,3,10,7,1
"Acer Chromebook 317 Intel Celeron N4500/8GB/128GB eMMC/17.3""",0,0,26,-0.7514941785218785,-1.2967228477899013,1,1.7728357465870934,0,-0.8928676536092414,2,3,1,7,1
"Dynabook Toshiba Satellite Pro C50-G-10F Intel Core i7-10510U/8 GB/256GB SSD/15.6""",0,7,90,-0.7514941785218785,-0.9422866026321857,0,0.3586187731085387,0,-0.6733923845681747,2,3,12,7,1
"HP 15S-FQ2160NS Intel Core i3-1115G4/8GB/256GB SSD/15.6""",0,9,4,-0.7514941785218785,-0.9422866026321857,0,0.3586187731085387,0,-1.0085420941573355,2,3,10,7,1
Dell XPS 13 9315 Intel Core i5-1230U/16GB/512GB SSD/13.4'' (PT),0,5,117,0.05940999313155344,-0.2334141123167544,0,-1.4715443690401775,0,0.8237142681416534,2,3,11,7,1
"HP OMEN 17-ck2001ns Intel Core i7-13700HX/32GB/1TB SSD/RTX 4080/17.3""",0,9,76,1.681218336438417,1.1178740723470364,0,1.7728357465870934,0,1.8505841831675438,2,6,12,29,0
"Lenovo Legion Pro 7 16IRX8 Intel Core i9-13900HX/32GB/1TB SSD/RTX 4070/16""",0,13,61,1.681218336438417,1.1178740723470364,0,0.6913757080446693,0,1.5103975161538905,2,6,13,28,0
"Acer ConceptD 3 CN316-73G-74FZ Intel Core i7-11800H/16GB/512GB SSD/GTX 1650/16""",0,0,28,0.05940999313155344,-0.2334141123167544,0,0.6913757080446693,0,0.5337215951576918,2,2,12,5,2
"Lenovo V15 G3 IAP Intel Core i5-1235U/8GB/512GB SSD/15.6""",0,13,108,-0.7514941785218785,-0.2334141123167544,0,0.3586187731085387,0,-0.8040899072821299,2,3,11,7,1
"Acer Predator Helios 300 PH317-55 Intel Core i7-11800H/16GB/1TB SSD/RTX3060/17.3""",0,0,82,0.05940999313155344,1.1178740723470364,0,1.7728357465870934,0,0.5337215951576918,2,6,12,23,0
"ASUS F515EA-BQ1625W Intel Core i3-1115G4/8GB/256GB/15.6""",0,3,46,-0.7514941785218785,-0.9422866026321857,0,0.3586187731085387,0,-0.9927289010229267,2,3,10,7,1
"Acer Chromebook 516 GE CBG516-1H-72EW Intel Core i7-1260P/16GB/256GB SSD/16""",0,0,26,0.05940999313155344,-0.9422866026321857,0,0.6913757080446693,0,-0.1905358189143761,2,3,12,7,1
"Acer Nitro 5 AN515-45-R5ZJ AMD Ryzen 9 5900HX/16GB/1TB SSD/RTX 3080/15.6""",0,0,73,0.05940999313155344,1.1178740723470364,0,0.3586187731085387,0,1.192158376044344,0,6,9,25,0
"Dell Latitude 9510 Intel Core i5-10210U/8GB/256GB SSD/15""",0,5,60,-0.7514941785218785,-0.9422866026321857,0,-0.14051662929565653,0,0.3142463261166251,2,3,11,7,1
Lenovo IdeaPad IP 5 Chrome 16IAU7 Intel Core i5-1235U/8GB/512GB SSD/16'' (PT),0,13,56,-0.7514941785218785,-0.2334141123167544,0,0.6913757080446693,0,-0.0419949568273823,2,3,11,7,1
"Lenovo Legion 5 15ACH6-276 Ryzen 7 5800H/16GB/1TB SSD/RTX3060/15.6"" (PT)",0,13,61,0.05940999313155344,1.1178740723470364,0,0.3586187731085387,0,0.2645132301519195,0,6,8,23,0
"MSI Creator Pro M16 B13VI-1023ES Intel Core i7-13700H/16GB/1TB SSD/RTX A1000/16""",0,14,29,0.05940999313155344,1.1178740723470364,0,0.6913757080446693,0,0.7325661889088981,2,6,12,13,0
"MSI Creator Pro M16 B13VI-1024XES Intel Core i7-13700H/16GB/1TB SSD/RTX A1000/16""",0,14,29,0.05940999313155344,1.1178740723470364,0,0.6913757080446693,0,0.5045643056655861,2,6,12,13,0
"MSI Creator Pro M16 B13VK-1021ES Intel Core i7-13700H/32GB/1TB SSD/RTX 3000/16""",0,14,29,1.681218336438417,1.1178740723470364,0,0.6913757080446693,0,1.5306221621960248,2,6,12,21,0
"MSI Katana 17 B13VFK-087ES Intel Core i7-13620H/16GB/1TB SSD/RTX 4060/17.3""",0,14,58,0.05940999313155344,1.1178740723470364,0,1.7728357465870934,0,0.7531968641987584,2,6,12,27,0
"ASUS ExpertBook B3 Flip B3402FEA-EC0765X Intel Core i5-1135G7/8GB/256GB SSD/14"" Táctil",0,3,42,-0.7514941785218785,-0.9422866026321857,0,-0.9724089666359824,1,-0.5197596962394281,2,3,11,7,1
"ASUS P1412CEA-EK1154X Intel Core i5-1135G7/16GB/512GB SSD/14""",0,3,42,0.05940999313155344,-0.2334141123167544,0,-0.9724089666359824,0,-0.7270211665583594,2,3,11,7,1
"Microsoft Surface Pro 9 Grafito Intel Evo Core i7-1255U/16GB/512GB SSD/13"" Táctil",0,16,96,0.05940999313155344,-0.2334141123167544,0,-1.8043013039763083,1,0.9616983697877717,2,3,12,7,1
"Microsoft Surface Laptop Studio Intel Core i5-11300H/16GB/256GB SSD/14.4"" Táctil Platino",0,16,95,0.05940999313155344,-0.9422866026321857,0,-0.6396520316998517,1,0.4239949344006105,2,3,11,7,1
"ASUS ExpertBook B1 B1502CBA-EJ0439 Intel Core i7-1255U/16GB/512GB SSD/15.6""",0,3,42,0.05940999313155344,-0.2334141123167544,0,0.3586187731085387,0,-0.5625573737024361,2,3,12,7,1
"HP EliteBook 850 G4 i5-7300U/8GB/256GB SSD/15.6""",1,9,38,-0.7514941785218785,-0.9422866026321857,0,0.3586187731085387,0,-0.6997294168531027,2,3,11,7,1
"MSI Creator M16 A12UC-090XES Intel Core i7-12700H/16GB/1TB SSD/RTX 3050/16""",0,14,29,0.05940999313155344,1.1178740723470364,0,0.6913757080446693,0,0.2045086915960918,2,6,12,22,0
"HP 15S-EQ2051NS AMD Ryzen 3 5300U/8GB/256GB SSD/15.6""",0,9,4,-0.7514941785218785,-0.9422866026321857,0,0.3586187731085387,0,-0.9664028425014507,0,3,6,7,1
"HP ProBook 455 G10 AMD Ryzen 7 7730U/16GB/512GB SSD/15.6""",0,9,85,0.05940999313155344,-0.2334141123167544,0,0.3586187731085387,0,-0.4528307129453548,0,3,8,7,1
"ASUS E510MA-EJ1188W Intel Celeron N4020/8GB/256GB SSD/15.6""",0,3,35,-0.7514941785218785,-0.9422866026321857,0,0.3586187731085387,0,-1.0783352297123947,2,3,1,7,1
"Alurin Go Intel Pentium N4200/8GB/256GB SSD/14.1""",0,1,54,-0.7514941785218785,-0.9422866026321857,0,-0.8892197329019501,0,-1.0026052881297747,2,3,5,7,1
"HP ProBook 450 G9 Intel Core i7-1255U/16GB/1TB SSD/15.6""",0,9,85,0.05940999313155344,1.1178740723470364,0,0.3586187731085387,0,-0.0007006849573054947,2,3,12,7,1
HP Victus 16-d1012np Intel Core i7-12700H/8GB/512GB SSD/RTX 3050Ti/16.1'' (PT),0,9,112,-0.7514941785218785,-0.2334141123167544,0,0.774564941778703,0,0.01851437484723988,2,6,12,22,0
"Lenovo IdeaPad 3 15ITL6 Intel Core i5-1135G7/8 GB/512GBSSD/15.6""",0,13,56,-0.7514941785218785,-0.2334141123167544,0,0.3586187731085387,0,-0.783130019088708,2,3,11,7,1
Acer Extensa 15 EX215-54 Intel Core i5-1135G7/8GB/256GB SSD,0,0,43,-0.7514941785218785,-0.9422866026321857,0,0.3586187731085387,0,-0.8643468423973547,2,3,11,7,1
"MSI Modern 14 C12M-052ES Intel Core i7-1255U/16GB/1TB SSD/14""",0,14,68,0.05940999313155344,1.1178740723470364,0,-0.9724089666359824,0,-0.1795730292257748,2,3,12,7,1
"Microsoft Surface Pro 6 Intel Core i5-8250U/8GB/256GB SSD/12.3"" Táctil",1,16,96,-0.7514941785218785,-0.9422866026321857,0,-2.3866259401145355,1,0.03990223981529183,2,3,11,7,1
"MSI Creator Z16 HX Studio B13VGTO-032ES Intel Core i9-13950HX/64GB/1TB SSD/RTX 4070/16"" Táctil",0,14,29,4.924835023052145,1.1178740723470364,0,0.6913757080446693,1,2.1688233232770906,2,6,13,28,0
"MSI Creator Z17 HX Studio A13VGT-041ES Intel Core i9-13950HX/64GB/2TB SSD/RTX 4070/17"" Táctil",1,14,29,4.924835023052145,3.8869072376416898,0,1.5232680453849952,1,2.2851232683419513,2,6,13,28,0
"HP 250 G9 Intel Core i7-1255U/16GB/512GB SSD/15.6"" Gris",0,9,7,0.05940999313155344,-0.2334141123167544,0,0.3586187731085387,0,-0.577767009846982,2,3,12,7,1
ASUS Vivobook Pro 15 M6500QE AMD Ryzen 7-5800H/16GB/1TB SSD/RTX 3050Ti/15.6'' (PT),0,3,113,0.05940999313155344,1.1178740723470364,0,0.3586187731085387,0,0.20730700127636537,0,6,8,22,0
"Apple MacBook Pro Apple M2 Pro 12 Núcleos/16GB/1TB SSD/16.2"" Gris Espacial",0,2,66,0.05940999313155344,1.1178740723470364,0,0.8577541755127339,0,1.8505841831675438,1,3,2,7,1
"ASUS TUF GAMING A15 FA507NU-R77B46CS1 AMD Ryzen 7 7735HS/16GB/512GB SSD/RTX4060/15.6"" (PT)",0,3,98,0.05940999313155344,-0.2334141123167544,0,0.3586187731085387,0,0.20556217288748896,0,6,8,27,0
"Dell Latitude E5440 Intel Core i5-4310U/8GB/128GB SSD/14""",1,5,60,-0.7514941785218785,-1.2967228477899013,0,-0.9724089666359824,0,-1.0245528150338814,2,3,11,7,1
"Lenovo ThinkPad T470 Intel Core i5-7300U/16GB/256GB SSD/14""",1,13,102,0.05940999313155344,-0.9422866026321857,0,-0.9724089666359824,0,-0.8094670513736361,2,3,11,7,1
"Samsung Galaxy Book3 Pro Intel Evo Core i7-1360P/16GB/512GB SSD/14""",0,23,53,0.05940999313155344,-0.2334141123167544,0,-0.9724089666359824,0,0.6324854662261717,2,3,12,7,1
"Lenovo Yoga Slim 7 Pro 14ARH7 AMD Ryzen 5 6600HS/8GB/512GB SSD/14""",0,13,118,-0.7514941785218785,-0.2334141123167544,0,-0.9724089666359824,0,-0.3661270079106814,0,3,7,7,1
"LG Gram 17Z90R-E.AD75B Intel Evo Core i7-1360P/32GB/512GB SSD/RTX 3050/17""",0,12,55,1.681218336438417,-0.2334141123167544,0,1.5232680453849952,0,1.1921474022808916,2,6,12,22,0
"HP EliteBook 840 G3 Intel Core i5-6200U/8GB/256GB SSD/14""",1,9,38,-0.7514941785218785,-0.9422866026321857,0,-0.9724089666359824,0,-1.209855784685254,2,3,11,7,1
"ASUS ROG Strix G16 G614JI-N4007 Intel Core i9-13980HX/32GB/1TB SSD/RTX 4070/16""",0,3,87,1.681218336438417,1.1178740723470364,0,0.6913757080446693,0,1.258000956756664,2,6,13,28,0
"Lenovo V15 G2 ITL Intel Core i5-1135G7/8GB/512GB SSD/15.6"" Negro",0,13,108,-0.7514941785218785,-0.2334141123167544,0,0.3586187731085387,0,-0.881893890157188,2,3,11,7,1
"Dynabook Toshiba Satellite Pro C50-J-12X Intel Core i3-1115G4/8GB/256GB SSD/15.6""",0,7,90,-0.7514941785218785,-0.9422866026321857,0,0.3586187731085387,0,-0.6953399114722814,2,3,10,7,1
"ASUS ROG Strix G17 G713PI-HX004 AMD Ryzen 9 7945HX/32GB/1TB SSD/RTX 4070/17.3""",1,3,87,1.681218336438417,1.1178740723470364,0,1.7728357465870934,0,1.301885036801425,0,6,9,28,0
"Gigabyte AORUS 15 9KF-E3ES383SD Intel Core i5-12500H/8GB/512GB SSD/RTX 4060/15.6""",0,8,18,-0.7514941785218785,-0.2334141123167544,0,0.3586187731085387,0,-0.24777496908028634,2,6,11,27,0
"Medion Erazer Beast X40 Intel Core i9-13900HX/32GB/2TB SSD/RTX 4090/17""",0,15,21,1.681218336438417,3.8869072376416898,0,1.5232680453849952,0,2.728474285568358,2,6,13,30,0
"MSI Prestige 16 A12UD-218ES Intel Core i7-1280P/32GB/1TB SSD/RTX 3050Ti/16""",0,14,83,1.681218336438417,1.1178740723470364,0,0.6913757080446693,0,0.6763914937978371,2,6,12,22,0
Lenovo Legion 5 15ACH6-990 AMD Ryzen 7 5800H/16GB/512GB SSD/RTX3070/15.6'' (PT),1,13,61,0.05940999313155344,-0.2334141123167544,0,0.3586187731085387,0,-0.14523612338429998,0,6,8,24,0
"Alurin Flex Advance Intel Core i5-1155G7/8GB/256GB SSD/14"" + Windows 11 Home",0,1,48,-0.7514941785218785,-0.9422866026321857,0,-0.9724089666359824,0,-0.8478752234558227,2,3,11,7,1
"HP OMEN 17-ck0013ns Intel Core i7-11800H/32GB/1TB SSD/RTX 3060/17.3""",0,9,76,1.681218336438417,1.1178740723470364,0,1.7728357465870934,0,0.4239949344006105,2,6,12,23,0
"Alurin Flex Intel Core i3-10110U/8GB/256GB SSD/nOS/14""",0,1,47,-0.7514941785218785,-0.9422866026321857,0,-0.9724089666359824,0,-0.96869635906293,2,3,10,7,1
"Acer Aspire 3 A315-56-35X1 Intel Core i3-1005G1/8GB/256GB SSD/15.6""",0,0,19,-0.7514941785218785,-0.9422866026321857,0,0.3586187731085387,0,-1.0177490816936081,2,3,10,7,1
"Acer TravelMate P2 TMP215-53-58LP Intel Core i5-1135G7/8GB/256GB SSD/15.6""",0,0,104,-0.7514941785218785,-0.9422866026321857,0,0.3586187731085387,0,-0.644860599592836,2,3,11,7,1
"Acer Extensa 15 EX215-54-50GK Intel Core i5-1135G7/8GB/512GB SSD/15.6""",0,0,43,-0.7514941785218785,-0.2334141123167544,0,0.3586187731085387,0,-0.7941037825407614,2,3,11,7,1
"ASUS ExpertBook B1 B1502CBA-EJ0439W Intel Core i7-1255U/16GB/512GB SSD/15.6""",0,3,42,0.05940999313155344,-0.2334141123167544,0,0.3586187731085387,0,-0.4692913581234348,2,3,12,7,1
"HP Chromebook x360 11 G3 Education Edition Intel Celeron N4020/4GB/32GB/11.6"" Táctil",0,9,26,-1.1569462643485944,-1.562550031658188,0,-2.9689505762527646,1,-1.1303728160020317,2,3,1,7,1
"LG Gram 14Z90R-G.AD78B Intel Evo Core i7-1360P/32GB/1TB SSD/14""",0,12,55,1.681218336438417,1.1178740723470364,0,-0.9724089666359824,0,0.7531968641987584,2,3,12,7,1
"Acer Extensa 15 EX215-54-323B Intel Core i3-1115G4/8GB/256GB SSD/15.6""",0,0,43,-0.7514941785218785,-0.9422866026321857,0,0.3586187731085387,0,-0.967500218846656,2,3,10,7,1
"LG Gram 16Z90R-E.AD75B Intel Evo Core i7-1360P/32GB/512GB SSD/RTX 3050/16""",0,12,55,1.681218336438417,-0.2334141123167544,0,0.6913757080446693,0,1.137278585020625,2,6,12,22,0
"Microsoft Surface Laptop 5 Platino Intel Evo Core i7-1255U/8GB/256GB SSD/15"" Táctil",0,16,95,-0.7514941785218785,-0.9422866026321857,0,-0.14051662929565653,1,0.2374299819522518,2,3,12,7,1
"HP EliteBook 840 G5 Intel Core i7-8550U/16GB/512GB SSD/14""",1,9,38,0.05940999313155344,-0.2334141123167544,0,-0.9724089666359824,0,-0.7952011588859667,2,3,12,7,1
"Dynabook Toshiba Portégé X30L-K-108 Intel Core i7-1260P/16GB/512GB SSD/13.3""",0,7,80,0.05940999313155344,-0.2334141123167544,0,-1.5547336027742098,0,0.5403168269923758,2,3,12,7,1
"Lenovo ThinkPad T440 Intel Core i5-4300U/8GB/256GB SSD/14""",1,13,102,-0.7514941785218785,-0.9422866026321857,0,-0.9724089666359824,0,-1.0026052881297747,2,3,11,7,1
"Dynabook Toshiba Tecra A50-J-1F8 Intel Core i5-1135G7/8GB/256GB SSD/15.6""",0,7,99,-0.7514941785218785,-0.9422866026321857,0,0.3586187731085387,0,-0.45390614176365607,2,3,11,7,1
"ASUS Zenbook 14 OLED UM3402YA-KM063W AMD Ryzen 5 5625U/16GB/512GB SSD/14""",0,3,120,0.05940999313155344,-0.2334141123167544,0,-0.9724089666359824,0,-0.5011042983709374,0,3,7,7,1
"Alurin Flex Intel Core i3-10110U/8GB/512GB SSD/14""",0,1,47,-0.7514941785218785,-0.2334141123167544,0,-0.9724089666359824,0,-0.8599463632530814,2,3,10,7,1
"Apple MacBook Pro Apple M2 Pro 12 Núcleos/16GB/1TB SSD/14.2"" Plata",0,2,66,0.05940999313155344,1.1178740723470364,0,-0.8060304991679178,0,1.5762291231027583,1,3,2,7,1
"HP EliteBook 850 G5 i5-8250U/8GB/256GB SSD/15.6""",1,9,38,-0.7514941785218785,-0.9422866026321857,0,0.3586187731085387,0,-0.45390614176365607,2,3,11,7,1
"Apple MacBook Pro Apple M2 Pro 12 Núcleos/16GB/512GB SSD/16.2"" Plata",0,2,66,0.05940999313155344,-0.2334141123167544,0,0.8577541755127339,0,1.6201241769109715,1,3,2,7,1
"Thomson Neo White Intel Celeron N4020/4GB/64GB eMMC/14.1""",0,24,71,-1.1569462643485944,-1.4739409703687592,1,-0.8892197329019501,0,-1.2198309356631705,2,3,1,7,1
"ASUS VivoBook F515EA-BQ3063 Intel Core i5-1135G7/8GB/512GB SSD/15.6""",0,3,113,-0.7514941785218785,-0.2334141123167544,0,0.3586187731085387,0,-0.8862724217745573,2,3,11,7,1
"Alurin Flex Advance AMD Ryzen 5 5500U/16GB/500GB SSD/15.6""",0,1,48,0.05940999313155344,-0.26664251030029024,0,0.3586187731085387,0,-0.8928676536092414,0,3,7,7,1
"ASUS VivoBook 15 F1500EA-EJ3100 Intel Core i3-1115G4/8GB/256GB SSD/15.6""",0,3,113,-0.7514941785218785,-0.9422866026321857,0,0.3586187731085387,0,-1.0508898473188093,2,3,10,7,1
"ASUS Zenbook 14 OLED UM3402YA-KM094W AMD Ryzen 7 5825U/16GB/512GB SSD/14""",0,3,120,0.05940999313155344,-0.2334141123167544,0,-0.9724089666359824,0,-0.12470421196550814,0,3,8,7,1
"Acer ConceptD 3 Pro CN316-73P-79PD Intel Core i7-11800H/16GB/1TB SSD/T1200/16""",0,0,28,0.05940999313155344,1.1178740723470364,0,0.6913757080446693,0,0.6434592296782251,2,9,12,40,3
"Lenovo V15 G2 ITL Intel Core i7-1165G7/16GB/512GB SSD/15.6""",0,13,108,0.05940999313155344,-0.2334141123167544,0,0.3586187731085387,0,-0.3771007713627348,2,3,12,7,1
"Lenovo ThinkPad T15p Gen 2 Intel Core i7-11800H/16GB/512GB SSD/GTX 1650/15.6""",0,13,102,0.05940999313155344,-0.2334141123167544,0,0.3586187731085387,0,0.7970919180069718,2,2,12,5,2
"ASUS ExpertBook P1512CEA-EJ0084X Intel Core i7-1165G7/16GB/512GB SSD/15.6""",0,3,42,0.05940999313155344,-0.2334141123167544,0,0.3586187731085387,0,-0.49671479299011606,2,3,12,7,1
"Lenovo ThinkPad L14 Gen 2 Intel Core i5-1145G7/16 GB/256GB SSD/14""",0,13,102,0.05940999313155344,-0.9422866026321857,0,-0.9724089666359824,0,-0.4868384058832681,2,3,11,7,1
"Acer Predator Helios 300 PH317-55-77GT Intel Core i7-11800H/32GB/1TB SSD/RTX3070/17.3""",1,0,82,1.681218336438417,1.1178740723470364,0,1.7728357465870934,0,0.11473233279484356,2,6,12,24,0
"MSI Modern 14 C5M-023XES AMD Ryzen 5 5625U/8GB/512GB SSD/14""",1,14,68,-0.7514941785218785,-0.2334141123167544,0,-0.9724089666359824,0,-0.7168045927844976,0,3,7,7,1
"HP 15S-EQ1134NS AMD 3020e/8GB/256GB SSD/15.6""",0,9,4,-0.7514941785218785,-0.9422866026321857,0,0.3586187731085387,0,-1.1101371961964452,0,3,3,7,1
"HP Pavilion Aero 13-be1006ns AMD Ryzen 7 5825U/16GB/512GB SSD/13.3""",1,9,79,0.05940999313155344,-0.2334141123167544,0,-1.5547336027742098,0,-0.712140743317375,0,3,8,7,1
"Dynabook Toshiba Tecra A50-K-14S Intel Core i7-1260P/16GB/512GB SSD/15.6""",0,7,99,0.05940999313155344,-0.2334141123167544,0,0.3586187731085387,0,0.35594662723442777,2,3,12,7,1
"Apple MacBook Pro Apple M2 Max/32GB/1TB SSD/14.2"" Plata",0,2,66,1.681218336438417,1.1178740723470364,0,-0.8060304991679178,0,2.289523747486225,1,3,2,7,1
"ASUS ExpertBook B1 B1402CBA-EB0862 Intel Core i7-1255U/16GB/512GB SSD/14""",0,3,42,0.05940999313155344,-0.2334141123167544,0,-0.9724089666359824,0,-0.5625573737024361,2,3,12,7,1
"Apple Macbook Pro Intel Core i7/16GB/512GB SSD/Radeon Pro 5300M/16"" Gris Espacial",1,2,66,0.05940999313155344,-0.2334141123167544,0,0.6913757080446693,0,-0.24026891487908172,2,8,12,37,3
"Lenovo V15 IGL Intel Celeron N4020/4GB/128GB SSD/15.6""",0,13,108,-1.1569462643485944,-1.2967228477899013,0,0.3586187731085387,0,-1.1342904495544146,2,3,1,7,1
ASUS TUF Dash F15 FX517ZE Intel Core i7-12650H/16GB/512GB SSD/RTX 3050Ti/15.6'' (PT),0,3,98,0.05940999313155344,-0.2334141123167544,0,0.3586187731085387,0,0.18544726447987528,2,6,12,22,0
"Dell Latitude 3520 Intel Core i5-1135G7/8 GB/256GB SSD/15.6""",0,5,60,-0.7514941785218785,-0.9422866026321857,0,0.3586187731085387,0,-0.47586464243121473,2,3,11,7,1
"LG Ultra 16U70Q AMD Ryzen 5 5625U/8GB/512GB SSD/16""",0,12,106,-0.7514941785218785,-0.2334141123167544,0,0.6913757080446693,0,-0.3771007713627348,0,3,7,7,1
"Lenovo Yoga Slim 7 Pro 14IAP7 Intel Evo Core i5-1240P/8GB/512GB SSD/14""",0,13,118,-0.7514941785218785,-0.2334141123167544,0,-0.9724089666359824,0,-0.3661270079106814,2,3,11,7,1
"MSI Katana GF66 11UC-045XES Intel Core i7-11800H/16 GB/1TB SSD/RTX3050/15.6""",0,14,58,0.05940999313155344,1.1178740723470364,0,0.3586187731085387,0,-0.12470421196550814,2,6,12,22,0
"Medion Erazer Beast X40 Intel Core i9-13900HX/32GB/1TB SSD/RTX 4080/17""",0,15,21,1.681218336438417,1.1178740723470364,0,1.5232680453849952,0,2.0700594522086107,2,6,13,29,0
"Medion Erazer Major X10 Intel Core i7-12700H/16GB/1TB SSD/Intel Arc A730M/16""",0,15,41,0.05940999313155344,1.1178740723470364,0,0.6913757080446693,0,0.42398396063715843,2,1,12,2,3
"Razer Blade 17 FullHD 360Hz Intel Core i7-12800H/16GB/1TB SSD/RTX 3070Ti/17.3""",0,21,22,0.05940999313155344,1.1178740723470364,0,1.7728357465870934,0,2.4003587583519637,2,6,12,24,0
"ASUS ROG Zephyrus G14 2023 GA402XY-NC019W AMD Ryzen 9 7940HS/32GB/1TB SSD/RTX 4090/14""",0,3,87,1.681218336438417,1.1178740723470364,0,-0.9724089666359824,0,3.6063753617326246,0,6,9,30,0
"Apple Macbook Air 2023 Apple M2/8GB/512GB SSD/GPU Deca Core/15.3"" Blanco Estrella",0,2,65,-0.7514941785218785,-0.2334141123167544,0,0.10905107190644181,0,0.5666428855138518,1,3,2,7,1
"Apple Macbook Air 2023 Apple M2/8GB/512GB SSD/GPU Deca Core/15.3"" Plata",0,2,65,-0.7514941785218785,-0.2334141123167544,0,0.10905107190644181,0,0.5666428855138518,1,3,2,7,1
"Microsoft Surface Laptop Studio Intel Core i5-11300H/16GB/512GB SSD/14.4"" Táctil Platino",0,16,95,0.05940999313155344,-0.2334141123167544,0,-0.6396520316998517,1,0.6434592296782251,2,3,11,7,1
"Razer Blade 15 Advanced Model QHD Intel Core i7-12800H/32 GB/1TB SSD/RTX 3080Ti/15.6""",0,21,22,1.681218336438417,1.1178740723470364,0,0.3586187731085387,0,3.057687189129958,2,6,12,25,0
"Razer Blade 17 4K 144Hz Intel Core i9-12900H/32GB/1TB SSD/RTX 3070Ti/17.3""",0,21,22,1.681218336438417,1.1178740723470364,0,1.7728357465870934,0,3.4977241297938444,2,6,13,24,0
"Razer Blade 17 QHD 240Hz Intel Core i9-12900H/16GB/1TB SSD/RTX 3070Ti/17.3""",0,21,22,0.05940999313155344,1.1178740723470364,0,1.7728357465870934,0,2.8392983226706443,2,6,13,24,0
"Samsung Galaxy Book3 Ultra Intel Evo Core i7-13700H/16GB/1TB SSD/RTX 4050/16""",0,23,53,0.05940999313155344,1.1178740723470364,0,0.6913757080446693,0,1.8505841831675438,2,6,12,26,0
"Dell Latitude E7470  Intel Core i5-6200U/16GB/256GB SSD/14""",1,5,60,0.05940999313155344,-0.9422866026321857,0,-0.9724089666359824,0,-0.8928676536092414,2,3,11,7,1
"Razer Blade 14 165Hz AMD Ryzen 9 6900HX/16GB/1TB SSD/RTX 3070Ti/14""",1,21,22,0.05940999313155344,1.1178740723470364,0,-0.9724089666359824,0,1.7419219774653112,0,6,9,24,0
"Lenovo IdeaPad Flex 5 13ITL6 Chromebook 13ITL6 Intel Core i3-1115G4/8GB/256GB SSD/13.3"" Táctil",0,13,56,-0.7514941785218785,-0.9422866026321857,0,-1.5547336027742098,1,-0.6733923845681747,2,3,10,7,1
"ASUS VivoBook 15 F1502ZA-EJ1112W Intel Core i7-1255U/16GB/512GB SSD/15.6""",0,3,113,0.05940999313155344,-0.2334141123167544,0,0.3586187731085387,0,-0.611939309236676,2,3,12,7,1
"ASUS ExpertBook B1 B1500CEAE-EJ3404W Intel Core i5-1135G7/8GB/1TB SSD/15.6""",0,3,42,-0.7514941785218785,1.1178740723470364,0,0.3586187731085387,0,-0.5746285134996948,2,3,11,7,1
"Lenovo 300e Intel Celeron N4120/4GB/128GB SSD/11.6"" Táctil",0,13,26,-1.1569462643485944,-1.2967228477899013,0,-2.9689505762527646,1,-0.9455417181790974,2,3,1,7,1
"HP 250 G9 Intel Core i5-1235U/8GB/512GB SSD/15.6""",0,9,7,-0.7514941785218785,-0.2334141123167544,0,0.3586187731085387,0,-0.8149649068631147,2,3,11,7,1
"ASUS VivoBook 14 F1402ZA-EK645 Intel Core i7-1255U/16GB/512GB SSD/14""",0,3,113,0.05940999313155344,-0.2334141123167544,0,-0.9724089666359824,0,-0.5746285134996948,2,3,12,7,1
"ASUS TUF Gaming F15 TUF507ZC4-HN040 Intel Core i7-12700H/16GB/512GB SSD/RTX 3050/15.6""",0,3,98,0.05940999313155344,-0.2334141123167544,0,0.3586187731085387,0,-0.44185694949330145,2,6,12,22,0
"Denver Electronics NBD-14105SSDES Intel Celeron N4020/4GB/64GB+256GB SSD/14""",0,6,37,-1.1569462643485944,-0.9422866026321857,0,-0.9724089666359824,0,-1.078379124766203,2,3,1,7,1
"HP 15S-FQ5044NS Intel Core i7-1255U/8GB/512GB SSD/15.6""",0,9,4,-0.7514941785218785,-0.2334141123167544,0,0.3586187731085387,0,-0.6393627441033574,2,3,12,7,1
"Microsoft Surface Pro 9 Platino Intel Evo Core i7-1255U/16GB/1TB SSD/13"" Táctil",0,16,96,0.05940999313155344,1.1178740723470364,0,-1.8043013039763083,1,1.334806327157585,2,3,12,7,1
"ASUS ROG FLOW Z13  GZ301VU-93D45PB1 Intel Core i9-13900H/16GB/1TB SSD/RTX4050/13.4"" Tátil (PT)",0,3,87,0.05940999313155344,1.1178740723470364,0,-1.4715443690401775,1,1.2159056001545872,2,3,13,7,1
"Samsung Galaxy Book3 Ultra Intel Evo Core i9-13900H/32GB/1TB SSD/RTX 4070/16""",0,23,53,1.681218336438417,1.1178740723470364,0,0.6913757080446693,0,2.618747624811277,2,6,13,28,0
"Lenovo ThinkPad L13 Gen 3 Intel Core i7-1255U/16GB/512GB SSD/13.3""",0,13,102,0.05940999313155344,-0.2334141123167544,0,-1.5547336027742098,0,0.022969722808773473,2,3,12,7,1
"HP 15S-FQ4073NS Intel Core i5-1155G7/8GB/1TB SSD/15.6""",0,9,4,-0.7514941785218785,1.1178740723470364,0,0.3586187731085387,0,-0.618523567307908,2,3,11,7,1
"Dynabook Toshiba Satellite Pro C50-G-10E Intel Core i5-10210U/8GB/512GB SSD/15.6""",0,7,90,-0.7514941785218785,-0.2334141123167544,0,0.3586187731085387,0,-0.6294973307599614,2,3,11,7,1
"HP ProBook 450 G9 Intel Core i5-1235U/16GB/512GB SSD/15.6""",0,9,85,0.05940999313155344,-0.2334141123167544,0,0.3586187731085387,0,-0.29808967450795076,2,3,11,7,1
"Lenovo ThinkPad T490s Intel Core i5-8265U/8GB/256GB SSD/14""",1,13,102,-0.7514941785218785,-0.9422866026321857,0,-0.9724089666359824,0,-0.5636547500476414,2,3,11,7,1
"LG Gram 15Z90R-G.AA75B Intel Evo Core i7-1360P/16GB/512GB SSD/15""",0,12,55,0.05940999313155344,-0.2334141123167544,0,-0.14051662929565653,0,0.42398396063715843,2,3,12,7,1
"ASUS VivoBook 15 F1500EA-EJ3107 Intel Core i5-1135G7/8GB/256GB SSD/15.6""",0,3,113,-0.7514941785218785,-0.9422866026321857,0,0.3586187731085387,0,-0.9419971925840841,2,3,11,7,1
"Microsoft Surface Pro 7+ Intel Core i5-1135G7/8GB/256GB SSD/12.3"" Táctil Platino",0,16,96,-0.7514941785218785,-0.9422866026321857,0,-2.3866259401145355,1,-0.18598170708177386,2,3,11,7,1
"Apple MacBook Pro Apple M2 Pro 12 Núcleos/32GB/1TB SSD/14.2"" Gris Espacial",0,2,66,1.681218336438417,1.1178740723470364,0,-0.8060304991679178,0,2.157838586061585,1,3,2,7,1
"ASUS VivoBook 15 F1500EA-EJ3167W Intel Core i5-1135G7/8GB/512GB SSD/15.6""",0,3,113,-0.7514941785218785,-0.2334141123167544,0,0.3586187731085387,0,-0.8895755245736253,2,3,11,7,1
"HP 15S-FQ2161NS Intel Core i3-1115G4/8GB/256GB SSD/15.6""",0,9,4,-0.7514941785218785,-0.9422866026321857,0,0.3586187731085387,0,-0.9829951728409554,2,3,10,7,1
"HP Chromebook 11 G9 Intel Celeron N4500/4GB/32GB/11.6""",0,9,26,-1.1569462643485944,-1.562550031658188,0,-2.9689505762527646,0,-1.1879082577811473,2,3,1,7,1
"Acer Extensa 15 EX215-22 AMD Ryzen 5 3500U/8GB/512GB SSD/15.6""",0,0,43,-0.7514941785218785,-0.2334141123167544,0,0.3586187731085387,0,-1.0245418412704292,0,3,7,7,1
"Microsoft Surface Laptop Studio Intel Core i7-11370H/16GB/512GB SSD/RTX 3050Ti/14.4"" Táctil Platino",0,16,95,0.05940999313155344,-0.2334141123167544,0,-0.6396520316998517,1,0.9726831070032773,2,6,12,22,0
"Alurin Flex Advance Intel Core i5-1155G7/8GB/256GB/15.6"" + Windows 11 Home",0,1,48,-0.7514941785218785,-0.9422866026321857,0,0.3586187731085387,0,-0.8379988363489747,2,3,11,7,1
"Medion Erazer Beast X30 Intel Core i7-12700H/32GB/1TB SSD/RTX 3070 Ti/17.3""",0,15,21,1.681218336438417,1.1178740723470364,0,1.7728357465870934,0,1.4116226713219584,2,6,12,24,0
"Acer Aspire Vero Green Intel Core i7-1195G7/8GB/512GB SSD/15.6""+ Ratón Inalámbrico 1200 DPI Gris + Funda Protectora",0,0,19,-0.7514941785218785,-0.2334141123167544,0,0.3586187731085387,0,-0.06982442094178944,2,3,12,7,1
"MSI Modern 14 C12M-078XES Intel Core i5-1235U/8GB/512GB SSD/14""",0,14,68,-0.7514941785218785,-0.2334141123167544,0,-0.9724089666359824,0,-0.5636547500476414,2,3,11,7,1
"Thomson Neo Intel Core i5-8259U/8GB/512GB SSD/15.6""",0,24,71,-0.7514941785218785,-0.2334141123167544,0,0.3586187731085387,0,-1.0026052881297747,2,3,11,7,1
"Alurin Flex Advance Intel Core i5-1155G7/16GB/500GB SSD/15.6""",0,1,48,0.05940999313155344,-0.26664251030029024,0,0.3586187731085387,0,-0.848961626037576,2,3,11,7,1
"Lenovo ThinkBook 15 G2 ITL Intel Core i7-1165G7/16GB/512GB SSD/15.6"" Gris",0,13,101,0.05940999313155344,-0.2334141123167544,0,0.3586187731085387,0,-0.12470421196550814,2,3,12,7,1
"ASUS F515EA-EJ3048W Intel Core i5-1135G7/8GB/512GB SSD/15.6""",0,3,46,-0.7514941785218785,-0.2334141123167544,0,0.3586187731085387,0,-0.7721452818732026,2,3,11,7,1
"ASUS VivoBook F1500EA-EJ2535W Intel Core i3-1115G4/8GB/512GB SSD/15.6""",0,3,113,-0.7514941785218785,-0.2334141123167544,0,0.3586187731085387,0,-0.9467488321588232,2,3,10,7,1
"Acer Aspire 3 A315-56-566L Intel Core i5-1035G1/8GB/256GB SSD/15.6""",0,0,19,-0.7514941785218785,-0.9422866026321857,0,0.3586187731085387,0,-0.8599463632530814,2,3,11,7,1
"HP 255 G9 AMD Ryzen 3 5425U/8GB/512GB SSD/15.6""",0,9,8,-0.7514941785218785,-0.2334141123167544,0,0.3586187731085387,0,-0.896895024796145,0,3,6,7,1
"Apple MacBook Pro Apple M2 Pro 12 Núcleos/32GB/512GB SSD/16.2"" Gris Espacial",0,2,66,1.681218336438417,-0.2334141123167544,0,0.8577541755127339,0,2.157838586061585,1,3,2,7,1
"HP 250 G9 Intel Core i5-1235U/16 GB/512GB SSD/15.6""",0,9,7,0.05940999313155344,-0.2334141123167544,0,0.3586187731085387,0,-0.4741856566230506,2,3,11,7,1
"Acer Extensa 15 EX215-54-57ZW Intel Core i5-1135G7/16GB/512GB SSD/15.6""",0,0,43,0.05940999313155344,-0.2334141123167544,0,0.3586187731085387,0,-0.7044810564278419,2,3,11,7,1
"HP 14S-FQ0004NS AMD Athlon Silver 3050U/8GB/512GB SSD/14""",0,9,2,-0.7514941785218785,-0.2334141123167544,0,-0.9724089666359824,0,-0.9751708794996413,0,3,0,7,1
"PcCom Revolt 3050 Intel Core i5-13500H/16GB/500GB SSD/RTX 3050/15.6"" + Windows 11 Home",0,18,89,0.05940999313155344,-0.26664251030029024,0,0.3586187731085387,0,0.01894235162187007,2,6,11,22,0
"PcCom Revolt 3050 Intel Core i7-13700H/16GB/500GB/RTX 3050/15.6"" + Windows 11 Home",0,18,89,0.05940999313155344,-0.26664251030029024,0,0.3586187731085387,0,0.18354880340267005,2,6,12,22,0
PcCom Revolt 4050 Intel Core i5-13500H/16GB/500GB SSD/RTX 4050/15.6,0,18,89,0.05940999313155344,-0.26664251030029024,0,0.3586187731085387,0,0.04088987852597673,2,6,11,26,0
PcCom Revolt 4050 Intel Core i5-13500H/16GB/500GB SSD/RTX 4050/15.6” + Windows 11 Home,0,18,89,0.05940999313155344,-0.26664251030029024,0,0.3586187731085387,0,0.18354880340267005,2,6,11,26,0
PcCom Revolt 4060 Intel Core i5-13500H/16GB/500GB SSD/RTX 4060/15.6” + Windows 11 Home,0,18,89,0.05940999313155344,-0.26664251030029024,0,0.3586187731085387,0,0.40302407244373667,2,6,11,27,0
PcCom Revolt 4060 Intel Core i7-13700H/16GB/500GB SSD/RTX 4060/15.6,0,18,89,0.05940999313155344,-0.26664251030029024,0,0.3586187731085387,0,0.42497159934784334,2,6,12,27,0
"Microsoft Surface Laptop 5 Negro Intel Evo Core i7-1255U/16GB/512GB SSD/15"" Táctil",0,16,95,0.05940999313155344,-0.2334141123167544,0,-0.14051662929565653,1,0.840986971815185,2,3,12,7,1
"Alurin Flex Advance Intel Core i5-1155G7/16GB/500GB SSD/15.6"" + Windows 11 Home",0,1,48,0.05940999313155344,-0.26664251030029024,0,0.3586187731085387,0,-0.7392349652804947,2,3,11,7,1
"ASUS VivoBook Flip 14 TP401MA-EC444WS Intel Celeron N4020/4GB/128GB EMMC/14"" Táctil",0,3,113,-1.1569462643485944,-1.2967228477899013,1,-0.9724089666359824,1,-1.0618636107708628,2,3,1,7,1
"Lenovo V15 Intel Core i5-1135G7/8GB/256GB SSD/15.6""",0,13,108,-0.7514941785218785,-0.9422866026321857,0,0.3586187731085387,0,-0.651444857664068,2,3,11,7,1
"Samsung Galaxy Book3 360 Intel Evo Core i7-1360P/16GB/512GB SSD/15.6"" Táctil",0,23,53,0.05940999313155344,-0.2334141123167544,0,0.3586187731085387,1,0.5944723496282589,2,3,12,7,1
"ASUS VivoBook 15 F1500EA-EJ3149W Intel Core i7-1165G7/8GB/512GB SSD/15.6""",0,3,113,-0.7514941785218785,-0.2334141123167544,0,0.3586187731085387,0,-0.7512622100239452,2,3,12,7,1
"HP ProBook 455 G10 AMD Ryzen 7 7730U/32GB/1TB SSD/15.6""",0,9,85,1.681218336438417,1.1178740723470364,0,0.3586187731085387,0,-0.34417948100657475,0,3,8,7,1
"LG Gram 17 16Z90P Intel Core i7-1165G7/16GB/512GB SSD/17""",0,12,55,0.05940999313155344,-0.2334141123167544,0,1.5232680453849952,0,0.5995751496334638,2,3,12,7,1
PcCom Revolt 4060 Intel Core i7-13700H/16GB/500GB SSD/RTX 4060/15.6 + Windows 11 Home,0,18,89,0.05940999313155344,-0.26664251030029024,0,0.3586187731085387,0,0.5895780511286434,2,6,12,27,0
"Medion Classmate Pro E14409 MD62389 Intel Core i3-1005G1/8GB/256GB SSD/14""",0,15,27,-0.7514941785218785,-0.9422866026321857,0,-0.9724089666359824,0,-0.9696839977736147,2,3,10,7,1
"LG Gram 14T90Q-G.AA78B Intel Evo Core i7-12800HE/16GB/1TB SSD/14"" Táctil",0,12,55,0.05940999313155344,1.1178740723470364,0,-0.9724089666359824,1,0.6434702034416772,2,3,12,7,1
"Lenovo Legion Pro 7 16IRX8H Intel Core i9-13900HX/32GB/1TB SSD/RTX 4090/16""",0,13,61,1.681218336438417,1.1178740723470364,0,0.6913757080446693,0,3.1674248236504914,2,6,13,30,0
"Lenovo V15 G3 IAP Intel Core i3-1215U/8GB/512GB SSD/15.6""",0,13,108,-0.7514941785218785,-0.2334141123167544,0,0.3586187731085387,0,-0.9301784493462227,2,3,10,7,1
PcCom Revolt 4060 Intel Core i5-13500H/16GB/500GB SSD/RTX 4060/15.6”,0,18,89,0.05940999313155344,-0.26664251030029024,0,0.3586187731085387,0,0.2603651475670434,2,6,11,27,0
"HP 15S-EQ1163NS AMD 3020e/8GB/256GB SSD/15.6""",0,9,4,-0.7514941785218785,-0.9422866026321857,0,0.3586187731085387,0,-1.0388187075215507,0,3,3,7,1
"Acer Aspire 3 A315-34 Intel Celeron N4020/8GB/256GB SSD/15.6""",0,0,19,-0.7514941785218785,-0.9422866026321857,0,0.3586187731085387,0,-1.046489368174536,2,3,1,7,1
"Dell Vostro 3420 Intel Core i5-1135G7/8 GB/512GB SSD/14""",0,5,115,-0.7514941785218785,-0.2334141123167544,0,-0.9724089666359824,0,-0.6251078253791401,2,3,11,7,1
"HP 15S-FQ3008NS Intel Celeron N4500/8GB/256GB SSD/15.6""",0,9,4,-0.7514941785218785,-0.9422866026321857,0,0.3586187731085387,0,-1.0855120710100374,2,3,1,7,1
"MSI Prestige 15 A10SC-007ES Intel Core i7-10710U/32GB/1TB SSD/GTX 1650/15.6""",0,14,83,1.681218336438417,1.1178740723470364,0,0.3586187731085387,0,0.7531968641987584,2,2,12,5,2
PcCom Revolt 3050 Intel Core i7-13700H/16GB/1TB SSD/RTX 3050/15.6”,0,18,89,0.05940999313155344,1.1178740723470364,0,0.3586187731085387,0,0.15062751304651004,2,6,12,22,0
"Lenovo ThinkPad E15 Gen 4 Intel Core i7-1255U/16GB/512GB SSD/MX550/15.6""",0,13,102,0.05940999313155344,-0.2334141123167544,0,0.3586187731085387,0,0.10156381665237957,2,4,12,11,2
"ASUS F1500EA-EJ2369W Intel Core i7-1165G7/8GB/512GB SSD/15.6""",0,3,113,-0.7514941785218785,-0.2334141123167544,0,0.3586187731085387,0,-0.5087859327873747,2,3,12,7,1
"ASUS ROG Strix SCAR 17 SE G733CX-LL045W Intel Core i9-12950HX/64GB/1TB+1TB SSD/RTX 3080Ti/17.3""",0,3,87,4.924835023052145,1.1178740723470364,0,1.7728357465870934,0,3.277173431934477,2,6,13,25,0
"MSI Prestige 13 Evo A12M-010ES Intel Core i7-1280P/16GB/512GB SSD/13.3""",1,14,83,0.05940999313155344,-0.2334141123167544,0,-1.5547336027742098,0,-0.48845154911072,2,3,12,7,1
"Microsoft Surface Laptop 4 Platino AMD Ryzen 5 4680U/8 GB/256 GB SSD/13.5"" Táctil",0,16,95,-0.7514941785218785,-0.9422866026321857,0,-1.3883551353061454,1,-0.20152055612988146,0,3,7,7,1
"HP 17-CN0018NS Intel Celeron N4120/4GB/128GB SSD/17.3""",0,9,6,-1.1569462643485944,-1.2967228477899013,0,1.7728357465870934,0,-1.0113842988914172,2,3,1,7,1
"Acer Aspire 5 A515-45-R35H AMD Ryzen 7 5700U/8GB/512GB SSD/15.6""",0,0,19,-0.7514941785218785,-0.2334141123167544,0,0.3586187731085387,0,-0.552670012832136,0,3,8,7,1
"Acer ConceptD 3 Pro CN316-73P-77Y4 Intel Core i7-11800H/16 GB/1TB SSD/T1200/16""",0,0,28,0.05940999313155344,1.1178740723470364,0,0.6913757080446693,0,0.17445155350091762,2,9,12,40,3
Dell XPS 13 9315 Intel Core i7-1250U/16GB/512GB SSD/13.4'' Tátil (PT),0,5,117,0.05940999313155344,-0.2334141123167544,0,-1.4715443690401775,1,0.907630637259505,2,3,12,7,1
"HP 250 G9 Intel Core i7-1255U/16GB/512GB SSD/15.6""",0,9,7,0.05940999313155344,-0.2334141123167544,0,0.3586187731085387,0,-0.2805316529846654,2,3,12,7,1
"HP ProBook 635 Aero G7 AMD Ryzen 5 Pro 4650U/8GB/256GB SSD/13.3""",0,9,85,-0.7514941785218785,-0.9422866026321857,0,-1.5547336027742098,0,-0.2673631368422015,0,3,7,7,1
MSI Pulse 17 B13VGK-435PT Intel Core i7-13700H/16GB/1TB SSD/RTX 4070/17.3'' (PT),0,14,86,0.05940999313155344,1.1178740723470364,0,1.7728357465870934,0,1.0869090107757,2,6,12,28,0
"Microsoft Surface Laptop 4 Negro AMD Ryzen 7 4980U/8GB/512 GB SSD/15"" Táctil",0,16,95,-0.7514941785218785,-0.2334141123167544,0,-0.14051662929565653,1,0.3691151433768918,0,3,8,7,1
"Microsoft Surface Laptop 5 Negro Intel Evo Core i7-1255U/8GB/512GB SSD/15"" Táctil",0,16,95,-0.7514941785218785,-0.2334141123167544,0,-0.14051662929565653,1,0.4788527778974251,2,3,12,7,1
"Microsoft Surface Laptop Studio Intel Core i7-11370H/32GB/2TB SSD/RTX 3050Ti/14.4"" Táctil Platino",0,16,95,1.681218336438417,3.8869072376416898,0,-0.6396520316998517,1,2.070048478445158,2,6,12,22,0
"PcCom Revolt 3050 Intel Core i7-13700H/16GB/500GB/RTX 3050/15.6""",0,18,89,0.05940999313155344,-0.26664251030029024,0,0.3586187731085387,0,0.04088987852597673,2,6,12,22,0
"Acer Predator Triton 500 SE PT516-51s-75K6 Intel Core i7-11800H/32GB/1TB SSD/RTX 3080/16""",0,0,82,1.681218336438417,1.1178740723470364,0,0.6913757080446693,0,1.5652553596507048,2,6,12,25,0
"HP Zbook Firefly 16 G9 Intel Core i7-1260P/16 GB/512GB SSD/16""",0,9,119,0.05940999313155344,-0.2334141123167544,0,0.6913757080446693,0,0.34497286378237446,2,3,12,7,1
"Lenovo ThinkPad E14 Gen 4 Intel Core i7-1255U/16GB/512GB SSD/14""",0,13,102,0.05940999313155344,-0.2334141123167544,0,-0.9724089666359824,0,0.22206671311937715,2,3,12,7,1
PcCom Revolt 3050 Intel Core i7-13700H/16GB/1TB SSD/RTX 3050/15.6 + Windows 11 Home,0,18,89,0.05940999313155344,1.1178740723470364,0,0.3586187731085387,0,0.31523396482731003,2,6,12,22,0
"ASUS F515EA-BQ1154X Intel Core i5-1135G7/8GB/512GB SSD/15.6""",0,3,46,-0.7514941785218785,-0.2334141123167544,0,0.3586187731085387,0,-0.552670012832136,2,3,11,7,1
"Acer Extensa 15 EX215-54-55M9 Intel Core i5-1135G7/8GB/1TB SSD/15.6""",0,0,43,-0.7514941785218785,1.1178740723470364,0,0.3586187731085387,0,-0.7997552707185688,2,3,11,7,1
"Primux Ioxbook C15 Intel Celeron N4020/4GB/128GB SSD/15.6""",0,19,57,-1.1569462643485944,-1.2967228477899013,0,0.3586187731085387,0,-1.141335605690633,2,3,1,7,1
"Razer Blade 14 165Hz AMD Ryzen 9 6900HX/16GB/1TB SSD/RTX 3080Ti/14""",0,21,22,0.05940999313155344,1.1178740723470364,0,-0.9724089666359824,0,3.0647652665565324,0,6,9,25,0
"ASUS ZenBook 14 OLED UM3402YA-KM428WS AMD Ryzen 7 7730U/16GB/512GB SSD/14""",0,3,120,0.05940999313155344,-0.2334141123167544,0,-0.9724089666359824,0,-0.2816290293298708,0,3,8,7,1
"HP 255 G8 AMD Ryzen 3 5300U/8GB/1TB SSD/15.6""",0,9,8,-0.7514941785218785,1.1178740723470364,0,0.3586187731085387,0,-0.9235941912749907,0,3,6,7,1
"Lenovo ThinkPad L380 Intel Core i3-8130U/8GB/256GB SSD/13.3""",1,13,102,-0.7514941785218785,-0.9422866026321857,0,-1.5547336027742098,0,-0.9806577612256681,2,3,10,7,1
PcCom Revolt 4060 Intel Core i7-13700H/16GB/1TB SSD/RTX 4060/15.6 + Windows 11 Home,0,18,89,0.05940999313155344,1.1178740723470364,0,0.3586187731085387,0,0.6993156856491767,2,6,12,27,0
"ASUS ExpertBook B1 B1402CBA-EB0861W Intel Core i5-1235U/16GB/512GB SSD/14""",0,3,42,0.05940999313155344,-0.2334141123167544,0,-0.9724089666359824,0,-0.5625573737024361,2,3,11,7,1
"ASUS Zenbook UM425QA AMD Ryzen 7 5800H 16GB/1TB SSD/14""(PT)",0,3,120,0.05940999313155344,1.1178740723470364,0,-0.9724089666359824,0,0.07130915081506835,0,3,8,7,1
"HP ProBook 440 G9 Intel Core i7-1255U/16GB/1TB SSD/14""",0,9,85,0.05940999313155344,1.1178740723470364,0,-0.9724089666359824,0,-0.10770585237827753,2,3,12,7,1
"Acer TravelMate P2 TMP214-53-594U Intel Core i5-1135G7/16GB/512GB SSD/14""",0,0,104,0.05940999313155344,-0.2334141123167544,0,-0.9724089666359824,0,-0.4253853305517694,2,3,11,7,1
"Dell XPS 15 9520 Intel Core i7-12700H/16GB/1TB SSD/RTX3050 Ti/15.6""",0,5,117,0.05940999313155344,1.1178740723470364,0,0.3586187731085387,0,1.104357294664465,2,6,12,22,0
"Alurin Flex Advance Intel Core i5-1155G7/8GB/500GB SSD/14"" + Windows 11 Home",0,1,48,-0.7514941785218785,-0.26664251030029024,0,-0.9724089666359824,0,-0.7930064061955561,2,3,11,7,1
"LG Gram 17Z90Q Intel Core i7-1260P/32GB/512GB SSD/RTX 2050/17""",0,12,55,1.681218336438417,-0.2334141123167544,0,1.5232680453849952,0,0.9836458966918784,2,6,12,17,0
"Lenovo ThinkPad T480 Intel Core i5-7200U/8GB/256GB SSD/14""",1,13,102,-0.7514941785218785,-0.9422866026321857,0,-0.9724089666359824,0,-0.7436244706613161,2,3,11,7,1
"Acer TravelMate P2 TMP215-53-5887 Intel Core i5-1135G7/8GB/512GB SSD/15.6""",0,0,104,-0.7514941785218785,-0.2334141123167544,0,0.3586187731085387,0,-0.5948641333052811,2,3,11,7,1
"Dell Latitude E7450 Intel Core i5-5300U/8GB/256GB SSD/14""",1,5,60,-0.7514941785218785,-0.9422866026321857,0,-0.9724089666359824,0,-0.94774744463296,2,3,11,7,1
"Lenovo ThinkBook 15 G4 IAP Intel Core i7-1255U/16GB/512GB SSD/15.6""",0,13,101,0.05940999313155344,-0.2334141123167544,0,0.3586187731085387,0,-0.12693188594627494,2,3,12,7,1
"HP 15S-FQ4100NS Intel Core i5-1155G7/8GB/512GB SSD/15.6""",0,9,4,-0.7514941785218785,-0.2334141123167544,0,0.3586187731085387,0,-0.7865318857588446,2,3,11,7,1
"HP 15S-FQ5028NS Intel Core i5-1235U/16GB/512GB SSD/15.6""+ Microsoft 365 Personal 12 Meses Descarga Digital",0,9,4,0.05940999313155344,-0.2334141123167544,0,0.3586187731085387,0,-0.5066021538604162,2,3,11,7,1
"Lenovo ThinkPad L450 Intel Core i5-4300U/8GB/256GB SSD/14""",1,13,102,-0.7514941785218785,-0.9422866026321857,0,-0.9724089666359824,0,-1.178185503362628,2,3,11,7,1
"Apple MacBook Pro Intel Core i7/16GB/512GB SSD/Radeon Pro 560X/15.4"" Plata",1,2,66,0.05940999313155344,-0.2334141123167544,0,0.1922403056404741,0,-0.3682339704934756,2,8,12,31,3
"ASUS F1500EA-EJ3528 Intel Core i3-1115G4/8GB/512GB SSD/15.6""",0,3,113,-0.7514941785218785,-0.2334141123167544,0,0.3586187731085387,0,-1.0034612416790347,2,3,10,7,1
"ASUS TUF GAMING A15 FA507XI-R97B47CS1 AMD Ryzen 9 7940HS/16GB/1TB SSD/RTX4070/15.6"" (PT)",0,3,98,0.05940999313155344,1.1178740723470364,0,0.3586187731085387,0,0.7739043558327829,0,6,9,28,0
"ASUS BR1100FKA-BP1185XA Intel Celeron N4500/4GB/128GB SSD/11.6"" Táctil",0,3,20,-1.1569462643485944,-1.2967228477899013,0,-2.9689505762527646,1,-0.896895024796145,2,3,1,7,1
"ASUS ROG Flow X16 GV601RM-M6074W AMD Ryzen 9 6900HS/16GB/1TB SSD/RTX 3060/16"" Táctil",0,3,87,0.05940999313155344,1.1178740723470364,0,0.6913757080446693,1,1.6029063420546998,0,6,9,23,0
"MSI Vector GP66HX 12UHS-204XES Intel Core i7-12800HX/32GB/1TB SSD/RTX 3080Ti/15.6""",1,14,111,1.681218336438417,1.1178740723470364,0,0.3586187731085387,0,2.3992613820067583,2,6,12,25,0
"Alurin Flex Advance Intel Core i5-1155G7/16GB/500GB SSD/14""",1,1,48,0.05940999313155344,-0.26664251030029024,0,-0.9724089666359824,0,-0.858848986907876,2,3,11,7,1
ASUS ROG Flow X16 2023 GV601VV-NF015W Intel Core i9-13900H/16GB/1TB SSD/RTX 4060/16'' Táctil,0,3,87,0.05940999313155344,1.1178740723470364,0,0.6913757080446693,1,1.4116336450854106,2,6,13,27,0
"ASUS Zenbook UM425QA-R55BLHDCP1 AMD Ryzen 5 5600H 16GB/512GB SSD/14""(PT)",0,3,120,0.05940999313155344,-0.2334141123167544,0,-0.9724089666359824,0,-0.1706623333027076,0,3,7,7,1
"MSI Creator Pro Z16P B12UMST-094ES Intel Core i7-12700H/32GB/1TB SSD/RTX A5500/16"" Táctil",0,14,29,1.681218336438417,1.1178740723470364,0,0.6913757080446693,1,3.386900092691558,2,6,12,16,0
"Lenovo V15 Gen 2 ALC AMD Ryzen 3 5300U/8GB/256GB SSD/15.6""",0,13,108,-0.7514941785218785,-0.9422866026321857,0,0.3586187731085387,0,-1.0455127032273033,0,3,6,7,1
"ASUS VivoBook S OLED K3402ZA-KM079W Intel Evo Core i7-12700H/16GB/512GB SSD/14""",0,3,113,0.05940999313155344,-0.2334141123167544,0,-0.9724089666359824,0,0.15018856250842783,2,3,12,7,1
"Acer ConceptD 3 Ezel Pro CC315-73P-73PA Intel Core i7-11800H/16GB/1TB SSD/T1200/15.6"" Táctil",0,0,28,0.05940999313155344,1.1178740723470364,0,0.3586187731085387,1,0.9804635052907827,2,9,12,40,3
MSI Stealth 15 A13VF-060XES Intel Core i7-13620H/32GB/1TB SSD/RTX 4060/15.6'',0,14,92,1.681218336438417,1.1178740723470364,0,0.3586187731085387,0,0.9566614123632791,2,6,12,27,0
"ASUS E510MA-EJ972 Intel Celeron N4020/8GB/256GB SSD/15.6""",0,3,35,-0.7514941785218785,-0.9422866026321857,0,0.3586187731085387,0,-1.1277061914831827,2,3,1,7,1
"Lenovo ThinkPad X250 Intel Core i5-5300U/8GB/256GB SSD/12.5""",1,13,7,-0.7514941785218785,-0.9422866026321857,0,-2.220247472646471,0,-1.04651131570144,2,3,11,7,1
"ASUS F515EA-EJ1564W Intel Core i3-1115G4/8GB/256GB SSD/15.6""",0,3,46,-0.7514941785218785,-0.9422866026321857,0,0.3586187731085387,0,-1.010725873084294,2,3,10,7,1
"Dynabook Toshiba Satellite Pro C40-G-120 Intel Core i7-10510U/8GB/256GB SSD/14""",0,7,90,-0.7514941785218785,-0.9422866026321857,0,-0.9724089666359824,0,-0.6001425135257188,2,3,12,7,1
"ASUS VivoBook 15 F1502ZA-EJ1119W Intel Core i7-1255U/8GB/512GB SSD/15.6""",0,3,113,-0.7514941785218785,-0.2334141123167544,0,0.3586187731085387,0,-0.743613496897864,2,3,12,7,1
"Dell Latitude 5430 Intel Core i7-1255U/16GB/512GB SSD/14""",0,5,60,0.05940999313155344,-0.2334141123167544,0,-0.9724089666359824,0,0.1320818528125398,2,3,12,7,1
"Microsoft Surface Pro 7 Intel Core i5-1035G4/16GB/256 GB SSD/12.3"" Platino",1,16,96,0.05940999313155344,-0.9422866026321857,0,-2.3866259401145355,0,-0.2208892486227557,2,3,11,7,1
"Lenovo ThinkPad T480 Intel Core i5-8250U/8GB/256GB SSD/14""",1,13,102,-0.7514941785218785,-0.9422866026321857,0,-0.9724089666359824,0,-0.7436244706613161,2,3,11,7,1
"ASUS VivoBook F515EA-EJ3060W Intel Core i7-1165G7/16GB/512/GB SSD/15.6""",0,3,113,0.05940999313155344,-0.2334141123167544,0,0.3586187731085387,0,-0.47126663554480436,2,3,12,7,1
"HP EliteBook x360 830 G6 Intel Core i5-8265U/8GB/256GB SSD/13.3"" Táctil",1,9,38,-0.7514941785218785,-0.9422866026321857,0,-1.5547336027742098,1,-0.8314145782777427,2,3,11,7,1
"Lenovo ThinkBook 14s Yoga G2 Intel Core i7-1255U/16GB/512GB SSD/14"" Táctil",0,13,101,0.05940999313155344,-0.2334141123167544,0,-0.9724089666359824,1,0.17688772898727348,2,3,12,7,1
"Medion Akoya S15447 Intel Core i5-10210U/8 GB/256 GB SSD/15.6""",0,15,15,-0.7514941785218785,-0.9422866026321857,0,0.3586187731085387,0,-0.6421281324932748,2,3,11,7,1
"Dell Vostro 3420 Intel Core i7-1165G7/16 GB/512GB SSD/14""",0,5,115,0.05940999313155344,-0.2334141123167544,0,-0.9724089666359824,0,-0.2728500185682281,2,3,12,7,1
"LG Gram 16T90Q-G Intel Core i7-1260P/16GB/1TB SSD/16"" Táctil",1,12,55,0.05940999313155344,1.1178740723470364,0,0.6913757080446693,1,0.7531968641987584,2,3,12,7,1
"Microsoft Surface Pro 9 Bosque Intel Evo Core i5-1235U/8GB/256GB SSD/13"" Táctil",0,16,96,-0.7514941785218785,-0.9422866026321857,0,-1.8043013039763083,1,0.09916056245637982,2,3,11,7,1
"Apple MacBook Pro Intel Core i5/8GB/128GB/13"" Plateado",1,2,66,-0.7514941785218785,-1.2967228477899013,0,-1.8043013039763083,0,-0.7776431373626814,2,3,11,7,1
"ASUS Vivobook  F1605EA-51BLHDSS1 Intel Core i5-1135G7/12GB/512GB SSD/16.0"" (PT)",0,3,113,-0.3460420926951625,-0.2334141123167544,0,0.6913757080446693,0,-0.5274303568924134,2,3,11,7,1
"Gigabyte AORUS 5 KE4-72ES314SD Intel Core i7-12700H/16GB/1TB SSD/RTX 3060/15.6""",1,8,18,0.05940999313155344,1.1178740723470364,0,0.3586187731085387,0,0.3142463261166251,2,6,12,23,0
"ASUS ExpertBook B1 B1502CBA-EJ0438W Intel Core i5-1235U/16GB/512GB SSD/15.6""",0,3,42,0.05940999313155344,-0.2334141123167544,0,0.3586187731085387,0,-0.5625573737024361,2,3,11,7,1
"ASUS ZenBook 13 OLED UX325EA-KG261 Intel Core i5-1135G7/8GB/512GB SSD/13.3""",0,3,120,-0.7514941785218785,-0.2334141123167544,0,-1.5547336027742098,0,-0.5417072231435347,2,3,11,7,1
"HP ENVY 17-cr0004np Intel Core i7-1260P/16GB/512GB SSD/17.3"" (PT)",0,9,40,0.05940999313155344,-0.2334141123167544,0,1.7728357465870934,0,0.1546878055237696,2,3,12,7,1
"Dell Latitude 7320 Detachable Intel Evo Core i7-1180G7/16GB/512GB SSD/13"" Táctil",0,5,60,0.05940999313155344,-0.2334141123167544,0,-1.8043013039763083,1,0.3383008156035261,2,3,12,7,1
"Acer Aspire 3 A315-56-56XH Intel Core i5-1035G1/8GB/512GB SSD/15.6""",0,0,19,-0.7514941785218785,-0.2334141123167544,0,0.3586187731085387,0,-0.8336203047316054,2,3,11,7,1
"HP 250 G8 59T50EA Intel Core i3-1115G4/8GB/512GB SSD/15.6""",0,9,7,-0.7514941785218785,-0.2334141123167544,0,0.3586187731085387,0,-0.8379988363489747,2,3,10,7,1
"Lenovo ThinkPad T470 Intel Core i5-7300U/8GB/512GB SSD/14""",1,13,102,-0.7514941785218785,-0.2334141123167544,0,-0.9724089666359824,0,-0.8713261559528607,2,3,11,7,1
"HP 15S-FQ3013NS Intel Celeron N4500/8GB/256GB SSD/15.6""",0,9,4,-0.7514941785218785,-0.9422866026321857,0,0.3586187731085387,0,-0.9298931314964693,2,3,1,7,1
"HP 470 G9 Intel Core i5-1235U/16GB/512GB SSD/MX550/17.3""",0,9,10,0.05940999313155344,-0.2334141123167544,0,1.7728357465870934,0,-0.11043831947783882,2,4,11,11,2
"Lenovo IdeaPad 5 15ITL05 Intel Core i5-1135G7/16GB/512GB SSD/15.6""",0,13,56,0.05940999313155344,-0.2334141123167544,0,0.3586187731085387,0,-0.5636547500476414,2,3,11,7,1
"ASUS TUF Gaming F15 TUF506HC-HN088 Intel Core i5-11400H/16GB/512GB SSD/RTX 3050/15.6""",0,3,98,0.05940999313155344,-0.2334141123167544,0,0.3586187731085387,0,-0.5965760404038014,2,6,11,22,0
"Acer Swift 3 SF313-53 Intel Evo Core i7-1165G7/16GB/1TB SSD/13.5""",0,0,97,0.05940999313155344,1.1178740723470364,0,-1.3883551353061454,0,0.037905014867018194,2,3,12,7,1
"Apple Macbook Pro Intel Core i9/16GB/1TB SSD/Radeon Pro 5500M/16"" Gris Espacial",1,2,66,0.05940999313155344,1.1178740723470364,0,0.6913757080446693,0,0.6434592296782251,2,8,13,38,3
"Lenovo ThinkPad X1 Carbon Intel Core i7-8565U/16GB/1TB SSD/14""",1,13,102,0.05940999313155344,1.1178740723470364,0,-0.9724089666359824,0,-0.54280459948874,2,3,12,7,1
"MSI Creator M16 B13VE-681ES Intel Core i7-13700H/32GB/1TB SSD/RTX 4050/16""",0,14,29,1.681218336438417,1.1178740723470364,0,0.6913757080446693,0,0.8664241554970444,2,6,12,26,0
PcCom Revolt 4060 Intel Core i7-13700H/32GB/1TB SSD/RTX 4060/15.6,0,18,89,1.681218336438417,1.1178740723470364,0,0.3586187731085387,0,0.64444686838891,2,6,12,27,0
"Acer TravelMate P2 TMP214-52-P5SM Intel Pentium Gold 6405U/8GB/256GB SSD/14""",0,0,104,-0.7514941785218785,-0.9422866026321857,0,-0.9724089666359824,0,-0.9192156596576214,2,3,5,7,1
"Medion Akoya E15301 AMD Ryzen 3 3200U/8 GB/256 GB SSD/15.6""",0,15,15,-0.7514941785218785,-0.9422866026321857,0,0.3586187731085387,0,-1.081056723048504,0,3,6,7,1
"ASUS Rog Strix G17 G713QR-K4189 AMD Ryzen 7 5800H/32GB/1TB SSD/RTX 3070/17.3""",0,3,87,1.681218336438417,1.1178740723470364,0,1.7728357465870934,0,1.4669743341741153,0,6,8,24,0
"ASUS ZenBook 14 UX3402ZA-KP490W Intel Core i5-1240P/16GB/512GB SSD/14""",0,3,120,0.05940999313155344,-0.2334141123167544,0,-0.9724089666359824,0,-0.5117378751559771,2,3,11,7,1
"HP 15S-FQ2180NS Intel Core i3-1115G4/8GB/512GB SSD/15.6""",0,9,4,-0.7514941785218785,-0.2334141123167544,0,0.3586187731085387,0,-0.9852228468217223,2,3,10,7,1
"HP 250 G9 Intel Core i3-1215U/8GB/256 GB SSD/15.6""",0,9,7,-0.7514941785218785,-0.9422866026321857,0,0.3586187731085387,0,-1.0021992588820487,2,3,10,7,1
"Lenovo ThinkBook 15 G2 ITL Intel Core i5-1135G7/16 GB/512GB SSD/15.6""",0,13,101,0.05940999313155344,-0.2334141123167544,0,0.3586187731085387,0,-0.2673631368422015,2,3,11,7,1
"Lenovo 300w Gen 3 AMD 3015e/4GB/128GB SSD/11.6"" Táctil",0,13,9,-1.1569462643485944,-1.2967228477899013,0,-2.9689505762527646,1,-0.9340412140813454,0,3,3,7,1
"Apple MacBook Pro Apple M2 Pro 12 Núcleos/16GB/1TB SSD/16.2"" Plata",0,2,66,0.05940999313155344,1.1178740723470364,0,0.8577541755127339,0,1.8505841831675438,1,3,2,7,1
"HP 15S-EQ2135NS AMD Ryzen 7 5700U/12GB/512GB SSD/15.6""",0,9,4,-0.3460420926951625,-0.2334141123167544,0,0.3586187731085387,0,-0.7675472749867923,0,3,8,7,1
"ASUS VivoBook F1605PA-MB147 Intel Core i7-11370H/8GB/512GB SSD/16""",0,3,113,-0.7514941785218785,-0.2334141123167544,0,0.6913757080446693,0,-0.7820436165069548,2,3,12,7,1
"HP Victus 16-E0099NS AMD Ryzen 7 5800H/8GB/512GB SSD/RX 5500M/16.1""",0,9,112,-0.7514941785218785,-0.2334141123167544,0,0.774564941778703,0,-0.4920728910498975,0,8,8,38,3
"MSI Modern 15 B12M-042ES i7-1255U/16GB/1TB SSD/15.6""",1,14,68,0.05940999313155344,1.1178740723470364,0,0.3586187731085387,0,-0.12470421196550814,2,3,12,7,1
"Microsoft Surface Pro 7 Intel Core i5-1035G4/8 GB/256 GB/12.3"" Negra",0,16,96,-0.7514941785218785,-0.9422866026321857,0,-2.3866259401145355,0,0.03990223981529183,2,3,11,7,1
"HP 15S-FQ4037NS Intel Core i7-1195G7/16GB/512GB SSD/15.6""",0,9,4,0.05940999313155344,-0.2334141123167544,0,0.3586187731085387,0,-0.6772332017763933,2,3,12,7,1
"MSI Stealth 14 Studio A13VG-048ES Intel Core i7-13700H/32GB/1TB SSD/RTX 4070/14""",0,14,92,1.681218336438417,1.1178740723470364,0,-0.9724089666359824,0,1.5213603058424916,2,6,12,28,0
ASUS Laptop M515DA AMD Ryzen 5 3500U/12GB/512GB SSD/15.6'' (PT),0,3,63,-0.3460420926951625,-0.2334141123167544,0,0.3586187731085387,0,-0.6640537118704773,0,3,7,7,1
"LG Gram UltraSlim 15Z90RT-G.AD75B Intel Evo Core i7-1360P/32GB/512GB SSD/15"" OLED",0,12,55,1.681218336438417,-0.2334141123167544,0,-0.14051662929565653,0,0.8629344987192917,2,3,12,7,1
"MSI Creator M16 A12UD-232ES Intel Core i7-12700H/16GB/1TB SSD/RTX 3050Ti/16""",1,14,29,0.05940999313155344,1.1178740723470364,0,0.6913757080446693,0,0.4788527778974251,2,6,12,22,0
"HP ProBook 640 G8 Intel Core i5-1135G7/8GB/256GB SSD/14""",0,9,85,-0.7514941785218785,-0.9422866026321857,0,-0.9724089666359824,0,-0.6016898141724583,2,3,11,7,1
"Dell Latitude 3420 Intel Core i7-1165G7/16GB/512GB SSD/14""",0,5,60,0.05940999313155344,-0.2334141123167544,0,-0.9724089666359824,0,-0.34417948100657475,2,3,12,7,1
"HP 15S-EQ2070NS AMD Ryzen 7 5700U/12GB/512GB SSD/15.6""",0,9,4,-0.3460420926951625,-0.2334141123167544,0,0.3586187731085387,0,-0.737040212590084,0,3,8,7,1
"Medion Akoya E15303 AMD Ryzen 5 4500U/8GB/256GB SSD/15.6""",0,15,15,-0.7514941785218785,-0.9422866026321857,0,0.3586187731085387,0,-0.8219551941820727,0,3,7,7,1
"MSI Summit E13 FlipEvo A12MT-030ES Intel Core i7-1280P/32GB/1TB SSD/13.4"" Táctil",0,14,93,1.681218336438417,1.1178740723470364,0,-1.4715443690401775,1,0.6434592296782251,2,3,12,7,1
"Thomson Neo Black Intel Celeron N4020/4GB/64GB eMMC/14.1""",0,24,71,-1.1569462643485944,-1.4739409703687592,1,-0.8892197329019501,0,-1.1871510681029556,2,3,1,7,1
"PcCom Revolt 3050 Intel Core i5-13500H/16GB/500GB SSD/RTX 3050/15.6""",0,18,89,0.05940999313155344,-0.26664251030029024,0,0.3586187731085387,0,-0.12371657325482324,2,6,11,22,0
"PcCom Revolt 3060 Intel Core i7-12700H/32GB/1TB SSD/RTX 3060/15.6""/Windows 11 Home",0,18,89,1.681218336438417,1.1178740723470364,0,0.3586187731085387,0,0.5348299452663491,2,6,12,23,0
"LG Gram 17Z90R-G.AD78B Intel Evo Core i7-1360P/32GB/1TB SSD/17""",0,12,55,1.681218336438417,1.1178740723470364,0,1.5232680453849952,0,0.972672133239825,2,3,12,7,1
"HP 15S-EQ2073NS AMD Ryzen 5 5500U/8GB/512GB SSD/15.6""",0,9,4,-0.7514941785218785,-0.2334141123167544,0,0.3586187731085387,0,-0.9141457809427728,0,3,7,7,1
"Lenovo ThinkBook 15 G4 IAP Intel Core i5-1235U/16GB/512GB SSD/15.6""",0,13,101,0.05940999313155344,-0.2334141123167544,0,0.3586187731085387,0,-0.2618762551161748,2,3,11,7,1
"ASUS ExpertBook B1 B1502CBA-EJ0425X Intel Core i5-1235U/16GB/512GB SSD/15.6""",0,3,42,0.05940999313155344,-0.2334141123167544,0,0.3586187731085387,0,-0.4868384058832681,2,3,11,7,1
"Lenovo ThinkPad L14 Gen 3 Intel Core i5-1235U/16GB/512GB SSD/14""",0,13,102,0.05940999313155344,-0.2334141123167544,0,-0.9724089666359824,0,-0.03362197531346549,2,3,11,7,1
"HP 15s-fq4108ns i7-1195G7 Intel Core i7-1195G7/8GB/512GB SSD/15.6""",0,9,4,-0.7514941785218785,-0.2334141123167544,0,0.3586187731085387,0,-0.7483212414187949,2,3,12,7,1
"MSI Modern 15 A5M-010XES AMD Ryzen 5 5500U/8GB/512GB SSD/15.6""",0,14,68,-0.7514941785218785,-0.2334141123167544,0,0.3586187731085387,0,-0.6500731372325614,0,3,7,7,1
"HP 250 G8 Intel Core i5-1135G7/8 GB/512 GB SSD/15.6""",0,9,7,-0.7514941785218785,-0.2334141123167544,0,0.3586187731085387,0,-0.8379988363489747,2,3,11,7,1
"Apple MacBook Air Intel Core i5/16GB/512GB SSD/13.3"" Gris Espacial",1,2,65,0.05940999313155344,-0.2334141123167544,0,-1.5547336027742098,0,0.2034113152508865,2,3,11,7,1
"LG Ultra 16U70Q AMD Ryzen 7 5825U/16GB/512GB SSD/16""",0,12,106,0.05940999313155344,-0.2334141123167544,0,0.6913757080446693,0,-0.014966577444974826,0,3,8,7,1
"Lenovo Yoga 7 14ITL5 Intel Evo Core i7-1165G7/16 GB/512GB SSD/14"" Táctil",0,13,118,0.05940999313155344,-0.2334141123167544,0,-0.9724089666359824,1,0.3932574229714091,2,3,12,7,1
"HP 15S-FQ4019NS Intel Core i5-1155G7/8GB/512GB SSD/15.6""",0,9,4,-0.7514941785218785,-0.2334141123167544,0,0.3586187731085387,0,-0.8162488371870049,2,3,11,7,1
"HP 250 G8 2W9A0EA Intel Core i3-1115G4/8GB/256GB SSD/15.6""",0,9,7,-0.7514941785218785,-0.9422866026321857,0,0.3586187731085387,0,-0.8296697498888662,2,3,10,7,1
"Lenovo IdeaPad 3 Gen 6 14ITL6 Intel Core i5-1135G7/8GB/512GB SSD/14""",0,13,56,-0.7514941785218785,-0.2334141123167544,0,-0.9724089666359824,0,-0.5142728145134015,2,3,11,7,1
"ASUS ROG Strix SCAR 17 2023 G733PY-LL002 AMD Ryzen 9 7945HX/32GB/1TB SSD/RTX 4090/17.3""",1,3,87,1.681218336438417,1.1178740723470364,0,1.7728357465870934,0,2.135002184317862,0,6,9,30,0
"Lenovo Thinkpad E15 Gen 4 Intel Core i5-1235U/16GB/512GB SSD/15.6""",0,13,102,0.05940999313155344,-0.2334141123167544,0,0.3586187731085387,0,-0.2673631368422015,2,3,11,7,1
"Lenovo V15 G2 ALC AMD Ryzen 7 5700U/8GB/512GB SSD/15.6""",0,13,108,-0.7514941785218785,-0.2334141123167544,0,0.3586187731085387,0,-0.8204298410622374,0,3,8,7,1
HP OMEN 16-c0030np AMD Ryzen 7-5800H/16GB/512GB SSD/RTX 3070/16.1'' (PT),0,9,76,0.05940999313155344,-0.2334141123167544,0,0.774564941778703,0,0.294076548891751,0,6,8,24,0
"Lenovo IdeaPad Flex 5 13ITL6 Chromebook 13ITL6 Intel Core i5-1135G7/8GB/256GB SSD/13.3"" Táctil",0,13,56,-0.7514941785218785,-0.9422866026321857,0,-1.5547336027742098,1,-0.585591303188296,2,3,11,7,1
"Lenovo Yoga Slim 9 14IAP7 Intel Evo Core i7-1280P/16 GB/1TB SSD/14"" Táctil",0,13,118,0.05940999313155344,1.1178740723470364,0,-0.9724089666359824,1,0.7312493372946517,2,3,12,7,1
"Lenovo Yoga Slim 9 14IAP7 Intel Evo Core i7-1280P/16GB/1TB SSD/14"" Táctil",0,13,118,0.05940999313155344,1.1178740723470364,0,-0.9724089666359824,1,0.8629344987192917,2,3,12,7,1
"MSI Modern 15 B12M-043XES Intel Core i7-1255U/16GB/1TB SSD/15.6""",1,14,68,0.05940999313155344,1.1178740723470364,0,0.3586187731085387,0,-0.2893106637463081,2,3,12,7,1
"Acer ConceptD 3 Pro CN314-73P-77XL Intel Core i7-11800H/16GB/1TB SSD/T1200/14""",0,0,28,0.05940999313155344,1.1178740723470364,0,-0.9724089666359824,0,0.6434592296782251,2,9,12,40,3
"Acer Nitro 5 AN515-46-R80A AMD Ryzen 5 6600H/16GB/512GB SSD/RTX 3050Ti/15.6""",0,0,73,0.05940999313155344,-0.2334141123167544,0,0.3586187731085387,0,0.27035127230841177,0,6,7,22,0
"HP ChromeBook 14b-na0005ns AMD Athlon Silver 3050C/4GB/64GB eMMC/14""",0,9,26,-1.1569462643485944,-1.4739409703687592,1,-0.9724089666359824,0,-1.0026052881297747,0,3,0,7,1
"MSI Pulse GL66 12UGK-465ES Intel Core i7-12700H/16GB/1TB SSD/RTX 3070/15.6""",0,14,86,0.05940999313155344,1.1178740723470364,0,0.3586187731085387,0,0.8629344987192917,2,6,12,24,0
"Microsoft Surface Laptop 5 Platino Intel Evo Core i7-1255U/16GB/512GB SSD/15"" Táctil",0,16,95,0.05940999313155344,-0.2334141123167544,0,-0.14051662929565653,1,0.840986971815185,2,3,12,7,1
"Razer Blade 15 Advanced Model QHD Intel Core i7-11800H/16 GB/1TB SSD/RTX 3070/15.6""",0,21,22,0.05940999313155344,1.1178740723470364,0,0.3586187731085387,0,1.6321953167082301,2,6,12,24,0
"Razer Blade 15 OLED QHD Intel Core i9-12900H/16GB/1TB SSD/RTX 3070Ti/15.6""",0,21,22,0.05940999313155344,1.1178740723470364,0,0.3586187731085387,0,2.6187366510478247,2,6,13,24,0
"Razer Blade 17 FullHD 360Hz Intel Core i7-12800H/32GB/1TB SSD/RTX 3080Ti/17.3""",0,21,22,1.681218336438417,1.1178740723470364,0,1.7728357465870934,0,3.2782488607527775,2,6,12,25,0
"Samsung Galaxy Book2 Intel Core i5-1235U/8 GB/256GB SSD/15.6""",0,23,53,-0.7514941785218785,-0.9422866026321857,0,0.3586187731085387,0,-0.5087749590239227,2,3,11,7,1
"Samsung Galaxy Book2 Pro Intel Evo Core i5-1240P/16GB/512GB SSD/13.3""",0,23,53,0.05940999313155344,-0.2334141123167544,0,-1.5547336027742098,0,0.03990223981529183,2,3,11,7,1
"Samsung Galaxy Book3 Pro Intel Evo Core i7-1360P/16GB/512GB SSD/16"" + Microsoft 365 Personal 12 Meses Descarga Digital",0,23,53,0.05940999313155344,-0.2334141123167544,0,0.6913757080446693,0,0.8102494603859834,2,3,12,7,1
"HP ZBook Firefly 16 G9 Intel Core i7-1265U/32GB/1TB SSD/QUADRO T500/16""",0,9,119,1.681218336438417,1.1178740723470364,0,0.6913757080446693,0,0.9182422665176406,2,9,12,42,3
"Lenovo Yoga Slim 7 ProX 14IAH7 Intel Evo Core i7-12700H/16GB/512GB SSD/14.5""",0,13,118,0.05940999313155344,-0.2334141123167544,0,-0.5564627979658194,0,0.27254602499882247,2,3,12,7,1
"Acer ConceptD 7 Ezel CC715-72G-72AS Intel Core i7-11800H/32GB/1TB SSD/RTX 3080/15.6"" Táctil",0,0,28,1.681218336438417,1.1178740723470364,0,0.3586187731085387,1,2.609957640286182,2,6,12,25,0
"HP ProBook 650 G4 Intel Core i5-8250U/8GB/256GB SSD/15.6""",1,9,85,-0.7514941785218785,-0.9422866026321857,0,0.3586187731085387,0,-0.6942974039443363,2,3,11,7,1
"HP ZBook Studio G9 Intel Core i7-12700H/32GB/512GB SSD/RTX A1000/16""",0,9,119,1.681218336438417,-0.2334141123167544,0,0.6913757080446693,0,1.704797735707015,2,6,12,13,0
"Apple MacBook Air i5/4GB/128GB/13.3""",1,2,65,-1.1569462643485944,-1.2967228477899013,0,-1.5547336027742098,0,-1.112342922650308,2,3,11,7,1
"Lenovo ThinkPad E15 Gen 2 Intel Core i7-1165G7/16GB/512GB SSD/15.6""",1,13,102,0.05940999313155344,-0.2334141123167544,0,0.3586187731085387,0,-0.3717346010346807,2,3,12,7,1
"Microsoft Surface Pro 9 Platino Intel Evo Core i5-1235U/16GB/256GB SSD/13"" Táctil",0,16,96,0.05940999313155344,-0.9422866026321857,0,-1.8043013039763083,1,0.5106766919083797,2,3,11,7,1
"Samsung Galaxy Book3 360 Intel Evo Core i5/16GB/512GB SSD/13.3"" Táctil + Microsoft 365 Personal 12 Meses Descarga Digital",0,23,53,0.05940999313155344,-0.2334141123167544,0,-1.5547336027742098,1,0.27254602499882247,2,3,11,7,1
"Apple MacBook Air i5/8GB/128GB/13.3"" Plata",1,2,65,-0.7514941785218785,-1.2967228477899013,0,-1.5547336027742098,0,-1.0764038473448334,2,3,11,7,1
"Razer Blade 16 QHD+ Intel Core i9-13950HX/32GB/1TB SSD/RTX 4080/16""",0,21,22,1.681218336438417,1.1178740723470364,0,0.6913757080446693,0,3.168423436124628,2,6,13,29,0
"HP 15S-FQ3012NS Intel Celeron N4500/8GB/512GB SSD/15.6""",0,9,4,-0.7514941785218785,-0.2334141123167544,0,0.3586187731085387,0,-1.010286922546212,2,3,1,7,1
"Samsung Galaxy Book2 Business Intel Core i7-1260P/16GB/512GB SSD/14""",0,23,53,0.05940999313155344,-0.2334141123167544,0,-0.9724089666359824,0,0.3142463261166251,2,3,12,7,1
"ASUS ExpertBook B1 B1502CBA-EJ0433 Intel Core i3-1215U/8GB/256GB SSD/15.6""",0,3,42,-0.7514941785218785,-0.9422866026321857,0,0.3586187731085387,0,-0.951039573668576,2,3,10,7,1
"Deep Gaming Nubian 17 Intel Core i7-13700H/32GB/1TB SSD/RTX 3050/17.3""",0,4,75,1.681218336438417,1.1178740723470364,0,1.7728357465870934,0,0.2593884826198105,2,6,12,22,0
"HP Essential 250 G8 Intel Core i3-1115G4/8GB/256GB SSD/15.6""",0,9,7,-0.7514941785218785,-0.9422866026321857,0,0.3586187731085387,0,-0.528407021839646,2,3,10,7,1
"HP ProBook 440 G9 Intel Core i5-1235U/8GB/256GB SSD/14""",0,9,85,-0.7514941785218785,-0.9422866026321857,0,-0.9724089666359824,0,-0.48668477319493936,2,3,11,7,1
"Lenovo V15 IIL Intel Core i3-1005G1/8GB/512GB SSD/15.6""",0,13,108,-0.7514941785218785,-0.2334141123167544,0,0.3586187731085387,0,-0.5915281092158569,2,3,10,7,1
"MSI Katana GF66 12UC-873XES Intel Core i5-12450H/16GB/512GB SSD/RTX 3050/15.6""",0,14,58,0.05940999313155344,-0.2334141123167544,0,0.3586187731085387,0,-0.48018830523132383,2,6,11,22,0
"MSI Pulse GL66 12UEK-034ES Intel Core i7-12700H/32GB/1TB SSD/RTX 3060/15.6""",0,14,86,1.681218336438417,1.1178740723470364,0,0.3586187731085387,0,0.9925017237976855,2,6,12,23,0
"Dell Vostro 5620 Intel Core i7-1260P/16GB/512GB SSD/16""",0,5,115,0.05940999313155344,-0.2334141123167544,0,0.6913757080446693,0,-0.24155284520297204,2,3,12,7,1
"ASUS F515EA-BQ3062X Intel Core i3-1115G4/8GB/512GB SSD/15.6""",0,3,46,-0.7514941785218785,-0.2334141123167544,0,0.3586187731085387,0,-0.8362430341966461,2,3,10,7,1
"HP 15S-EQ1137NS AMD Athlon Silver 3050U/8GB/256GB SSD/15.6""",0,9,4,-0.7514941785218785,-0.9422866026321857,0,0.3586187731085387,0,-1.0113623513645134,0,3,0,7,1
"HP 15S-EQ1148NS AMD Athlon Silver 3050U/8GB/512GB/15.6""",0,9,4,-0.7514941785218785,-0.2334141123167544,0,0.3586187731085387,0,-0.9949236537133374,0,3,0,7,1
"HP 15S-EQ1160NS AMD 3020e/4GB/128GB SSD/15.6""",0,9,4,-1.1569462643485944,-1.2967228477899013,0,0.3586187731085387,0,-1.0215240563211145,0,3,3,7,1
"HP 15S-FQ4104NS Intel Core i5-1155G7/8GB/256GB SSD/15.6""",0,9,4,-0.7514941785218785,-0.9422866026321857,0,0.3586187731085387,0,-0.8974656604956518,2,3,11,7,1
"HP EliteBook 840 G8 Intel Core i5-1135G7/8 GB/256GB SSD/14""",0,9,38,-0.7514941785218785,-0.9422866026321857,0,-0.9724089666359824,0,-0.6166251062307028,2,3,11,7,1
"HP Victus 16-e1017ns AMD Ryzen 5 6600H/16GB/512GB SSD/RTX 3050/16.1""",0,9,112,0.05940999313155344,-0.2334141123167544,0,0.774564941778703,0,-0.21139694323672947,0,6,7,22,0
"Lenovo ThinkPad L15 Gen 2 Intel Core i5-1145G7/16GB/256GB SSD/15.6""",0,13,102,0.05940999313155344,-0.9422866026321857,0,0.3586187731085387,0,-0.3771007713627348,2,3,11,7,1
"Apple MacBook Air Intel Core i5/8GB/512GB SSD/13.3"" Plata",1,2,65,-0.7514941785218785,-0.2334141123167544,0,-1.5547336027742098,0,-0.45830662090792945,2,3,11,7,1
"MSI Raider GE78HX 13VI-063ES Intel Core i9-13980HX/64GB/2TB SSD/RTX 4090/17""",0,14,88,4.924835023052145,3.8869072376416898,0,1.5232680453849952,0,4.264801168855825,2,6,13,30,0
"Medion Classmate Pro E14409 MD62157 Intel Core i3-1005G1/4GB/128GB SSD/14""",0,15,27,-1.1569462643485944,-1.2967228477899013,0,-0.9724089666359824,0,-1.1402053080550714,2,3,10,7,1
"Lenovo V15 G2 ALC AMD Ryzen 7-5700U/8GB/256GB SSD/15.6""",0,13,108,-0.7514941785218785,-0.9422866026321857,0,0.3586187731085387,0,-0.7502197024960001,0,3,8,7,1
"HP Victus 16-E0073NS AMD Ryzen 7 5800H/8GB/512GB SSD/RX 5500M/16.1""",0,9,112,-0.7514941785218785,-0.2334141123167544,0,0.774564941778703,0,-0.36283487887506544,0,8,8,38,3
"Acer Aspire 3 A315-56-519X Intel Core i5-1035G1/8GB/256GB SSD/15.6""",0,0,19,-0.7514941785218785,-0.9422866026321857,0,0.3586187731085387,0,-0.9193583185824981,2,3,11,7,1
"Asus ZenBook Flip 13 UX363JA-EM189T Intel Core i5-1035G4/16GB/512GB SSD/13.3"" Táctil",1,3,120,0.05940999313155344,-0.2334141123167544,0,-1.5547336027742098,1,-0.6960093110428567,2,3,11,7,1
"Dell Vostro 3420 Intel Core i5-1135G7/8GB/256GB SSD/14"" (PT)",0,5,115,-0.7514941785218785,-0.9422866026321857,0,-0.9724089666359824,0,-0.6751920817743114,2,3,11,7,1
"Lenovo IdeaPad Flex 5 14ITL05 Intel Core i5-1135G7/8GB/512GB SSD/14"" Táctil",1,13,56,-0.7514941785218785,-0.2334141123167544,0,-0.9724089666359824,1,-0.5636547500476414,2,3,11,7,1
"ASUS VivoBook Flip 14 TP401MA-EC448W Intel Celeron N4020/4GB/256GB SSD/14"" Táctil",0,3,113,-1.1569462643485944,-0.9422866026321857,0,-0.9724089666359824,1,-1.0036916907115279,2,3,1,7,1
"Asus Chromebook C204MA-GJ0342 Intel Celeron N4020/4GB/32GB eMMC/11.6""",0,3,26,-1.1569462643485944,-1.562550031658188,1,-2.9689505762527646,0,-1.1779111592763267,2,3,1,7,1
"HP 15S-EQ1126NS AMD Athlon Silver 3050U/8GB/256GB SSD/15.6""",0,9,4,-0.7514941785218785,-0.9422866026321857,0,0.3586187731085387,0,-1.0187696416946492,0,3,0,7,1
"HP 255 G7 AMD Ryzen 3 3200U/8 GB/256GB SSD/15.6""",0,9,8,-0.7514941785218785,-0.9422866026321857,0,0.3586187731085387,0,-0.8300757791365921,0,3,6,7,1
"Lenovo 100e Intel Celeron N4000/4GB/128GB SSD/11.6""",0,13,0,-1.1569462643485944,-1.2967228477899013,0,-2.9689505762527646,0,-1.056376729044836,2,3,1,7,1
"Lenovo ThinkPad P16s Gen 1 Intel Core i7-1260P/32GB/1TB SSD/Quadro T550/16""",0,13,102,1.681218336438417,1.1178740723470364,0,0.6913757080446693,0,1.3852856390370303,2,9,12,43,3
"Lenovo Thinkpad P17 Gen 2 Intel Core i7-11850H/32GB/1TB SSD/RTX A3000/17.3""",0,13,102,1.681218336438417,1.1178740723470364,0,1.7728357465870934,0,2.3969129966280187,2,6,12,15,0
"MSI Katana 17 B13VEK-298ES Intel Core i7-13620H/16GB/1TB SSD/RTX 4050/17.3""",0,14,58,0.05940999313155344,1.1178740723470364,0,1.7728357465870934,0,0.20183109331379073,2,6,12,26,0
"Microsoft Surface Go 3 Business 4G LTE Intel Core i3-10100Y/8 GB/128GB SSD/10.5"" Táctil Platino",0,16,94,-0.7514941785218785,-1.2967228477899013,0,-3.884032147327123,1,-0.5037489753628822,2,3,10,7,1
"Vant Moove3-14 Intel Core i5-1135G7/16GB/500GB SSD/14""",0,26,69,0.05940999313155344,-0.26664251030029024,0,-0.9724089666359824,0,-0.7315643046275094,2,3,11,7,1
"MSI Pulse GL66 12UEK-086XES Intel Core i7-12700H/16GB/1TB SSD/RTX 3060/15.6""",1,14,86,0.05940999313155344,1.1178740723470364,0,0.3586187731085387,0,0.3691151433768918,2,6,12,23,0
"Asus F515JA-BR1164T Intel Core i3-1005G1/8GB/256GB SSD/15.6""",0,3,46,-0.7514941785218785,-0.9422866026321857,0,0.3586187731085387,0,-0.7267687699989621,2,3,10,7,1
"Lenovo ThinkBook 13s G4 Intel Core i5-1240P/16GB/512GB SSD/13.3""",0,13,101,0.05940999313155344,-0.2334141123167544,0,-1.5547336027742098,0,-0.0022260380771410176,2,3,11,7,1
"ASUS ExpertBook B1 B1502CBA-EJ0426X Intel Core i7-1255U/16GB/512GB SSD/15.6""",0,3,42,0.05940999313155344,-0.2334141123167544,0,0.3586187731085387,0,-0.3973693124586773,2,3,12,7,1
"Asus ROG Zephyrus M GU603HR-K8009T Intel Core i7-11800H/32GB/1TB SSD/RTX 3070/16""",1,3,87,1.681218336438417,1.1178740723470364,0,0.6913757080446693,0,1.4116226713219584,2,6,12,24,0
"HP 250 G9 Intel Celeron N4500/8GB/256GB SSD/15.6""",0,9,7,-0.7514941785218785,-0.9422866026321857,0,0.3586187731085387,0,-1.0479927737674672,2,3,1,7,1
"HP 250 G9 Intel Core i3-1215U/8GB/256GB SSD/15.6""",0,9,7,-0.7514941785218785,-0.9422866026321857,0,0.3586187731085387,0,-0.7446669781892612,2,3,10,7,1
"HP EliteBook 860 G9 Intel Core i7-1255U/32GB/1TB SSD/16""",0,9,38,1.681218336438417,1.1178740723470364,0,0.6913757080446693,0,0.4638735907853722,2,3,12,7,1
"Alurin Flex Advance Intel Core i5-1155G7/16GB/500GB SSD/14"" + Windows 11 Home",0,1,48,0.05940999313155344,-0.26664251030029024,0,-0.9724089666359824,0,-0.750197754969096,2,3,11,7,1
"Lenovo ThinkPad T480s Intel Core i7-8565U/8GB/256GB SSD/14""",1,13,102,-0.7514941785218785,-0.9422866026321857,0,-0.9724089666359824,0,-0.6591813608977656,2,3,12,7,1
"Apple MacBook Air Intel Core i5/8GB/128GB SSD/13"" Plata",1,2,65,-0.7514941785218785,-1.2967228477899013,0,-1.8043013039763083,0,-1.0111977449127323,2,3,11,7,1
"Lenovo IdeaPad Flex 5 14ALC05 AMD Ryzen 7 5700U/16GB/512GB SSD/14""",0,13,56,0.05940999313155344,-0.2334141123167544,0,-0.9724089666359824,0,-0.27943427663946013,0,3,8,7,1
"MSI Creator Z17 HX Studio A13VGT-044ES Intel Core i9-13950HX/32GB/1TB SSD/RTX 4070/17"" Táctil",0,14,29,1.681218336438417,1.1178740723470364,0,1.5232680453849952,1,2.0440955278810518,2,6,13,28,0
"MSI Katana 17 B13VEK-294XES Intel Core i7-13620H/16GB/1TB SSD/RTX 4050/17.3""",0,14,58,0.05940999313155344,1.1178740723470364,0,1.7728357465870934,0,0.20183109331379073,2,6,12,26,0
"Lenovo IdeaPad D330-10IGM Intel Celeron N4000/4GB/64GB eMMC/10.1"" Táctil",0,13,56,-1.1569462643485944,-1.4739409703687592,1,-4.216789082263253,1,-1.0849085140201746,2,3,1,7,1
"Microsoft Surface Laptop 5 Negro Intel Evo Core i7-1265U/16GB/512GB SSD/15"" Táctil",0,16,95,0.05940999313155344,-0.2334141123167544,0,-0.14051662929565653,1,1.094480907557617,2,3,12,7,1
"Microsoft Surface Laptop Studio Intel Core i7-11370H/32GB/1TB SSD/RTX 3050Ti/14.4"" Táctil Platino",0,16,95,1.681218336438417,1.1178740723470364,0,-0.6396520316998517,1,1.631097940363025,2,6,12,22,0
"HP 15S-eq2093ns AMD Ryzen 3 5300U/8GB/512GB SSD/15.6""",0,9,4,-0.7514941785218785,-0.2334141123167544,0,0.3586187731085387,0,-0.9242087220283056,0,3,6,7,1
"Lenovo Legion Pro 7 16IRX8H Intel Core i9-13900HX/32GB/1TB SSD/RTX 4080/16""",0,13,61,1.681218336438417,1.1178740723470364,0,0.6913757080446693,0,3.5863262959057227,2,6,13,29,0
"Lenovo V14 Intel Core i3-10110U/8GB/256GB SSD/14""",0,13,107,-0.7514941785218785,-0.9422866026321857,0,-0.9724089666359824,0,-0.9087796106147187,2,3,10,7,1
"ASUS VivoBook F1500EA-EJ3066W Intel Core i7-1165G7/8GB RAM/512GB SSD/15.6""",0,3,113,-0.7514941785218785,-0.2334141123167544,0,0.3586187731085387,0,-0.7545982341133693,2,3,12,7,1
"ASUS ZenBook 14 UM3402YA-KP287 AMD Ryzen 5 5625U/16GB/512GB SSD/14""",0,3,120,0.05940999313155344,-0.2334141123167544,0,-0.9724089666359824,0,-0.5487194579893968,0,3,7,7,1
"ASUS ProArt StudioBook Pro 16 OLED W7600Z3A-L2022X Intel Core i7-12700H/32GB/1TB SSD/RTX A3000/16""",0,3,84,1.681218336438417,1.1178740723470364,0,0.6913757080446693,0,1.6826746285876757,2,6,12,15,0
"Acer Predator Helios 300 PH315-54 Intel Core i7-11800H/16GB/1TB SSD/RTX 3070/15.6""",0,0,82,0.05940999313155344,1.1178740723470364,0,0.3586187731085387,0,0.5885904124179584,2,6,12,24,0
"Dell Latitude 5330 Intel Core i5-1235U/16GB/512GB SSD/13.3""",0,5,60,0.05940999313155344,-0.2334141123167544,0,-1.5547336027742098,0,-0.26463066974264016,2,3,11,7,1
"Dell Latitude 7490 Intel Core i5-8350U/8GB/512GB SSD/14""",1,5,60,-0.7514941785218785,-0.2334141123167544,0,-0.9724089666359824,0,-0.6733923845681747,2,3,11,7,1
"Lenovo ThinkPad P15 Gen 1 Intel Core i7-10750H/16GB/512GB SSD/Quadro T2000/15.6""",0,13,102,0.05940999313155344,-0.2334141123167544,0,0.3586187731085387,0,0.39217102038965584,2,9,12,41,3
"Asus VivoBook F1605PA-MB145 Intel Core i5-11300H/8GB/256GB SSD/16""",0,3,113,-0.7514941785218785,-0.9422866026321857,0,0.6913757080446693,0,-0.9248013052547166,2,3,11,7,1
"Acer Nitro 5 AN517-54-9875 Intel Core i9-11900H/16GB/512GB SSD/RTX 3060/17.3""",0,0,73,0.05940999313155344,-0.2334141123167544,0,1.7728357465870934,0,0.20087637589346222,2,6,13,23,0
"Alurin Go Start Intel Celeron N4020/8GB/256GB SSD/14"" + Windows 11 Home",0,1,54,-0.7514941785218785,-0.9422866026321857,0,-0.9724089666359824,0,-1.0684478688420946,2,3,1,7,1
"Asus ROG Zephyrus G15 GA503QR-HQ007T AMD Ryzen 7 5800HS/16GB/1TB SSD/RTX 3070/15.6""",1,3,87,0.05940999313155344,1.1178740723470364,0,0.3586187731085387,0,0.31534370246183047,0,6,8,24,0
"HP 15S-FQ4089NS Intel Core i5-1155G7/16GB/512GB SSD/15.6""",0,9,4,0.05940999313155344,-0.2334141123167544,0,0.3586187731085387,0,-0.6858585798497073,2,3,11,7,1
"LG Gram UltraSlim 15Z90RT-G.AA75B Intel Evo Core i7-1360P/16GB/512GB SSD/15"" OLED",0,12,55,0.05940999313155344,-0.2334141123167544,0,-0.14051662929565653,0,0.9472459233214173,2,3,12,7,1
"Lenovo ThinkPad L13 Gen 2 AMD Ryzen 5 Pro 5650U/8GB/256GB SSD/13.3""",0,13,102,-0.7514941785218785,-0.9422866026321857,0,-1.5547336027742098,0,-0.5636547500476414,0,3,7,7,1
"ASUS ExpertBook B5 Flip B5402FEA-HY0119X Intel Core i5-1155G7/16GB/512GB SSD/14"" Táctil",0,3,42,0.05940999313155344,-0.2334141123167544,0,-0.9724089666359824,1,-0.12470421196550814,2,3,11,7,1
"Dell Latitude 5510 Intel Core i5-10210U/8GB/256GB SSD/15.6""",1,5,60,-0.7514941785218785,-0.9422866026321857,0,0.3586187731085387,0,-0.34417948100657475,2,3,11,7,1
"HP 15S-EQ2131NS AMD Ryzen 3 5300U/8GB/256GB SSD/15.6""",0,9,4,-0.7514941785218785,-0.9422866026321857,0,0.3586187731085387,0,-1.0109343745898831,0,3,6,7,1
"HP 255 G9 AMD Ryzen 5 5625U/8GB/512GB SSD/15.6""",0,9,8,-0.7514941785218785,-0.2334141123167544,0,0.3586187731085387,0,-0.8939650299544467,0,3,7,7,1
"HP ProBook 450 G9 Intel Core i5-1235U/8GB/256GB SSD/15.6""",0,9,85,-0.7514941785218785,-0.9422866026321857,0,0.3586187731085387,0,-0.5017736979415127,2,3,11,7,1
"Lenovo Legion 5 15IAH7H Intel Core i7-12700H/16GB/512GB SSD/RTX 3060/15.6""",0,13,61,0.05940999313155344,-0.2334141123167544,0,0.3586187731085387,0,0.5677402618590571,2,6,12,23,0
"Lenovo ThinkPad E14 Gen 4 Intel Core i5-1235U/8GB/256GB SSD/14""",0,13,102,-0.7514941785218785,-0.9422866026321857,0,-0.9724089666359824,0,-0.3123555669956201,2,3,11,7,1
"Lenovo ThinkPad P15v Gen 3 Intel Core i7-12700H/16GB/512GB SSD/Quadro T600/15.6""",0,13,102,0.05940999313155344,-0.2334141123167544,0,0.3586187731085387,0,1.0406984928791034,2,9,12,44,3
"Lenovo Yoga 7 14ARB7 AMD Ryzen 7 6800U/16GB/512GB SSD/14"" Táctil",0,13,118,0.05940999313155344,-0.2334141123167544,0,-0.9724089666359824,1,0.1375687345385665,0,3,8,7,1
"Prixton Netbook Pro Intel Celeron N4020/4GB/128GB/15.6""",0,20,72,-1.1569462643485944,-1.2967228477899013,0,0.3586187731085387,0,-1.1694613614182456,2,3,1,7,1
"Apple MacBook Pro Intel Core i5 1.4GHz/8GB/256GB SSD/13.3"" Plata",1,2,66,-0.7514941785218785,-0.9422866026321857,0,-1.5547336027742098,0,-0.6073303285868136,2,3,11,7,1
"ASUS ExpertBook P1412CEA-EK0298XA Intel Core i3-1115G4/8GB/256GB SSD/14""",0,3,42,-0.7514941785218785,-0.9422866026321857,0,-0.9724089666359824,0,-0.8795564785419007,2,3,10,7,1
"ASUS VivoBook 16 F1605PA-MB104 Intel Core i5-11300H/8GB/512GB SSD/16""",0,3,113,-0.7514941785218785,-0.2334141123167544,0,0.6913757080446693,0,-0.891770277264036,2,3,11,7,1
"Acer Extensa 15 EX215-22-R3V0 AMD Ryzen 5 3500U/8GB/256GB SSD/15.6""",0,0,43,-0.7514941785218785,-0.9422866026321857,0,0.3586187731085387,0,-0.9587102343215613,0,3,7,7,1
"Dell Vostro 15 AMD Ryzen 5 5625U/8GB/256GB SSD/15.6""",1,5,115,-0.7514941785218785,-0.9422866026321857,0,0.3586187731085387,0,-0.8588599606713281,0,3,7,7,1
"MSI Vector GP77 13VG-068XPT Intel Core  i7-13700H/32GB/1TB SSD/RTX4070/17.3"" (PT)",0,14,111,1.681218336438417,1.1178740723470364,0,1.7728357465870934,0,1.4791661853693467,2,6,12,28,0
"Lenovo V15 G2-ITL Intel Core i5-1135G7/8GB/512GB SSD/15.6""",0,13,108,-0.7514941785218785,-0.2334141123167544,0,0.3586187731085387,0,-0.5513641349813416,2,3,11,7,1
"Lenovo ThinkPad L13 Gen 2 Intel Core i5-1135G7/8GB/256GB SSD/13.3""",1,13,102,-0.7514941785218785,-0.9422866026321857,0,-1.5547336027742098,0,-0.3338970646520008,2,3,11,7,1
"HP 15S-FQ4074NS Intel Core  i5-1155G7/8GB/1TB SSD/15.6""",0,9,4,-0.7514941785218785,1.1178740723470364,0,0.3586187731085387,0,-0.6558343630448894,2,3,11,7,1
"ASUS ZenBook 14 UM3402YA-KP286 AMD Ryzen 5 5625U/8GB/512GB SSD/14""",0,3,120,-0.7514941785218785,-0.2334141123167544,0,-0.9724089666359824,0,-0.6114125685909775,0,3,7,7,1
"Dell Vostro 5320 Intel Evo Core i7-1260P/16GB/512GB SSD/13.3""",0,5,115,0.05940999313155344,-0.2334141123167544,0,-1.5547336027742098,0,-0.10604881409701748,2,3,12,7,1
"Lenovo ThinkPad P1 Gen 3 Intel Core i7-10750H/16GB/512GB SSD/Quadro T1000/15.6""",0,13,102,0.05940999313155344,-0.2334141123167544,0,0.3586187731085387,0,0.5973694231796011,2,9,12,39,3
"Apple MacBook Pro Apple M1 Pro/16GB/1TB SSD/14.2"" Gris Espacial",1,2,66,0.05940999313155344,1.1178740723470364,0,-0.8060304991679178,0,1.5762291231027583,1,3,2,7,1
"ASUS Chromebook CX9400CEA-KC0172 Intel Core i5-1135G7/8GB/256GB SSD/14""",0,3,26,-0.7514941785218785,-0.9422866026321857,0,-0.9724089666359824,0,-0.185575677834048,2,3,11,7,1
ASUS F515EA Intel Core i5-1135G7/12GB/512GB SSD/15.6'' (PT),0,3,46,-0.3460420926951625,-0.2334141123167544,0,0.3586187731085387,0,-0.5353643878682479,2,3,11,7,1
"ASUS TUF Gaming A15 TUF507NV-LP042 AMD Ryzen 7 7735HS/16GB/1TB SSD/RTX 4060/15.6""",0,3,98,0.05940999313155344,1.1178740723470364,0,0.3586187731085387,0,0.02454994474586921,0,6,8,27,0
"Dell Vostro 3510 Intel Core i7-1165G7/16GB/512GB SSD/15.6""",1,5,115,0.05940999313155344,-0.2334141123167544,0,0.3586187731085387,0,-0.4175390896835513,2,3,12,7,1
"HP 15S-FQ3001NS Intel Celeron N4500/4GB/128GB SSD/15.6""",0,9,4,-1.1569462643485944,-1.2967228477899013,0,0.3586187731085387,0,-1.0065558429725139,2,3,1,7,1
"HP 15S-eq2126ns AMD Ryzen 3 5300U/8GB/256GB SSD/15.6""",0,9,4,-0.7514941785218785,-0.9422866026321857,0,0.3586187731085387,0,-0.8599463632530814,0,3,6,7,1
"HP EliteBook 830 G9 Intel Core i5-1235U/16GB/512GB SSD/13.3""",0,9,38,0.05940999313155344,-0.2334141123167544,0,-1.5547336027742098,0,0.06876323769419204,2,3,11,7,1
"Lenovo 100w Gen 3 AMD 3015e/4GB/128GB eMMC/11.6""",0,13,1,-1.1569462643485944,-1.2967228477899013,1,-2.9689505762527646,0,-1.0048000408201854,0,3,3,7,1
"Lenovo IdeaPad 3 Gen 7 AMD Ryzen 7 5825U/16GB/512GB SSD/17.3""",0,13,56,0.05940999313155344,-0.2334141123167544,0,1.7728357465870934,0,-0.19280738794895105,0,3,8,7,1
"Lenovo ThinkPad T14 Gen 3 Intel Core i7-1260P/16GB/512GB SSD/14""",0,13,102,0.05940999313155344,-0.2334141123167544,0,-0.9724089666359824,0,0.6133911178195989,2,3,12,7,1
"Medion Akoya E15301 AMD Ryzen 5 3500U/8 GB/256 GB SSD/15.6""",0,15,15,-0.7514941785218785,-0.9422866026321857,0,0.3586187731085387,0,-1.0015188855480215,0,3,7,7,1
"Primux IoxBook 15R3A AMD Ryzen 3-3200U/8GB/256GB SSD/15.6""",0,19,57,-0.7514941785218785,-0.9422866026321857,0,0.3586187731085387,0,-0.7826800947871739,0,3,6,7,1
"HP 255 G8 AMD Ryzen 5 5500U/16 GB/512 GB SSD/15.6""",0,9,8,0.05940999313155344,-0.2334141123167544,0,0.3586187731085387,0,-0.7875085507060773,0,3,7,7,1
"Lenovo IdeaPad Duet 3 Chrome 11Q727 Qualcomm Snapdragon 7c Gen 2/8GB/128GB eMMC/10.95"" Táctil",0,13,56,-0.7514941785218785,-1.2967228477899013,1,-3.5096805955239767,1,-0.8577516105626707,5,3,2,7,1
"Lenovo V15 G2 ITL Intel Core i7-1165G7/8GB/512GB SSD/15.6""",0,13,108,-0.7514941785218785,-0.2334141123167544,0,0.3586187731085387,0,-0.6624186211161214,2,3,12,7,1
"ASUS ROG Flow X16 GV601RW-M5041W AMD Ryzen 9 6900HS/32GB/1TB SSD/RTX 3070Ti/16"" Táctil",1,3,87,1.681218336438417,1.1178740723470364,0,0.6913757080446693,1,2.1797861129656915,0,6,9,24,0
"Apple MacBook Pro Intel Core i5/16Gb/512GB SSD/13.3"" Gris Espacial",1,2,66,0.05940999313155344,-0.2334141123167544,0,-1.5547336027742098,0,-0.011081865182947986,2,3,11,7,1
"Apple Macbook Pro Intel Core i7/16GB/512GB SSD/Radeon Pro 5300M/16"" Plata",1,2,66,0.05940999313155344,-0.2334141123167544,0,0.6913757080446693,0,-0.24026891487908172,2,8,12,37,3
"Lenovo Legion Pro 5 16IRX8 Intel Core i7-13700HX/32GB/1TB SSD/RTX 4060/16""",0,13,61,1.681218336438417,1.1178740723470364,0,0.6913757080446693,0,0.9726831070032773,2,6,12,27,0
"ASUS ExpertBook B1 B1402CBA-EB0822X Intel Core i5-1235U/16GB/512GB SSD/14""",0,3,42,0.05940999313155344,-0.2334141123167544,0,-0.9724089666359824,0,-0.5497400179904378,2,3,11,7,1
"Asus VivoBook S15 S533FA-BQ108T Intel Core i5-10210U/8GB/256GB SSD/15.6""",0,3,113,-0.7514941785218785,-0.9422866026321857,0,0.3586187731085387,0,-0.7392349652804947,2,3,11,7,1
"Dell Latitude 5330 Intel Core i7-1265U/16GB/512GB SSD/13.3""",0,5,60,0.05940999313155344,-0.2334141123167544,0,-1.5547336027742098,0,-0.050642282427600195,2,3,12,7,1
"HP 15S-EQ2085NS AMD Ryzen 5 5500U/8GB/512GB SSD/15.6""",0,9,4,-0.7514941785218785,-0.2334141123167544,0,0.3586187731085387,0,-0.8517379881909455,0,3,7,7,1
"HP 15S-FQ4107NS Intel Core i5-1155G7/8GB/512GB SSD/15.6""",0,9,4,-0.7514941785218785,-0.2334141123167544,0,0.3586187731085387,0,-0.8347067073133587,2,3,11,7,1
PcCom Revolt 4060 Intel Core i7-13700H/16GB/1TB SSD/RTX 4060/15.6,0,18,89,0.05940999313155344,1.1178740723470364,0,0.3586187731085387,0,0.5347092338683767,2,6,12,27,0
"Apple Macbook Pro Intel Core i9/32GB/2TB SSD/Radeon Pro 5500M/16"" Gris Espacial",1,2,66,1.681218336438417,3.8869072376416898,0,0.6913757080446693,0,1.5828133811739902,2,8,13,38,3
"HP Pavilion 15-EH1007NS AMD Ryzen 5 5500U/16GB/512GB SSD/15.6""",0,9,79,0.05940999313155344,-0.2334141123167544,0,0.3586187731085387,0,-0.704107948470472,0,3,7,7,1
"Microsoft Surface Pro 7 Intel Core i5-1035G4/8GB/256 GB SSD/12.3"" Platino",1,16,96,-0.7514941785218785,-0.9422866026321857,0,-2.3866259401145355,0,-0.4901305349188841,2,3,11,7,1
"Samsung Chromebook 4 XE310XBA-K01ES Intel Celeron N4000/4GB/32GB eMMC/11.6""",0,23,26,-1.1569462643485944,-1.562550031658188,1,-2.9689505762527646,0,-1.0389284451560712,2,3,1,7,1
"Acer Extensa 15 EX215-52-53XM Intel Core i5-1035G1/8GB/256GB SSD/15.6""",0,0,43,-0.7514941785218785,-0.9422866026321857,0,0.3586187731085387,0,-0.8979704536144462,2,3,11,7,1
"MSI Prestige 16 A12UD-221XES Intel Core i7-1280P/16GB/1TB SSD/RTX 3050Ti/16"" + M31 Ratón Óptico 3600DPI",0,14,83,0.05940999313155344,1.1178740723470364,0,0.6913757080446693,0,0.6577360959293465,2,6,12,22,0
"ASUS VivoBook 17 F1704VA-AU080W Intel Core i5-1335U/16GB/512GB SSD/17.3""",0,3,113,0.05940999313155344,-0.2334141123167544,0,1.7728357465870934,0,-0.4943115387941163,2,3,11,7,1
"Apple MacBook Pro Intel Core i5/8GB/512GB SSD/13"" Plata",1,2,66,-0.7514941785218785,-0.2334141123167544,0,-1.8043013039763083,0,-0.5010165082633209,2,3,11,7,1
"HP 15S-EQ2101NS AMD Ryzen 5 5500U/8GB/256GB SSD/15.6""",0,9,4,-0.7514941785218785,-0.9422866026321857,0,0.3586187731085387,0,-0.9156272390087999,0,3,7,7,1
"HP 15S-EQ2110NS AMD Ryzen 3 5300U/8GB/512GB SSD/15.6""",0,9,4,-0.7514941785218785,-0.2334141123167544,0,0.3586187731085387,0,-0.9955930532839126,0,3,6,7,1
"HP 15S-FQ4102NS Intel Core i7-1195G7/8GB/512GB SSD/15.6""",0,9,4,-0.7514941785218785,-0.2334141123167544,0,0.3586187731085387,0,-0.6342818916250567,2,3,12,7,1
"HP 255 G9 AMD Ryzen 5 5625U/8GB/512 GB SSD/15.6""",0,9,8,-0.7514941785218785,-0.2334141123167544,0,0.3586187731085387,0,-0.8835070333846399,0,3,7,7,1
"Lenovo ThinkBook 13s G4 IAP Intel Core i7-1260P/16GB/512GB SSD/13.3""",0,13,101,0.05940999313155344,-0.2334141123167544,0,-1.5547336027742098,0,-0.02682921573664442,2,3,12,7,1
"ASUS VivoBook Pro 15 OLED K3500PC-L1293 Intel Core i5-11300H/16 GB/512GB SSD/RTX 3050/15.6""",1,3,113,0.05940999313155344,-0.2334141123167544,0,0.3586187731085387,0,-0.23444184648604147,2,6,11,22,0
"Lenovo V15 G3 IAP Intel Core i7-1255U/8GB/512GB SSD/15.6""",0,13,108,-0.7514941785218785,-0.2334141123167544,0,0.3586187731085387,0,-0.4491983972427252,2,3,12,7,1
"Microsoft Surface Pro 9 Platino Intel Evo Core i5-1235U/8GB/256GB SSD/13"" Táctil",0,16,96,-0.7514941785218785,-0.9422866026321857,0,-1.8043013039763083,1,-0.020530275515165796,2,3,11,7,1
"Apple MacBook Air Intel Core i5 1.6GHz/8GB/256GB SSD/13.3"" Retina Plata",1,2,65,-0.7514941785218785,-0.9422866026321857,0,-1.5547336027742098,0,-0.7208429377348533,2,3,11,7,1
"Apple MacBook Air Intel Core i5/16GB/512GB SSD/13.3"" Dorado Rosa",1,2,65,0.05940999313155344,-0.2334141123167544,0,-1.5547336027742098,0,-0.4692913581234348,2,3,11,7,1
"Apple MacBook Pro Apple M1/8GB/256GB SSD/13.3"" Gris Espacial",1,2,66,-0.7514941785218785,-0.9422866026321857,0,-1.5547336027742098,0,-0.31042418462805876,1,3,2,7,1
"HP ProBook 430 G5 Intel Core i5-8250U/8GB/256GB SSD/13.3""",1,9,85,-0.7514941785218785,-0.9422866026321857,0,-1.5547336027742098,0,-0.9872420192969,2,3,11,7,1
"Dell Latitude 5530 Intel Core i7-1255U/16GB/512GB SSD/15.6""",0,5,60,0.05940999313155344,-0.2334141123167544,0,0.3586187731085387,0,0.023672043669704997,2,3,12,7,1
"Lenovo ThinkBook 16 G4+ IAP Intel Core i7-1255U/16GB/512GB SSD/16""",0,13,101,0.05940999313155344,-0.2334141123167544,0,0.6913757080446693,0,-0.08697641321734867,2,3,12,7,1
"Lenovo V17 G3 IAP Intel Core i5-1235U/16GB/512GB SSD/17.3""",0,13,109,0.05940999313155344,-0.2334141123167544,0,1.7728357465870934,0,-0.3434991076725475,2,3,11,7,1
"Samsung Chromebook Go Intel Celeron N4500/4GB/64GB eMMC/14""",0,23,26,-1.1569462643485944,-1.4739409703687592,1,-0.9724089666359824,0,-1.0352302868727292,2,3,1,7,1
"ASUS ROG Strix G17  G713PV-R97B46CB1 AMD Ryzen 9 7945HX/16GB/1TB SSD/RTX4060/17.3"" (PT)",0,3,87,0.05940999313155344,1.1178740723470364,0,1.7728357465870934,0,0.9771384549648109,0,6,9,27,0
"Asus Rog Strix G15 G513QY-HQ008 AMD Ryzen 9 5900HX/16GB/1TB SSD/RX6800M/15.6""",1,3,87,0.05940999313155344,1.1178740723470364,0,0.3586187731085387,0,-0.07028531900677576,0,3,9,7,1
"Apple MacBook Pro Intel Core i5 1.4GHz/8GB/256GB SSD/13.3"" Gris Espacial",1,2,66,-0.7514941785218785,-0.9422866026321857,0,-1.5547336027742098,0,-0.6073303285868136,2,3,11,7,1
"Lenovo ThinkPad P14s Gen 3 Intel Core i7-1260P/32GB/1TB SSD/Quadro T550/14""",0,13,102,1.681218336438417,1.1178740723470364,0,-0.9724089666359824,0,1.3457800906096382,2,9,12,43,3
"Acer Aspire 3 A317-53G-54LF Intel Core i5-1135G7/8GB/512GB SSD/MX350/17.3""",1,0,19,-0.7514941785218785,-0.2334141123167544,0,1.7728357465870934,0,-0.6577218503586426,2,3,11,7,1
"HP 15S-fq4015ns Intel Core i5-1155G7/8GB/512GB SSD/15.6""",0,9,4,-0.7514941785218785,-0.2334141123167544,0,0.3586187731085387,0,-0.858640485402287,2,3,11,7,1
"HP Victus 16-E0069NS AMD Ryzen 5 5600H/8GB/512GB SSD/GTX 1650/16.1""",0,9,112,-0.7514941785218785,-0.2334141123167544,0,0.774564941778703,0,-0.5126486975224975,0,2,7,5,2
MSI Katana 17 B13VFK-439PT Intel Core i7-13620H/16GB/1TB SSD/RTX 4060/17.3'' (PT),0,14,58,0.05940999313155344,1.1178740723470364,0,1.7728357465870934,0,0.6751075634739468,2,6,12,27,0
"ASUS F415EA-EK1464 Intel Core i3-1115G4/8GB/256GB SSD/14""",0,3,45,-0.7514941785218785,-0.9422866026321857,0,-0.9724089666359824,0,-0.9229028441775113,2,3,10,7,1
"ASUS VivoBook F515EA-BQ3013W Intel Core i5-1135G7/8GB/512GB/15.6""",0,3,113,-0.7514941785218785,-0.2334141123167544,0,0.3586187731085387,0,-0.8621411159434921,2,3,11,7,1
"Dell Latitude 5430 Intel Core i5-1235U/8GB/256GB SSD/14""",0,5,60,-0.7514941785218785,-0.9422866026321857,0,-0.9724089666359824,0,-0.30754905860362064,2,3,11,7,1
"Lenovo IdeaPad 5 14ALC05 AMD Ryzen 5 5500U/16GB/512 GB SSD/14""",0,13,56,0.05940999313155344,-0.2334141123167544,0,-0.9724089666359824,0,-0.618523567307908,0,3,7,7,1
"Lenovo V15 G2 ALC AMD Ryzen 5 5500U/8 GB/512GB SSD/15.6""",0,13,108,-0.7514941785218785,-0.2334141123167544,0,0.3586187731085387,0,-0.9587102343215613,0,3,7,7,1
"Lenovo V15 G3 IAP Intel Core i7-1255U/16GB/512GB SSD/15.6""",0,13,108,0.05940999313155344,-0.2334141123167544,0,0.3586187731085387,0,-0.4196350785028935,2,3,12,7,1
"MSI Katana GF66 12UGS-665XES Intel Core i7-12700H/32GB/1TB SSD/RTX3070Ti/15.6""",1,14,58,1.681218336438417,1.1178740723470364,0,0.3586187731085387,0,0.6434592296782251,2,6,12,24,0
"ASUS ExpertBook B1 B1500CEAE-EJ2824X Intel Core i5-1135G7/8GB/512GB SSD/15.6""",0,3,42,-0.7514941785218785,-0.2334141123167544,0,0.3586187731085387,0,-0.6799766426394067,2,3,11,7,1
"ASUS TUF Dash F15 TUF517ZM-HN078 Intel Core i7-12650H/16GB/512GB SSD/RTX 3060/15.6""",0,3,98,0.05940999313155344,-0.2334141123167544,0,0.3586187731085387,0,-0.2388313518668628,2,6,12,23,0
"ASUS VivoBook 13 Slate OLED T3300KA-LQ069W Intel Pentium Silver N6000/8 GB/128GB SSD/13.3"" Táctil",0,3,113,-0.7514941785218785,-1.2967228477899013,0,-1.5547336027742098,1,-0.6174371647261547,2,3,5,7,1
"Acer Aspire 5 A514-54G-59FU Intel Core i5-1135G7/8GB/512GB SSD/MX350/14""",0,0,19,-0.7514941785218785,-0.2334141123167544,0,-0.9724089666359824,0,-0.5959395621235822,2,3,11,7,1
"Acer Extensa 15 EX215-52-59MA Intel Core i5-1035G1/8GB/256GB SSD/15.6""",0,0,43,-0.7514941785218785,-0.9422866026321857,0,0.3586187731085387,0,-0.8568737094865064,2,3,11,7,1
"Acer Extensa 15 EX215-54-51HW Intel Core i5-1135G7/8GB/256GB SSD/15.6""",0,0,43,-0.7514941785218785,-0.9422866026321857,0,0.3586187731085387,0,-0.8589587245423966,2,3,11,7,1
"Lenovo IdeaPad 3 14ALC6 AMD Ryzen 5 5500U/8 GB/512GB SSD/14""",0,13,56,-0.7514941785218785,-0.2334141123167544,0,-0.9724089666359824,0,-0.6097445565462654,0,3,7,7,1
"Lenovo ThinkPad E14 G4 Intel Core i5-1235U/16GB/512GB SSD/14""",0,13,102,0.05940999313155344,-0.2334141123167544,0,-0.9724089666359824,0,-0.2673631368422015,2,3,11,7,1
"MSI Raider GE78HX 13VH-065ES Intel Core i9-13950HX/32GB/2TB SSD/RTX 4080/17""",0,14,88,1.681218336438417,3.8869072376416898,0,1.5232680453849952,0,6.406298185233676,2,6,13,29,0
"HP EliteBook x360 1030 G3 Intel Core i5-8250U/8GB/256GB SSD/13.3"" Táctil",1,9,38,-0.7514941785218785,-0.9422866026321857,0,-1.5547336027742098,1,-0.7600851158393961,2,3,11,7,1
"Lenovo LOQ 15IRH8-279 Intel Core i5-13500H/16GB/512GB SSD/RTX4060/15.6"" (PT)",0,13,59,0.05940999313155344,-0.2334141123167544,0,0.3586187731085387,0,0.20377344944480416,2,6,11,27,0
"Acer Chromebook 314 CB314-1H-C07W Intel Celeron N4020/8GB/64GB eMMC/14"" + Funda Protectora con Bolsillo Frontal",0,0,26,-0.7514941785218785,-1.4739409703687592,1,-0.9724089666359824,0,-1.030039696759908,2,3,1,7,1
"ASUS TUF Gaming F15 FX506HE-HN012 Intel Core i5-11400H/16 GB/512GB SSD/RTX 3050Ti/15.6""",1,3,98,0.05940999313155344,-0.2334141123167544,0,0.3586187731085387,0,-0.39904829826684146,2,6,11,22,0
"Apple MacBook Intel Core M3/8GB/256GB/12"" Oro",1,2,67,-0.7514941785218785,-0.9422866026321857,0,-2.636193641316634,0,-0.8329728526879342,2,3,4,7,1
"Dell Latitude 3330 Intel Core i5-1155G7/8 GB/256GB SSD/13.3""",0,5,60,-0.7514941785218785,-0.9422866026321857,0,-1.5547336027742098,0,-0.43965122303943877,2,3,11,7,1
"Dell Vostro 5620 Intel Core i5-1240P/16GB/512GB SSD/16""",0,5,115,0.05940999313155344,-0.2334141123167544,0,0.6913757080446693,0,-0.38522135631725424,2,3,11,7,1
"ASUS ZenBook 14 UM425UAZ-KI016W AMD Ryzen 7 5700U/16GB/512GB SSD/14""",1,3,120,0.05940999313155344,-0.2334141123167544,0,-0.9724089666359824,0,-0.5087859327873747,0,3,8,7,1
"ASUS Zenbook 14 OLED UX3402ZA-KM023W Intel Evo Core i7-1260P/16GB/512GB SSD/14""",0,3,120,0.05940999313155344,-0.2334141123167544,0,-0.9724089666359824,0,-0.014966577444974826,2,3,12,7,1
"Asus VivoBook S14 S433EA-AM612T Intel Core i7-1165G7/16GB/512GB SSD/14""",1,3,113,0.05940999313155344,-0.2334141123167544,0,-0.9724089666359824,0,-0.5636547500476414,2,3,12,7,1
"ASUS VivoBook 17 F1704VA-AU116W Intel Core i7-1355U/16GB/512GB SSD/17.3""",0,3,113,0.05940999313155344,-0.2334141123167544,0,1.7728357465870934,0,-0.43965122303943877,2,3,12,7,1
"HP Pavilion 15-EG1008NS Intel Core i7-1195G7/16GB/512GB SSD/15.6""",0,9,79,0.05940999313155344,-0.2334141123167544,0,0.3586187731085387,0,-0.3870539748137472,2,3,12,7,1
"HP Pavilion x360 14-ek0031ns Intel Core i7-1255U/16GB/512GB SSD/14"" Táctil",0,9,79,0.05940999313155344,-0.2334141123167544,0,-0.9724089666359824,1,-0.049446142211326476,2,3,12,7,1
"ASUS ZenBook 13 OLED UX325EA Intel Evo Core i7-1165G7/16GB/512GB SSD/13.3""",0,3,120,0.05940999313155344,-0.2334141123167544,0,-1.5547336027742098,0,-0.3255240831380841,2,3,12,7,1
"Dell Vostro 5320 Intel Evo Core i5-1240P/16GB/512GB SSD/13.3""",0,5,115,0.05940999313155344,-0.2334141123167544,0,-1.5547336027742098,0,-0.3208712074344135,2,3,11,7,1
"ASUS P1511CEA-BR1796X Intel Core i5-1135G7/8GB/512GB SSD/15.6""",1,3,20,-0.7514941785218785,-0.2334141123167544,0,0.3586187731085387,0,-0.6733923845681747,2,3,11,7,1
"Acer Aspire 3 A315-58-79LA Intel Core i7-1165G7/16GB/512GB SSD/15.6""",1,0,19,0.05940999313155344,-0.2334141123167544,0,0.3586187731085387,0,-0.7968033283499666,2,3,12,7,1
"Acer Extensa 15 EX215-54-54AL Intel Core i5-1135G7/8GB/256GB SSD/15.6""",0,0,43,-0.7514941785218785,-0.9422866026321857,0,0.3586187731085387,0,-0.661705326491738,2,3,11,7,1
"Aspire 3 A315-56-35D3 Intel Core i3-1005G1 8GB/512GB SSD/15.6"" (PT)",1,0,19,-0.7514941785218785,-0.2334141123167544,0,0.3586187731085387,0,-1.0670871221740401,2,3,10,7,1
"Asus ROG Zephyrus G14 GA401IU-HA123T AMD Ryzen 9 4900HS/16GB/1TB SSD/GTX 1660 Ti/14""",1,3,87,0.05940999313155344,1.1178740723470364,0,-0.9724089666359824,0,-0.03840653617856063,0,2,9,6,3
"Dynabook Toshiba Tecra A50-J-1BI Intel Core i5-1135G7/8GB/512GB SSD/15.6""",1,7,99,-0.7514941785218785,-0.2334141123167544,0,0.3586187731085387,0,-0.3880745348147881,2,3,11,7,1
"MSI Creator Z17 A12UGST-040ES Intel Core i7-12700H/32GB/1TB SSD/RTX 3070 Ti/17"" Táctil",1,14,29,1.681218336438417,1.1178740723470364,0,1.5232680453849952,1,1.9603108439246248,2,6,12,24,0
"MSI Pulse GL76 12UEK-245XES Intel Core i9-12900H/32GB/1TB SSD/RTX 3060/17.3""",1,14,86,1.681218336438417,1.1178740723470364,0,1.7728357465870934,0,0.7531968641987584,2,6,13,23,0
"ASUS ROG Flow Z13 2022 GZ301ZE-LD183W Intel Core i9-12900H/16GB/1TB SSD/RTX 3050Ti/13.4"" Táctil",1,3,87,0.05940999313155344,1.1178740723470364,0,-1.4715443690401775,1,0.6434592296782251,2,6,13,22,0
"ASUS ROG Strix G15 G513RM-HQ262 AMD Ryzen 7 6800H/16GB/1TB SSD/RTX 3060/15.6""",1,3,87,0.05940999313155344,1.1178740723470364,0,0.3586187731085387,0,-0.014966577444974826,0,6,8,23,0
"ASUS TUF Gaming A15 2023 FA507NV-LP031W AMD Ryzen 7 7735HS/16GB/512GB SSD/RTX 4060/15.6"" + Gamepad para Xbox Series Negro",0,3,98,0.05940999313155344,-0.2334141123167544,0,0.3586187731085387,0,0.10574482052761182,0,6,8,27,0
"ASUS ZenBook 14 UM425QA-KI188 AMD Ryzen 5 5600H/16GB/512GB SSD/14""",1,3,120,0.05940999313155344,-0.2334141123167544,0,-0.9724089666359824,0,-0.7725513111209287,0,3,7,7,1
"Acer Nitro 5 AN515-58-7365 Intel Core i7-12700H/16GB/512GB SSD/RTX 3050Ti/15.6""",1,0,73,0.05940999313155344,-0.2334141123167544,0,0.3586187731085387,0,-0.014966577444974826,2,6,12,22,0
"Acer Predator Helios 300 PH317-55-74GD Intel Core i7-11800H/16GB/1TB SSD/RTX3060/17.3""",1,0,82,0.05940999313155344,1.1178740723470364,0,1.7728357465870934,0,0.20356494793921534,2,6,12,23,0
"Acer Predator Triton 500 SE PT516-51s-77EQ Intel Core i7-11800H/16GB/1TB SSD/RTX 3060/16""",1,0,82,0.05940999313155344,1.1178740723470364,0,0.6913757080446693,0,-0.22666144819853573,2,6,12,23,0
"Apple MacBook Air Intel Core i5/8GB/256GB SSD/13.3"" Plata",1,2,65,-0.7514941785218785,-0.9422866026321857,0,-1.5547336027742098,0,-0.600603411590705,2,3,11,7,1
"Apple MacBook Intel Core M3/8GB/256GB/12"" Gris Espacial",1,2,67,-0.7514941785218785,-0.9422866026321857,0,-2.636193641316634,0,-0.8329728526879342,2,3,4,7,1
"Apple MacBook Intel Core i5/512GB/12"" Gris Espacial",1,2,67,-0.7514941785218785,-0.2334141123167544,0,-2.636193641316634,0,-0.6891397351218713,2,3,11,7,1
"Apple MacBook Pro Apple M1 Pro/16GB/1TB SSD/14.2"" Plata",1,2,66,0.05940999313155344,1.1178740723470364,0,-0.8060304991679178,0,1.5762291231027583,1,3,2,7,1
"Apple MacBook Pro Intel Core i5/8GB/256GB SSD/13"" Gris Espacial",1,2,66,-0.7514941785218785,-0.9422866026321857,0,-1.8043013039763083,0,-0.5452736962654521,2,3,11,7,1
"Apple MacBook Pro Intel Core i7 2.6GHz/16GB/256GB SSD/Radeon Pro 555X/15.4"" Gris Espacial",1,2,66,0.05940999313155344,-0.9422866026321857,0,0.1922403056404741,0,-0.2133173518408388,2,3,12,7,1
"Apple Macbook Pro Intel Core i9/16GB/1TB SSD/Radeon Pro 5500M/16"" Plata",1,2,66,0.05940999313155344,1.1178740723470364,0,0.6913757080446693,0,0.6718812770190433,2,8,13,38,3
"Asus TUF Gaming F15 FX506HM-HN014 Intel Core i7-11800H/16GB/1TB SSD/RTX 3060/15.6""",1,3,98,0.05940999313155344,1.1178740723470364,0,0.3586187731085387,0,-0.4464110613259036,2,6,12,23,0
"Asus ZenBook Flip 13 OLED UX363EA-HP525T Intel Core i7-1165G7/16GB/512GB SSD/13.3"" Táctil",1,3,120,0.05940999313155344,-0.2334141123167544,0,-1.5547336027742098,1,-0.014966577444974826,2,3,12,7,1
"Asus ZenBook S UX393EA-HK003T Intel Evo Core i7-1165G7/16GB/512GB SSD/13.9"" Táctil",1,3,120,0.05940999313155344,-0.2334141123167544,0,-1.0555982003700146,1,0.3142463261166251,2,3,12,7,1
"HP 250 G8 Intel Core i5-1135G7/8GB/512GB SSD/15.6"" Plata",1,9,7,-0.7514941785218785,-0.2334141123167544,0,0.3586187731085387,0,-0.8187069602002649,2,3,11,7,1
"HP EliteBook 830 G7 Intel Core i5-10210U/16GB/512GB SSD/13.3""",1,9,38,0.05940999313155344,-0.2334141123167544,0,-1.5547336027742098,0,0.018174188180226286,2,3,11,7,1
"HP OMEN 16-c0043ns AMD Ryzen 7 5800H/16GB/512GB SSD/RX 6600M/16.1""",1,9,76,0.05940999313155344,-0.2334141123167544,0,0.774564941778703,0,-0.7443487390491516,0,8,8,33,3
"HP Omen 16-B0048NS Intel Core i7-11800H/16GB/1TB SSD/RTX 3060/16.1""",1,9,76,0.05940999313155344,1.1178740723470364,0,0.774564941778703,0,0.148147442506346,2,6,12,23,0
"HP ProBook 430 G7 8VT57EA Intel Core i7-10510U/16GB/512GB SSD/13.3""",1,9,85,0.05940999313155344,-0.2334141123167544,0,-1.5547336027742098,0,0.11889138914317174,2,3,12,7,1
"HP ProBook 640 G3 Intel Core i5-7200U/4GB/500GB/14""",1,9,85,-1.1569462643485944,-0.26664251030029024,0,-0.9724089666359824,0,-1.0344182283772774,2,3,11,7,1
"HP Victus 16-E0006NP AMD Ryzen 7 5800H 8GB/512GB/RTX3050/16,1"" (PT)",1,9,112,-0.7514941785218785,-0.2334141123167544,0,0.774564941778703,0,-0.5305249581858923,0,6,8,22,0
"LG Gram 16Z90Q-G.AP7BB Intel Evo Core i7-1260P/32GB/2TB SSD/16""",1,12,55,1.681218336438417,3.8869072376416898,0,0.6913757080446693,0,0.6250123333153235,2,3,12,7,1
"Lenovo ThinkPad E14 Gen 2 Intel Core i5-1135G7/8GB/256GB SSD/14""",1,13,102,-0.7514941785218785,-0.9422866026321857,0,-0.9724089666359824,0,0.02942229571858095,2,3,11,7,1
"MSI Creator Pro Z17 A12UMST-202ES Intel Core i7-12700H/32GB/1TB SSD/RTX A5500/17"" Táctil",1,14,29,1.681218336438417,1.1178740723470364,0,1.5232680453849952,1,3.496637727212091,2,6,12,16,0
MSI GP76 Leopard 10UG-055XPT Intel Core i7-10870H/16GB/1TB SSD/RTX 3070/17.3'' (PT),1,14,62,0.05940999313155344,1.1178740723470364,0,1.7728357465870934,0,0.3142463261166251,2,6,12,24,0
"MSI Modern 15 B12M-024XES Intel Core i7-1255U/16GB/512GB SSD/15.6""",1,14,68,0.05940999313155344,-0.2334141123167544,0,0.3586187731085387,0,-0.5540197857367386,2,3,12,7,1
"MSI Prestige 14 A11SCX-060ES Intel Core i7-1185G7/16GB/1TB SSD/GTX 1650/14""",1,14,83,0.05940999313155344,1.1178740723470364,0,-0.9724089666359824,0,0.3691151433768918,2,2,12,5,2
"MSI Prestige 14 A12UC-230XES Intel Core i7-1280P/16GB/512GB SSD/RTX3050/14""",1,14,83,0.05940999313155344,-0.2334141123167544,0,-0.9724089666359824,0,0.0947710570755585,2,6,12,22,0
"MSI Raider GE67HX 12UGS-023ES Intel Core i9-12900HX/32GB/1TB SSD/RTX 3070Ti/15.6""",1,14,88,1.681218336438417,1.1178740723470364,0,0.3586187731085387,0,2.1797861129656915,2,6,13,24,0
MSI Stealth 15M B12UE-029XPT Intel Core i7-1260P/32GB/1TB SSD/RTX 3060/15.6'' (PT),1,14,92,1.681218336438417,1.1178740723470364,0,0.3586187731085387,0,0.010371842365816227,2,6,12,23,0
"Razer Blade 15 Advanced Model 4K 144Hz Intel Core i9-12900H/32GB/1TB SSD/RTX 3080Ti/15.6""",1,21,22,1.681218336438417,1.1178740723470364,0,0.3586187731085387,0,3.387986495273311,2,6,13,25,0
"Razer Blade 15 Advanced Model FullHD 360Hz Intel Core i7-12800H/32GB/1TB SSD/RTX 3080Ti/15.6""",1,21,22,1.681218336438417,1.1178740723470364,0,0.3586187731085387,0,3.058773591711711,2,6,12,25,0
"Samsung Galaxy Book2 Pro 360 Intel Evo Core i7-1260P/16GB/512GB SSD/15.6"" Táctil",1,23,53,0.05940999313155344,-0.2334141123167544,0,0.3586187731085387,1,0.42398396063715843,2,3,12,7,1
"Samsung Galaxy Book3 Pro Intel Evo Core i7-1360P/16GB/512GB SSD/16"" + T7 SSD PCIe NVMe USB 3.2 500GB",0,23,53,0.05940999313155344,-0.2334141123167544,0,0.6913757080446693,0,0.8629344987192917,2,3,12,7,1
"ASUS F515EA-EJ3076W Intel Core i5-1135G7/16GB/512GB SSD/15.6""",0,3,46,0.05940999313155344,-0.2334141123167544,0,0.3586187731085387,0,-0.6493378950812738,2,3,11,7,1
"Lenovo V15 Gen 2 ITL Intel Core i5-1135G7/16GB/512GB SSD/15.6""",0,13,108,0.05940999313155344,-0.2334141123167544,0,0.3586187731085387,0,-0.5506947354107665,2,3,11,7,1
"Microsoft Surface Pro 7+ Intel Core i7-1165G7/32GB/1TB SSD/12.3"" Táctil Platino",0,16,96,1.681218336438417,1.1178740723470364,0,-2.3866259401145355,1,0.7702939876570574,2,3,12,7,1
"ASUS ExpertBook P1512CEA-EJ0086X Intel Core i5-1135G7/16GB/512GB SSD/15.6""",1,3,42,0.05940999313155344,-0.2334141123167544,0,0.3586187731085387,0,-0.6404710942120148,2,3,11,7,1
"ASUS F415EA-EK1005W Intel Core i5-1135G7/8GB/512GB SSD/14""",1,3,45,-0.7514941785218785,-0.2334141123167544,0,-0.9724089666359824,0,-0.8050775459928147,2,3,11,7,1
"ASUS ROG Zephyrus G14 2022 GA402RJ-L8099W AMD Ryzen 7 6800HS/16GB/1TB SSD/Radeon RX 6700S/14""",1,3,87,0.05940999313155344,1.1178740723470364,0,-0.9724089666359824,0,0.972672133239825,0,3,8,7,1
"ASUS ROG Zephyrus G15 GA503RM-HQ079W AMD Ryzen 7 6800HS/16GB/1TB SSD/RTX 3060/15.6""",1,3,87,0.05940999313155344,1.1178740723470364,0,0.3586187731085387,0,0.972672133239825,0,6,8,23,0
"ASUS VivoBook 13 Slate OLED T3300KA-LQ031WS Intel Pentium Silver N6000/4GB/128GB/13.3"" Táctil",1,3,113,-1.1569462643485944,-1.2967228477899013,0,-1.5547336027742098,1,-0.8247205825719901,2,3,5,7,1
"ASUS Vivobook F1500EA-EJ2370W Intel Core i7-1165G7/16GB/512GB SSD/15.6""",1,3,113,0.05940999313155344,-0.2334141123167544,0,0.3586187731085387,0,-0.4539171155271081,2,3,12,7,1
Acer Aspire 5 A515-57 Intel Core i5-1235U/8GB/512GB SSD/15.6'' (PT),1,0,19,-0.7514941785218785,-0.2334141123167544,0,0.3586187731085387,0,-0.9163515073966355,2,3,11,7,1
"Acer Chromebook 314 CB314-1H-C07W Intel Celeron N4020/8GB/64GB eMMC/14""",0,0,26,-0.7514941785218785,-1.4739409703687592,1,-0.9724089666359824,0,-1.059679831843904,2,3,1,7,1
"Acer Chromebook 314 CB314-1H-C24N Intel Celeron N4020/8GB/64GB eMMC/14""",1,0,26,-0.7514941785218785,-1.4739409703687592,1,-0.9724089666359824,0,-1.046500341937988,2,3,1,7,1
"Acer Predator Helios 300 PH315-53-79C2 Intel Core i7-10750H/16GB/1TB SSD/RTX 3080/15.6""",1,0,82,0.05940999313155344,1.1178740723470364,0,0.3586187731085387,0,0.7531968641987584,2,6,12,25,0
"Apple MacBook Pro Intel Core i5/8GB/128GB/13"" Gris Espacial",1,2,66,-0.7514941785218785,-1.2967228477899013,0,-1.8043013039763083,0,-0.7776431373626814,2,3,11,7,1
"Apple MacBook Pro Touch Bar Intel Core i7/16GB/512GB/15"" Plata",1,2,66,0.05940999313155344,-0.2334141123167544,0,-0.14051662929565653,0,-0.357183390697258,2,3,12,7,1
"Asus Chromebook Z1500CN-EJ0400 Intel Celeron N3350/8GB/64GB eMMC/15.6""",1,3,26,-0.7514941785218785,-1.4739409703687592,1,0.3586187731085387,0,-1.0026052881297747,2,3,1,7,1
"Asus Zenbook 14 UX425EA-KI359 Intel Core i7-1165G7/16GB/512GB SSD/14""",1,3,120,0.05940999313155344,-0.2334141123167544,0,-0.9724089666359824,0,-0.5087859327873747,2,3,12,7,1
"Dell Latitude 5520 Intel Core i5-1135G7/8 GB/256GB SSD/15.6""",1,5,60,-0.7514941785218785,-0.9422866026321857,0,0.3586187731085387,0,-0.2050870292517988,2,3,11,7,1
"Dell Latitude 7490 Intel Core i5-8350U/8GB/256GB SSD/14""",1,5,60,-0.7514941785218785,-0.9422866026321857,0,-0.9724089666359824,0,-0.6733923845681747,2,3,11,7,1
"Dynabook Toshiba Satellite Pro C50-G-10T Intel Core i7-10510U/16GB/512GB SSD/15.6""",1,7,90,0.05940999313155344,-0.2334141123167544,0,0.3586187731085387,0,-0.5636547500476414,2,3,12,7,1
"Gigabyte AORUS 17 XE4-73ES514SH Intel Core i7-12700H/16GB/1TB SSD/RTX 3070Ti/17.3""",1,8,18,0.05940999313155344,1.1178740723470364,0,1.7728357465870934,0,1.1921474022808916,2,6,12,24,0
"Gigabyte U4 UD-50ES823SD Intel Core i5-1155G7/16GB/512GB SSD/14""",1,8,105,0.05940999313155344,-0.2334141123167544,0,-0.9724089666359824,0,-0.5636547500476414,2,3,11,7,1
"HP 15S-EQ2090NS AMD Ryzen 5 5500U/8GB/512GB SSD/15.6"" + Microsoft 365 Personal 12 Meses Descarga Digital",0,9,4,-0.7514941785218785,-0.2334141123167544,0,0.3586187731085387,0,-0.7151036594494294,0,3,7,7,1
"HP 15S-FQ5013NS Intel Core i5-1235U/8GB/512GB SSD/15.6"" + Microsoft 365 Personal 12 Meses Descarga Digital",0,9,4,-0.7514941785218785,-0.2334141123167544,0,0.3586187731085387,0,-0.6053660249288961,2,3,11,7,1
"HP EliteBook 640 G9 Intel Core i7-1255U/16GB/512GB SSD/14""",1,9,38,0.05940999313155344,-0.2334141123167544,0,-0.9724089666359824,0,-0.06245005190200957,2,3,12,7,1
"HP EliteBook 650 G9 Intel Core i7-1255U/16GB/512GB SSD/15.6""",1,9,38,0.05940999313155344,-0.2334141123167544,0,0.3586187731085387,0,0.37465689392017865,2,3,12,7,1
"HP EliteBook 840 G7 Intel Core i5-10210U/8GB/256GB SSD/14"" Táctil",1,9,38,-0.7514941785218785,-0.9422866026321857,0,-0.9724089666359824,1,0.0904144729850933,2,3,11,7,1
"HP ProBook 430 G6 Intel Core i5-8265U/8GB/256GB SSD/13.3""",1,9,85,-0.7514941785218785,-0.9422866026321857,0,-1.5547336027742098,0,-0.9027440407160894,2,3,11,7,1
"HP ProBook 440 G6 Intel Core i5-8265U/8GB/256GB SSD/14""",1,9,85,-0.7514941785218785,-0.9422866026321857,0,-0.9724089666359824,0,-0.8368904862403174,2,3,11,7,1
"Lenovo ThinkPad T14s Gen 2 Intel Core i5-1135G7/16GB/512GB SSD/14""",1,13,102,0.05940999313155344,-0.2334141123167544,0,-0.9724089666359824,0,0.6461807230143343,2,3,11,7,1
"Lenovo ThinkPad T490 Intel Core i5-8265U/8GB/512GB SSD/14"" Táctil",1,13,102,-0.7514941785218785,-0.2334141123167544,0,-0.9724089666359824,1,-0.47736804802414606,2,3,11,7,1
"Lenovo ThinkPad T490 Intel Core i7-8565U/16GB/512GB SSD/14""",1,13,102,0.05940999313155344,-0.2334141123167544,0,-0.9724089666359824,0,-0.5680552291919148,2,3,12,7,1
"Lenovo V15 IGL Intel Celeron N4020/8GB/256 GB SSD/15.6""+Microsoft 365 Personal 12 Meses Descarga Digital",0,13,108,-0.7514941785218785,-0.9422866026321857,0,0.3586187731085387,0,-0.9894367719873107,2,3,1,7,1
"MSI Katana GF76 12UD-035ES Intel Core i7-12700H/16 GB/1TB SSD/RTX 3050Ti/17.3""",1,14,58,0.05940999313155344,1.1178740723470364,0,1.7728357465870934,0,0.3142463261166251,2,6,12,22,0
"MSI Prestige 14 A10RAS-081ES Intel Core i7-10510U/16GB/1TB SSD/MX330/14""",1,14,83,0.05940999313155344,1.1178740723470364,0,-0.9724089666359824,0,-0.03692507811253353,2,4,12,9,2
"MSI Prestige 15 A12UC-200XES Intel Core i7-1280P/16GB/512GB SSD/RTX 3050/15.6""",1,14,83,0.05940999313155344,-0.2334141123167544,0,0.3586187731085387,0,0.0947710570755585,2,6,12,22,0
"MSI Prestige 16 A12UD-219XES Intel Core i7-1280P/32GB/1TB SSD/RTX 3050Ti/16""",1,14,83,1.681218336438417,1.1178740723470364,0,0.6913757080446693,0,0.06858765747895935,2,6,12,22,0
"MSI Raider GE67HX 12UHS-030ES Intel Core i7-12800HX/32GB/1TB SSD/RTX 3080Ti/15.6""",1,14,88,1.681218336438417,1.1178740723470364,0,0.3586187731085387,0,2.728474285568358,2,6,12,25,0
"Medion Erazer Deputy P10 MD62132 Intel Core i5-10300H/8GB/512GB SSD/GTX 1660Ti/15.6"" + Crucial SO-DIMM DDR4 8GB 3200MHz",0,15,33,-0.7514941785218785,-0.2334141123167544,0,0.3586187731085387,0,-0.31125819065041477,2,2,11,6,3
"Razer Blade 15 Advanced Model FullHD 360Hz Intel Core i7-12800H/16GB/1TB SSD/RTX 3070Ti/15.6""",1,21,22,0.05940999313155344,1.1178740723470364,0,0.3586187731085387,0,2.1808725155474447,2,6,12,24,0
"Samsung Galaxy Book3 Pro 360 Intel Evo Core i7-1360P/16GB/512GB SSD/16"" Táctil+ T7 SSD PCIe NVMe USB 3.2 500GB",0,23,53,0.05940999313155344,-0.2334141123167544,0,0.6913757080446693,1,0.9726611594763728,2,3,12,7,1
"ASUS  ROG Zephyrus M16 GU604VI-93D47PB1 Intel Core i9-13900H/32GB/1TB SSD/RTX 4070/16"" (PT)",0,3,87,1.681218336438417,1.1178740723470364,0,0.6913757080446693,0,2.3525570447548194,2,6,13,28,0
ASUS ROG Strix SCAR 18 G834JY-93B49PB1 Intel Core i9-13980HX/64GB/2TB SSD/RTX 4090/16'' (PT),0,3,87,4.924835023052145,3.8869072376416898,0,0.6913757080446693,0,4.8783881785139345,2,6,13,30,0
"ASUS ROG Strix Scar 17 G733PZ-R97B48PB1  AMD Ryzen 9 7945HX/32GB/1TB SSD/RTX 4080/17.3"" (PT)",0,3,87,1.681218336438417,1.1178740723470364,0,1.7728357465870934,0,3.7757224793247115,0,6,3,29,0
ASUS ROG Zephyrus G14 GA402RJ AMD Ryzen 7-6800HS/16GB/1TB SSD/RX 6700S/14'' (PT),0,3,87,0.05940999313155344,1.1178740723470364,0,-0.9724089666359824,0,0.45816723379030466,0,3,8,7,1
HP Laptop 15s-eq2074np AMD Ryzen 5-5500U/12GB/256GB SSD/15.6'' (PT),0,9,4,-0.3460420926951625,-0.9422866026321857,0,0.3586187731085387,0,-0.7213038357998396,0,3,7,7,1
HP OMEN 16-b1002np Intel Core i7-12700H/16GB/1TB SSD/RTX 3060/16.1'' (PT),0,9,76,0.05940999313155344,1.1178740723470364,0,0.774564941778703,0,0.6307186903103913,2,6,12,23,0
HP Victus 16-d1027np Intel Core i5-12500H/8GB/512GB SSD/RTX 3050Ti/16.1'' (PT),0,9,112,-0.7514941785218785,-0.2334141123167544,0,0.774564941778703,0,0.1383149504533062,2,6,11,22,0
"HP 250 G8 Intel Core i7-1165G7/16 GB/512GB SSD/15.6""",0,9,7,0.05940999313155344,-0.2334141123167544,0,0.3586187731085387,0,-0.25748674973535346,2,3,12,7,1
"ASUS Chromebook CR1 CR1100CKA-GJ0132 Intel Celeron N4500/4GB/32GB/11.6""",0,3,26,-1.1569462643485944,-1.562550031658188,0,-2.9689505762527646,0,-1.1059561923212131,2,3,1,7,1
"ASUS Chromebook CR1100FKA-BP0024 Intel Celeron N4500/4GB/32GB eMMC/11.6"" Táctil",0,3,26,-1.1569462643485944,-1.562550031658188,1,-2.9689505762527646,1,-1.0032637139368978,2,3,1,7,1
"ASUS Chromebook CX1500CNA-EJ0101 Intel Celeron N3350/8GB/32GB eMMC/15.6""",0,3,26,-0.7514941785218785,-1.562550031658188,1,0.3586187731085387,0,-0.9290810730010174,2,3,1,7,1
"ASUS Chromebook Flip CX5 CB5400FMA Intel Core i5-1130G7/8GB/256GB SSD/14""",0,3,26,-0.7514941785218785,-0.9422866026321857,0,-0.9724089666359824,0,-0.5877970296421587,2,3,11,7,1
"ASUS Chromebook Flip CX5 CB5400FMA Intel Core i7-1160G7/8GB/256GB SSD/14""",0,3,26,-0.7514941785218785,-0.9422866026321857,0,-0.9724089666359824,0,-0.43306696496820674,2,3,12,7,1
"ASUS E510MA-EJ617W Intel Celeron N4020/8GB/256GB SSD/15.6""",0,3,35,-0.7514941785218785,-0.9422866026321857,0,0.3586187731085387,0,-1.0408378799967284,2,3,1,7,1
"ASUS ExpertBook B1 B1500CEAE-BQ1856R Intel Core i5-1135G7/8GB/512GB SSD/15.6""",0,3,42,-0.7514941785218785,-0.2334141123167544,0,0.3586187731085387,0,-0.4506359602549441,2,3,11,7,1
"ASUS ExpertBook B1 B1502CBA-EJ0433W Intel Core i3-1215U/8GB/256GB SSD/15.6""",0,3,42,-0.7514941785218785,-0.9422866026321857,0,0.3586187731085387,0,-0.842388341729796,2,3,10,7,1
"ASUS ExpertBook B5 B5402CBA-EB0316X Intel Core i5-1240P/16GB/512GB SSD/14""",0,3,42,0.05940999313155344,-0.2334141123167544,0,-0.9724089666359824,0,-0.058861631253188156,2,3,11,7,1
"ASUS ExpertBook B5 B5602CBA-MB0418X Intel Core i5-1240P/16GB/512GB SSD/16""",0,3,42,0.05940999313155344,-0.2334141123167544,0,0.6913757080446693,0,-0.08190653450250016,2,3,11,7,1
"ASUS ExpertBook B6 Flip B6602FC2-MH0248X Intel Core i7-12850HX/16GB/512GB SSD/RTX A2000/16"" Táctil",0,3,42,0.05940999313155344,-0.2334141123167544,0,0.6913757080446693,1,1.301885036801425,2,6,12,14,0
"ASUS ExpertBook B7 Flip B7402FBA-L90012X Intel Core i7-1260P/16GB/512GB SSD/14"" Táctil",0,3,42,0.05940999313155344,-0.2334141123167544,0,-0.9724089666359824,1,1.2036588801420953,2,3,12,7,1
"ASUS ExpertBook B7 Flip B7402FBA-L90593X Intel Core i5-1240P/16GB/512GB SSD/14"" Táctil",0,3,42,0.05940999313155344,-0.2334141123167544,0,-0.9724089666359824,1,0.42837346601797976,2,3,11,7,1
"ASUS ExpertBook B7 Flip B7402FEA-LA0136R Intel Core i7-1195G7/16GB/512GB SSD/14"" Táctil",0,3,42,0.05940999313155344,-0.2334141123167544,0,-0.9724089666359824,1,0.646751358713841,2,3,12,7,1
"ASUS ExpertBook P1512CEA-EJ0286X Intel Core i7-1165G7/16GB/512GB SSD/15.6""",0,3,42,0.05940999313155344,-0.2334141123167544,0,0.3586187731085387,0,-0.4116242311828946,2,3,12,7,1
"ASUS Expertbook B9400CBA-KC0029X Intel Core i7-1255U/16GB/1TB SSD/14""",0,3,42,0.05940999313155344,1.1178740723470364,0,-0.9724089666359824,0,0.48982654134947845,2,3,12,7,1
"ASUS F1500EA-BQ3064 Intel Core i5-1135G7/8GB/512GB SSD/15.6""",0,3,113,-0.7514941785218785,-0.2334141123167544,0,0.3586187731085387,0,-0.8428492397947822,2,3,11,7,1
"ASUS F1500EA-BQ3075 Intel Core i5-1135G7/16GB/512GB SSD/15.6""",0,3,113,0.05940999313155344,-0.2334141123167544,0,0.3586187731085387,0,-0.6396151406627546,2,3,11,7,1
"ASUS F1500EA-EJ3532 Intel Core i3-1115G4/8GB/256GB SSD/15.6""",0,3,113,-0.7514941785218785,-0.9422866026321857,0,0.3586187731085387,0,-0.93497398397477,2,3,10,7,1
"ASUS F415EA-EK1464 Intel Core i3-1115G4/8 GB/256GB SSD/14""",0,3,45,-0.7514941785218785,-0.9422866026321857,0,-0.9724089666359824,0,-0.9388806437637011,2,3,10,7,1
"ASUS F515EA-BQ1154W Intel Core i5-1135G7/8GB/512GB SSD/15.6""",0,3,46,-0.7514941785218785,-0.2334141123167544,0,0.3586187731085387,0,-0.7667681377816966,2,3,11,7,1
"ASUS F515EA-BQ1859W Intel Core i3-1115G4/8GB/256GB SSD/15.6""",0,3,46,-0.7514941785218785,-0.9422866026321857,0,0.3586187731085387,0,-0.8144820612712245,2,3,10,7,1
"ASUS F515EA-EJ2640W Intel Core i3-1115G4/8GB/256GB SSD/15.6""",0,3,46,-0.7514941785218785,-0.9422866026321857,0,0.3586187731085387,0,-0.9741173982082442,2,3,10,7,1
"ASUS Laptop F515EA i7-1165G7 8GB/512GB SSD/15.6"" (PT)",0,3,46,-0.7514941785218785,-0.2334141123167544,0,0.3586187731085387,0,-0.4066421425756623,2,3,12,7,1
ASUS M515DA AMD Ryzen 3 3250U/8GB/256GB SSD/15.6'' (PT),0,3,63,-0.7514941785218785,-0.9422866026321857,0,0.3586187731085387,0,-0.7867294135009815,0,3,6,7,1
"ASUS P1511CEA-BR1794X Intel Core i3-1115G4/8GB/256GB SSD/15.6""",0,3,20,-0.7514941785218785,-0.9422866026321857,0,0.3586187731085387,0,-0.771991649184874,2,3,10,7,1
"ASUS P1511CEA-EJ1795X Intel Core i7-1165G7/8GB/512GB SSD/15.6""",0,3,78,-0.7514941785218785,-0.2334141123167544,0,0.3586187731085387,0,-0.5183989495713734,2,3,12,7,1
"ASUS P1511CEA-EJ791R Intel Core i7-1165G7/8GB/512GB SSD/15.6""",0,3,78,-0.7514941785218785,-0.2334141123167544,0,0.3586187731085387,0,-0.503705080309074,2,3,12,7,1
"ASUS ROG Flow X13 GV301QC-K6120T AMD Ryzen 9 5980HS/32GB/1TB SSD/RTX 3050/13.4"" Táctil",0,3,87,1.681218336438417,1.1178740723470364,0,-1.4715443690401775,1,2.886902508525652,0,6,9,22,0
"ASUS ROG Flow X13 GV301RC-LJ076W AMD Ryzen 7 6800HS/16GB/1TB SSD/RTX 3050/13.4"" Táctil",0,3,87,0.05940999313155344,1.1178740723470364,0,-1.4715443690401775,1,0.84945871720017,0,6,8,22,0
"ASUS ROG Flow X13 GV301RE-LJ057W AMD Ryzen 9 6900HS/32GB/1TB SSD/RTX 3050Ti/13.4"" Táctil",0,3,87,1.681218336438417,1.1178740723470364,0,-1.4715443690401775,1,2.7670470641023255,0,6,9,22,0
ASUS ROG Strix G15 G513IE AMD Ryzen 7 4800H/16GB/512GB SSD/RTX 3050/15.6'' (PT),0,3,87,0.05940999313155344,-0.2334141123167544,0,0.3586187731085387,0,-0.30307176311518297,0,6,8,22,0
ASUS ROG Strix G15 G513IM AMD Ryzen 7 4800H/16GB/512GB SSD/RTX3060/15.6'' (PT),0,3,87,0.05940999313155344,-0.2334141123167544,0,0.3586187731085387,0,0.10814807472361156,0,6,8,23,0
"ASUS ROG Strix G15 G513RC-HN180 AMD Ryzen 7 6800H/16GB/512GB SSD/RTX 3050/15.6""",0,3,87,0.05940999313155344,-0.2334141123167544,0,0.3586187731085387,0,-0.44185694949330145,0,6,8,22,0
"ASUS ROG Strix G15 G513RW-HQ133 AMD Ryzen 9 6900HX/32GB/1TB SSD/RTX3070Ti/15.6""",0,3,87,1.681218336438417,1.1178740723470364,0,0.3586187731085387,0,1.3418844045841591,0,6,9,24,0
ASUS ROG Strix G17 G713RM AMD Ryzen 7 6800H/16GB/1TB SSD/RTX3060/17.3'' (PT),0,3,87,0.05940999313155344,1.1178740723470364,0,1.7728357465870934,0,0.1566630829451394,0,6,8,23,0
"ASUS ROG Strix Scar 17  G733PY-R97B49PB1 AMD Ryzen™ 9 7945HX/32GB/2TB SSD/RTX 4090/17.3"" (PT)",0,3,87,1.681218336438417,3.8869072376416898,0,1.7728357465870934,0,4.738758012350008,0,6,3,30,0
"ASUS TUF Gaming A15 2013 TUF507NU-LP036 AMD Ryzen 7 7735HS/16GB/512GB SSD/RTX 4050/15.6""",0,3,98,0.05940999313155344,-0.2334141123167544,0,0.3586187731085387,0,-0.1510302704869841,0,6,8,26,0
ASUS TUF Gaming A15 FA506QM AMD Ryzen 7 5800H/8GB/512GB SSD/RTX 3060/15.6'' (PT),0,3,98,-0.7514941785218785,-0.2334141123167544,0,0.3586187731085387,0,-0.20891687269656542,0,6,8,23,0
"ASUS TUF Gaming A15 FA507RF-R76B25CS1 AMD Ryzen 7 6800HS/16GB/512GB SSD/RTX 2050/15.6"" (PT)",0,3,98,0.05940999313155344,-0.2334141123167544,0,0.3586187731085387,0,-0.22623347142390554,0,6,8,17,0
"ASUS TUF Gaming F15 TUF506HF-HN012 Intel Core i5-11400H/16GB/512GB SSD/RTX 2050/15.6""",0,3,98,0.05940999313155344,-0.2334141123167544,0,0.3586187731085387,0,-0.5516933478849033,2,6,11,17,0
"ASUS TUF Gaming F15 TUF507ZU4-LP110 Intel Core i7-12700H/16GB/512GB SSD/RTX 4050/15.6""",0,3,98,0.05940999313155344,-0.2334141123167544,0,0.3586187731085387,0,-0.05226639941850411,2,6,12,26,0
ASUS TUF Gaming FX506HF-51B25PS1 Intel Core i5-11400H/8GB/512GB SSD/RTX 2050/15.6'' (PT),0,3,98,-0.7514941785218785,-0.2334141123167544,0,0.3586187731085387,0,-0.4015722638608136,2,6,11,17,0
"ASUS VivoBook 15 F1500EA-EJ3095W Intel Core i3-1115G4/8GB/256GB SSD/15.6""",0,3,113,-0.7514941785218785,-0.9422866026321857,0,0.3586187731085387,0,-1.013579051581828,2,3,10,7,1
"ASUS VivoBook 15 F1500EA-EJ3431W Intel Core i5-1135G7/16GB/512GB SSD/15.6""",0,3,113,0.05940999313155344,-0.2334141123167544,0,0.3586187731085387,0,-0.5573997048799709,2,3,11,7,1
"ASUS VivoBook F1500EA-BQ2363 Intel Core i5-1135G7/8GB/512GB SSD/15.6""",0,3,113,-0.7514941785218785,-0.2334141123167544,0,0.3586187731085387,0,-0.7282941231187975,2,3,11,7,1
"ASUS VivoBook F1605PA-MB127W Intel Core i5-11300H/16GB/512GB SSD/16""",0,3,113,0.05940999313155344,-0.2334141123167544,0,0.6913757080446693,0,-0.6740069153214897,2,3,11,7,1
"ASUS VivoBook F515EA-BQ3013X Intel Core i5-1135G7/8GB/512GB SSD/15.6""",0,3,113,-0.7514941785218785,-0.2334141123167544,0,0.3586187731085387,0,-0.7091997747122247,2,3,11,7,1
"ASUS VivoBook F515EA-EJ3061 Intel Core i7-1165G7/8GB/512GB SSD/15.6""",0,3,113,-0.7514941785218785,-0.2334141123167544,0,0.3586187731085387,0,-0.8169401842844843,2,3,12,7,1
"ASUS VivoBook Go 14 Flip TP1400KA-BZ117WS Intel Celeron N4500/4GB/128GB eMMC/14"" Táctil",0,3,113,-1.1569462643485944,-1.2967228477899013,1,-0.9724089666359824,1,-0.8284187408553321,2,3,1,7,1
"ASUS VivoBook Pro 15 OLED M6500QC-L1081W AMD Ryzen 5 5600H/16GB/512GB SSD/RTX 3050/15.6""",0,3,113,0.05940999313155344,-0.2334141123167544,0,0.3586187731085387,0,-0.3255240831380841,0,6,7,22,0
"ASUS VivoBook Pro 16X OLED N7600ZE-L2015W Intel Core i7-12700H/16GB/512GB SSD/RTX 3050 Ti/16""",0,3,113,0.05940999313155344,-0.2334141123167544,0,0.6913757080446693,0,0.47458398391457624,2,6,12,22,0
"ASUS VivoBook S 15 OLED K3502ZA-MA115W Intel Core i5-12500H/16GB/512GB SSD/15.6""",0,3,113,0.05940999313155344,-0.2334141123167544,0,0.3586187731085387,0,-0.11016397539153748,2,3,11,7,1
"ASUS Vivobook Go E1504FA-BQ202W AMD Ryzen 3 7320U/8GB/256GB SSD/Radeon 610M/15.6""",0,3,113,-0.7514941785218785,-0.9422866026321857,0,0.3586187731085387,0,-0.8223831709567028,0,0,6,0,3
ASUS Vivobook K513EP-51BM3SB2 Intel Core i5-1135G7/8GB/512GB SSD/MX330/15.6'' (PT),0,3,113,-0.7514941785218785,-0.2334141123167544,0,0.3586187731085387,0,-0.48903315857367874,2,4,11,9,2
"ASUS Vivobook M1503IA AMD Ryzen 7 4800H/16GB/512GB SSD/15.6"" (PT)",0,3,113,0.05940999313155344,-0.2334141123167544,0,0.3586187731085387,0,-0.3037521364492104,0,3,8,7,1
"ASUS ZenBook 14 OLED UM3402YA-KM464WS AMD Ryzen 5 7530U/16GB/512GB SSD/14""",0,3,120,0.05940999313155344,-0.2334141123167544,0,-0.9724089666359824,0,-0.39246404019560943,0,3,7,7,1
"ASUS ZenBook 14 OLED UX3402VA-KM004W Intel Evo Core i5-1340P/16GB/512GB SSD/14""",0,3,120,0.05940999313155344,-0.2334141123167544,0,-0.9724089666359824,0,-0.11703355131252285,2,3,11,7,1
"ASUS ZenBook 14 OLED UX3402ZA-KM214 Intel Core i5-1240P/16GB/512GB SSD/14""",0,3,120,0.05940999313155344,-0.2334141123167544,0,-0.9724089666359824,0,-0.3870759223406513,2,3,11,7,1
"ASUS ZenBook 14 UM3402YA-KP272W AMD Ryzen 5 5625U/16GB/512GB SSD/14""",0,3,120,0.05940999313155344,-0.2334141123167544,0,-0.9724089666359824,0,-0.4871237237330215,0,3,7,7,1
"ASUS ZenBook 14X OLED UM5401QA-L7207W AMD Ryzen 7 5800H/16GB/512GB SSD/14""",0,3,120,0.05940999313155344,-0.2334141123167544,0,-0.9724089666359824,0,-0.2567734551109699,0,3,8,7,1
"ASUS ZenBook Flip 13 OLED UX363EA-HP931W Intel Core i7-1165G7/16GB/512GB SSD/13.3"" Táctil",0,3,120,0.05940999313155344,-0.2334141123167544,0,-1.5547336027742098,1,-0.08170900676036312,2,3,12,7,1
"Acer Aspire 3 A315-34 Intel Celeron N4000/8GB/128GB SSD/15.6""",0,0,19,-0.7514941785218785,-1.2967228477899013,0,0.3586187731085387,0,-0.9071335460969107,2,3,1,7,1
"Acer Aspire 3 A315-58-72WT Intel Core i7-1165G7/8GB/512GB SSD/15.6""",0,0,19,-0.7514941785218785,-0.2334141123167544,0,0.3586187731085387,0,-0.6654912748826963,2,3,12,7,1
"Acer Aspire 3 A317-53 Intel Core i3-1115G4/8GB/512GB SSD/17.3""",0,0,19,-0.7514941785218785,-0.2334141123167544,0,1.7728357465870934,0,-0.6638561841283404,2,3,10,7,1
"Acer Aspire 5 A515-45 AMD Ryzen 5 5500U/8GB/512GB SSD/15.6""",0,0,19,-0.7514941785218785,-0.2334141123167544,0,0.3586187731085387,0,-0.5022784910603072,0,3,7,7,1
"Acer Chromebook 515 CB515-1W Intel Core i5-1135G7/8GB/256GB SSD/15.6""",0,0,26,-0.7514941785218785,-0.9422866026321857,0,0.3586187731085387,0,-0.6744897609133801,2,3,11,7,1
"Acer Chromebook 713 CP713-2W Intel Core i3-10110U/8GB/128GB eMMC/13.5""",0,0,26,-0.7514941785218785,-1.2967228477899013,1,-1.3883551353061454,0,-0.5707328274742158,2,3,10,7,1
"Acer Chromebook Spin 513 Qualcomm Snapdragon SC7180/8GB/64GB eMMC/13.3"" Táctil",0,0,26,-0.7514941785218785,-1.4739409703687592,1,-1.5547336027742098,1,-0.7791136216652566,5,3,2,7,1
"Acer Chromebook Spin 514 CP514-2H-53KM Intel Core i5-1130G7/8GB/256GB SSD/14"" Táctil",0,0,26,-0.7514941785218785,-0.9422866026321857,0,-0.9724089666359824,1,-0.34417948100657475,2,3,11,7,1
"Acer ConceptD 3 CN315-72-5762 Intel Core i5-10300H/8GB/512GB SSD/15.6""",0,0,28,-0.7514941785218785,-0.2334141123167544,0,0.3586187731085387,0,-0.21029956689152413,2,3,11,7,1
"Acer ConceptD 3 CN315-72G Intel Core i5-10300H/8GB/512GB SSD/GTX 1650/15.6""",0,0,28,-0.7514941785218785,-0.2334141123167544,0,0.3586187731085387,0,0.03990223981529183,2,2,11,5,2
"Acer ConceptD 3 Ezel CC314-73G-73NV Intel Core i7-11800H/16GB/512GB SSD/RTX 3050 Ti/14"" Táctil",0,0,28,0.05940999313155344,-0.2334141123167544,0,-0.9724089666359824,1,1.2604151847161156,2,6,12,22,0
"Acer ConceptD 3 Ezel Pro CC314-73P-7407 Intel Core i7-11800H/16GB/1TB SSD/T1200/14"" Táctil",0,0,28,0.05940999313155344,1.1178740723470364,0,-0.9724089666359824,1,1.3214402832729841,2,9,12,40,3
"Acer ConceptD 3 Pro CN314-73P-73M6 Intel Core i7-11800H/16GB/1TB SSD/T1200/14""",0,0,28,0.05940999313155344,1.1178740723470364,0,-0.9724089666359824,0,0.8848820256233983,2,9,12,40,3
"Acer Enduro EN715-51W Intel Core i5-8250U/8GB/512GB SSD/15.6""",0,0,39,-0.7514941785218785,-0.2334141123167544,0,0.3586187731085387,0,2.336710930330054,2,3,11,7,1
"Acer Extensa 15 EX215-22 AMD Ryzen 3 3250U/8GB/256GB SSD/15.6""",0,0,43,-0.7514941785218785,-0.9422866026321857,0,0.3586187731085387,0,-1.033331825795524,0,3,6,7,1
"Acer Extensa 15 EX215-22-R32C AMD Ryzen 5 3500U/8GB/512GB SSD/15.6""",0,0,43,-0.7514941785218785,-0.2334141123167544,0,0.3586187731085387,0,-0.9015040054460073,0,3,7,7,1
"Acer Extensa 15 EX215-22-R6F9 AMD Ryzen 5 3500U/8GB/256GB SSD/15.6""",0,0,43,-0.7514941785218785,-0.9422866026321857,0,0.3586187731085387,0,-0.9213994385845801,0,3,7,7,1
"Acer Extensa 15 EX215-22-R7D2 AMD Ryzen 3 3250U/8GB/256GB SSD/15.6""",0,0,43,-0.7514941785218785,-0.9422866026321857,0,0.3586187731085387,0,-0.914815180513348,0,3,6,7,1
"Acer Extensa 15 EX215-52-330L Intel Core i3-1005G1/8GB/256GB SSD/15.6""",0,0,43,-0.7514941785218785,-0.9422866026321857,0,0.3586187731085387,0,-0.7641124870262995,2,3,10,7,1
"Acer Extensa 15 EX215-52-519J Intel Core i5-1035G1/8GB/512GB SSD/15.6""",0,0,43,-0.7514941785218785,-0.2334141123167544,0,0.3586187731085387,0,-0.7091229583680603,2,3,11,7,1
"Acer Extensa 15 EX215-53G-56MT Intel Core i5-1035G1/8GB/256GB SSD/MX330/15.6""",0,0,43,-0.7514941785218785,-0.9422866026321857,0,0.3586187731085387,0,-0.6842783579126116,2,4,11,9,2
"Acer Extensa 15 EX215-54-34HR Intel Core i3-1115G4/8GB/256GB SSD/15.6""",0,0,43,-0.7514941785218785,-0.9422866026321857,0,0.3586187731085387,0,-0.9119620020158141,2,3,10,7,1
"Acer Extensa 15 EX215-54-50UV Intel Core i5-1135G7/8GB/512GB SSD/15.6""",0,0,43,-0.7514941785218785,-0.2334141123167544,0,0.3586187731085387,0,-0.8461742901207545,2,3,11,7,1
"Acer TravelMate P2 Intel Core i5-1135G7/8GB/512GB SSD/14""",0,0,104,-0.7514941785218785,-0.2334141123167544,0,-0.9724089666359824,0,-0.5585958450962448,2,3,11,7,1
"Acer TravelMate P2 P214-53-593J Intel Core i5-1135G7/16GB/512GB SSD/14""",0,0,104,0.05940999313155344,-0.2334141123167544,0,-0.9724089666359824,0,-0.6615297462765052,2,3,11,7,1
"Acer TravelMate P2 P215-53-54GL Intel Core i5-1135G7/8GB/512GB SSD/15.6""",0,0,104,-0.7514941785218785,-0.2334141123167544,0,0.3586187731085387,0,-0.5737067173697222,2,3,11,7,1
"Acer TravelMate P2 TMP214-52-77KP Intel Core i7-10510U/8GB/512GB SSD/14""",0,0,104,-0.7514941785218785,-0.2334141123167544,0,-0.9724089666359824,0,-0.6566135002499852,2,3,12,7,1
"Acer TravelMate P2 TMP215-53 Intel Core i5-1135G7/8GB/256GB SSD/15.6""",0,0,104,-0.7514941785218785,-0.9422866026321857,0,0.3586187731085387,0,-0.6811069402749682,2,3,11,7,1
"Acer TravelMate TMP215-52 Intel Core i3-10110U/8GB/256GB SSD/15.6""",0,0,104,-0.7514941785218785,-0.9422866026321857,0,0.3586187731085387,0,-0.8399850875337963,2,3,10,7,1
"Asus ROG Strix SCAR 17 G733QS-K4016T AMD Ryzen 9 5900HX/32GB/1TB SSD/RTX 3080/17.3""",1,3,87,1.681218336438417,1.1178740723470364,0,1.7728357465870934,0,0.8121698689900928,0,6,9,25,0
Asus TUF Gaming A15 FA507RR AMD Ryzen 7 6800H/16GB/512GB SSD/RTX 3070/15.6'' (PT),0,3,98,0.05940999313155344,-0.2334141123167544,0,0.3586187731085387,0,0.15525844122327634,0,6,8,24,0
"Asus VivoBook F515EA-BR283T Intel Core i3-1115G4/8GB/256GB SSD/15.6""",0,3,113,-0.7514941785218785,-0.9422866026321857,0,0.3586187731085387,0,-0.8928676536092414,2,3,10,7,1
"Asus VivoBook S413FA-EB560T Intel Core i5-10210U/8GB/256GB SSD/14""",0,3,113,-0.7514941785218785,-0.9422866026321857,0,-0.9724089666359824,0,-0.6871644577005016,2,3,11,7,1
"Asus Vivobook S 15 OLED M3502QA-MA103W AMD Ryzen 7 5800H/16GB/512GB SSD/15.6""",0,3,113,0.05940999313155344,-0.2334141123167544,0,0.3586187731085387,0,0.12001071301528116,0,3,8,7,1
"Asus ZenBook 14 Ultralight UX435EAL-KC096T Intel Evo Core i7-1165G7/16GB/512GB SSD+32GB Intel Optane/14""",0,3,106,0.05940999313155344,-1.562550031658188,0,-0.9724089666359824,0,0.03990223981529183,2,3,12,7,1
"ConceptD 7 Ezel Pro CC715-72P-77J7 Intel Core i7-11800H/32GB/1TB SSD/RTX A3000/15.6"" Táctil",0,0,28,1.681218336438417,1.1178740723470364,0,0.3586187731085387,1,1.407233165941137,2,6,12,15,0
"Deep Gaming Nubian 15 Intel Core i7-13700H/32 GB/1TB SSD/RTX 3050/15.6""",0,4,75,1.681218336438417,1.1178740723470364,0,0.3586187731085387,0,0.10574482052761182,2,6,12,22,0
"Deep Gaming Nubian 15 Intel Core i7-13700H/32GB/1TB SSD/RTX 3050/15.6""",0,4,75,1.681218336438417,1.1178740723470364,0,0.3586187731085387,0,0.023441594637211835,2,6,12,22,0
"Deep Gaming Nubian 15 Intel Core i7-13700H/32GB/2TB SSD/RTX 3050/15.6""",0,4,75,1.681218336438417,3.8869072376416898,0,0.3586187731085387,0,0.23304047657143048,2,6,12,22,0
"Deep Gaming Nubian 15 Intel Core i7-13700H/64GB/1TB SSD/RTX 3050/15.6""",0,4,75,4.924835023052145,1.1178740723470364,0,0.3586187731085387,0,0.20231393890568114,2,6,12,22,0
"Deep Gaming Nubian 15 Intel Core i7-13700H/64GB/2TB SSD/RTX 3050/15.6""",0,4,75,4.924835023052145,3.8869072376416898,0,0.3586187731085387,0,0.33180434763991046,2,6,12,22,0
"Deep Gaming Nubian 17 Intel Core i7-13700H/32 GB/1TB SSD/RTX 3050/17.3""",0,4,75,1.681218336438417,1.1178740723470364,0,1.7728357465870934,0,0.1781716593111638,2,6,12,22,0
"Deep Gaming Nubian 17 Intel Core i7-13700H/64GB/1TB SSD/RTX 3050/17.3""",0,4,75,4.924835023052145,1.1178740723470364,0,1.7728357465870934,0,0.3581523536882905,2,6,12,22,0
"Dell Latitude 3320 Intel Core i7-1165G7/8GB/512GB SSD/13.3""",0,5,60,-0.7514941785218785,-0.2334141123167544,0,-1.5547336027742098,0,-0.058214179209517096,2,3,12,7,1
"Dell Latitude 3330 Intel Core i5-1155G7/8GB/256GB SSD/13.3""",0,5,60,-0.7514941785218785,-0.9422866026321857,0,-1.5547336027742098,0,-0.2939854869768828,2,3,11,7,1
"Dell Latitude 3410 Intel Core i7-10510U/8GB/256GB SSD/14""",0,5,60,-0.7514941785218785,-0.9422866026321857,0,-0.9724089666359824,0,-0.14785885284934058,2,3,12,7,1
"Dell Latitude 3420 Intel Core i5-1135G7/16 GB/512GB SSD/14"" (PT)",0,5,60,0.05940999313155344,-0.2334141123167544,0,-0.9724089666359824,0,-0.08207114095428104,2,3,11,7,1
"Dell Latitude 3420 Intel Core i5-1135G7/16GB/512GB SSD/14""",0,5,60,0.05940999313155344,-0.2334141123167544,0,-0.9724089666359824,0,-0.24322085724768414,2,3,11,7,1
Dell Latitude 3520 Intel Core i5-1135G7/8GB/256GB SSD/15.6'' (PT),0,5,60,-0.7514941785218785,-0.9422866026321857,0,0.3586187731085387,0,-0.4355031404545626,2,3,11,7,1
"Dell Latitude 3520 Intel Core i7-1165G7/16GB/512GB SSD/15.6"" (PT)",0,5,60,0.05940999313155344,-0.2334141123167544,0,0.3586187731085387,0,0.07769588114416356,2,3,12,7,1
"Dell Latitude 5320 Intel Core i5-1135G7/8 GB/256GB SSD/13.3""",0,5,60,-0.7514941785218785,-0.9422866026321857,0,-1.5547336027742098,0,-0.08880903171384165,2,3,11,7,1
"Dell Latitude 5330 Intel Core i5-1235U/8GB/256GB SSD/13.3""",0,5,60,-0.7514941785218785,-0.9422866026321857,0,-1.5547336027742098,0,-0.33540047024493214,2,3,11,7,1
"Dell Latitude 5520 Intel Core i5-1135G7/8GB/256GB SSD/15.6""",0,5,60,-0.7514941785218785,-0.9422866026321857,0,0.3586187731085387,0,1.2488927330914594,2,3,11,7,1
"Dell Latitude 5530 Intel Core i5-1235U/8GB/256GB SSD/15.6""",0,5,60,-0.7514941785218785,-0.9422866026321857,0,0.3586187731085387,0,-0.29858349386329325,2,3,11,7,1
"Dell Latitude 5540 Intel Core i5-1335U/8GB/256GB SSD/15.6""",0,5,60,-0.7514941785218785,-0.9422866026321857,0,0.3586187731085387,0,-0.006176592919880117,2,3,11,7,1
"Dell Latitude 7430 Intel Core i5-1235U/16GB/512GB SSD/14""",0,5,60,0.05940999313155344,-0.2334141123167544,0,-0.9724089666359824,0,0.16544209370678203,2,3,11,7,1
"Dell Latitude 7430 Intel Core i7-1255U/16GB/512GB SSD/14""",0,5,60,0.05940999313155344,-0.2334141123167544,0,-0.9724089666359824,0,0.35604539110549616,2,3,12,7,1
"Dell Latitude 7520 Intel Core i7-1185G7/16GB/512GB SSD/15.6""",0,5,60,0.05940999313155344,-0.2334141123167544,0,0.3586187731085387,0,0.790782004022041,2,3,12,7,1
"Dell Latitude 7530 Intel Core i5-1235U/16GB/512GB SSD/15.6""",0,5,60,0.05940999313155344,-0.2334141123167544,0,0.3586187731085387,0,0.0575699989730976,2,3,11,7,1
"Dell Latitude 7530 Intel Core i5-1235U/16GB/512GB SSD/15.6"" (PT)",0,5,60,0.05940999313155344,-0.2334141123167544,0,0.3586187731085387,0,0.39786640362127157,2,3,11,7,1
"Dell Latitude 7530 Intel Core i7-1255U/16GB/512GB SSD/15.6""",0,5,60,0.05940999313155344,-0.2334141123167544,0,0.3586187731085387,0,0.4417395099025808,2,3,12,7,1
"Dell Precision 3560 Intel Core i5-1135G7/8 GB/256GB SSD/15.6""",0,5,81,-0.7514941785218785,-0.9422866026321857,0,0.3586187731085387,0,-0.13458059907235614,2,3,11,7,1
"Dell Precision 3560 Intel Core i5-1135G7/8 GB/512GB SSD/Quadro T500/15.6""",0,5,81,-0.7514941785218785,-0.2334141123167544,0,0.3586187731085387,0,0.5879978291915475,2,9,11,42,3
"Dell Precision 5470 Intel Core i7-12800H/16GB/512GB SSD/RTX A1000/14""",0,5,81,0.05940999313155344,-0.2334141123167544,0,-0.9724089666359824,0,2.3663400916505983,2,6,12,13,0
"Dell Precision 5770 Intel Core i7-12700H/16GB/512GB SSD/RTX A2000/17"" Táctil",0,5,81,0.05940999313155344,-0.2334141123167544,0,1.5232680453849952,1,2.8788148448614885,2,6,12,14,0
"Dell Vostro 3400 Intel Core i5-1135G7/8GB/512GB SSD/14""",0,5,115,-0.7514941785218785,-0.2334141123167544,0,-0.9724089666359824,0,-0.42359660710908476,2,3,11,7,1
"Dell Vostro 3420 Intel Core i5-1135G7/8 GB/256GB SSD/14""",0,5,115,-0.7514941785218785,-0.9422866026321857,0,-0.9724089666359824,0,-0.6536396103544787,2,3,11,7,1
"Dell Vostro 3500 Intel Core i3-1115G4/8GB/256GB SSD/15.6""",0,5,115,-0.7514941785218785,-0.9422866026321857,0,0.3586187731085387,0,-0.41972286861050995,2,3,10,7,1
"Dell Vostro 3501 Intel Core i3-1005G1/4 GB/256GB SSD/15.6""",0,5,115,-1.1569462643485944,-0.9422866026321857,0,0.3586187731085387,0,-0.7812864268287631,2,3,10,7,1
"Dell Vostro 3501 Intel Core i3-1005G1/8GB/256GB SSD/15.6""",0,5,115,-0.7514941785218785,-0.9422866026321857,0,0.3586187731085387,0,-0.6844978331816527,2,3,10,7,1
"Dell Vostro 3510 Intel Core i5-1035G1/8GB/256GB SSD/15.6""",0,5,115,-0.7514941785218785,-0.9422866026321857,0,0.3586187731085387,0,-0.02575378691834317,2,3,11,7,1
"Dell Vostro 5320 Intel Evo Core i5-1240P/8GB/256GB SSD/13.3""",0,5,115,-0.7514941785218785,-0.9422866026321857,0,-1.5547336027742098,0,-0.43196958862300144,2,3,11,7,1
"Dell Vostro 5510 Intel Core i5-11300H/8GB/256GB SSD/15.6""",0,5,115,-0.7514941785218785,-0.9422866026321857,0,0.3586187731085387,0,-0.24313306714006777,2,3,11,7,1
"Dell Vostro 5515 AMD Ryzen 5 5500U/8GB/256GB SSD/15.6""",0,5,115,-0.7514941785218785,-0.9422866026321857,0,0.3586187731085387,0,0.6395964649431023,0,3,7,7,1
"Dell Vostro 5620 Intel Core i5-1240P/8GB/256GB SSD/16""",0,5,115,-0.7514941785218785,-0.9422866026321857,0,0.6913757080446693,0,-0.46613091424924347,2,3,11,7,1
Dell XPS 15 9520 Intel Core i7-12700H/16GB RAM/1TB SSD/RTX 3050 Ti/15.6'' (PT),0,5,117,0.05940999313155344,1.1178740723470364,0,0.3586187731085387,0,1.8649378657628295,2,6,12,22,0
"Dell XPS 15 9520 Intel Core i7-12700H/32GB/1TB SSD/RTX3050 Ti/15.6"" Táctil",1,5,117,1.681218336438417,1.1178740723470364,0,0.3586187731085387,1,1.652046854792995,2,6,12,22,0
"Dynabook Portégé X30-F-15T Intel Core i5-8265U/8GB/256GB SSD/13.3""",0,7,80,-0.7514941785218785,-0.9422866026321857,0,-1.5547336027742098,0,0.06280448413972702,2,3,11,7,1
"Dynabook Toshiba Portégé X30W-J-10P Intel Core i5-1135G7/16GB/512GB SSD/13.3"" Táctil",0,7,80,0.05940999313155344,-0.2334141123167544,0,-1.5547336027742098,1,0.011491166237925647,2,3,11,7,1
"Dynabook Toshiba Portégé X30W-J-148 Intel Core i5-1135G7/16GB/512GB SSD/13.3"" Táctil",0,7,80,0.05940999313155344,-0.2334141123167544,0,-1.5547336027742098,1,0.5128604708353384,2,3,11,7,1
"Dynabook Toshiba Portégé X30W-K-114 Intel Core i5-1240P/16GB/512GB SSD/13.3"" Táctil",0,7,80,0.05940999313155344,-0.2334141123167544,0,-1.5547336027742098,1,0.29449355190292914,2,3,11,7,1
"Dynabook Toshiba Satellite Pro A50-F-107 Intel Core i3-8145U/8GB/256GB SSD/15.6""",0,7,90,-0.7514941785218785,-0.9422866026321857,0,0.3586187731085387,0,-0.6342818916250567,2,3,10,7,1
"Dynabook Toshiba Satellite Pro C50-H-10C Intel Core i3-1005G1/8GB/512GB SSD/15.6""",1,7,90,-0.7514941785218785,-0.2334141123167544,0,0.3586187731085387,0,-1.0044818016800758,2,3,10,7,1
"Dynabook Toshiba Tecra A50-J-13Y Intel Core i5-1135G7/8GB/512GB SSD/15.6""",0,7,99,-0.7514941785218785,-0.2334141123167544,0,0.3586187731085387,0,-0.24101513079382142,2,3,11,7,1
"Gigabyte AERO 15 OLED YD-73ES624SP Intel Core i7-11800H/16GB/1TB SSD/RTX 3080/15.6""",0,8,14,0.05940999313155344,1.1178740723470364,0,0.3586187731085387,0,1.670811990296006,2,6,12,25,0
"Gigabyte AERO 16 XE5-73PT938HP Intel Core i7-12700H/16GB/2TB SSD/RTX 3070Ti/16"" (PT)",0,8,14,0.05940999313155344,3.8869072376416898,0,0.6913757080446693,0,1.1021625419740544,2,6,12,24,0
"Gigabyte AERO 17 XE5-73PT738HP Intel Core i7-12700H/16GB/2TB SSD/RTX 3070Ti/17.3"" (PT)",0,8,14,0.05940999313155344,3.8869072376416898,0,1.7728357465870934,0,1.005143499294451,2,6,12,24,0
"Gigabyte AORUS 15 XE4-73ESB14SH Intel Core i7-12700H/16GB/1TB SSD/RTX 3070Ti/15.6""",0,8,18,0.05940999313155344,1.1178740723470364,0,0.3586187731085387,0,1.0824097677603584,2,6,12,24,0
"Gigabyte AORUS 15X ASF-83ES654SH Intel Core i7-13700HX/16GB/1TB SSD/RTX 4070/15.6""",0,8,18,0.05940999313155344,1.1178740723470364,0,0.3586187731085387,0,1.315053552943889,2,6,12,28,0
"Gigabyte AORUS 17G KD-72ES325SD Intel Core i7-11800H/16GB/512GB SSD/RTX 3060/17.3""",0,8,18,0.05940999313155344,-0.2334141123167544,0,1.7728357465870934,0,0.26356948649504275,2,6,12,23,0
"Gigabyte AORUS 17H BXF-74ES554SH Intel Core i7-13700H/16GB/1TB SSD/RTX 4080/17.3""",0,8,18,0.05940999313155344,1.1178740723470364,0,1.7728357465870934,0,1.338515459204379,2,6,12,29,0
"Gigabyte AORUS 5 SE4-73PT213SH Intel Core i7-12700H/16GB/512GB SSD/RTX 3070Ti/15.6"" (PT)",0,8,18,0.05940999313155344,-0.2334141123167544,0,0.3586187731085387,0,0.6204582214827212,2,6,12,24,0
"Gigabyte G7 GD-51PT123SD Intel Core i5-11400H/16GB/512GB SSD/RTX 3050/17.3"" (PT)",0,8,50,0.05940999313155344,-0.2334141123167544,0,1.7728357465870934,0,0.06955334866273992,2,6,11,22,0
"Gigabyte U4 UD-50ES823SO Intel Core i5-1155G7/16GB/512GB SSD/14""",1,8,105,0.05940999313155344,-0.2334141123167544,0,-0.9724089666359824,0,-0.4539171155271081,2,3,11,7,1
"HP 15-DW3009NS Intel Core i5-1135G7/8GB/256GB SSD/MX350/15.6""",0,9,50,-0.7514941785218785,-0.9422866026321857,0,0.3586187731085387,0,-0.6888324697452138,2,3,11,7,1
"HP 15S-EQ1133NS AMD 3020e/4GB/256GB SSD/15.6""",0,9,4,-1.1569462643485944,-0.9422866026321857,0,0.3586187731085387,0,-1.0508788735553574,0,3,3,7,1
"HP 15S-EQ1142NS AMD 3020e/4GB/128GB SSD/15.6""",0,9,4,-1.1569462643485944,-1.2967228477899013,0,0.3586187731085387,0,-1.0373482232189757,0,3,3,7,1
"HP 15S-EQ1157NS AMD Athlon Silver 3050U/8GB/256GB SSD/15.6""",0,9,4,-0.7514941785218785,-0.9422866026321857,0,0.3586187731085387,0,-0.9356763048357014,0,3,0,7,1
"HP 15S-EQ1161NS AMD Athlon Silver 3050U/8GB/256GB SSD/15.6""",0,9,4,-0.7514941785218785,-0.9422866026321857,0,0.3586187731085387,0,-1.026747567724292,0,3,0,7,1
"HP 15S-EQ2094NS AMD Ryzen 5 5500U/8GB/256GB SSD/15.6""",0,9,4,-0.7514941785218785,-0.9422866026321857,0,0.3586187731085387,0,-0.9154187375032109,0,3,7,7,1
"HP 15S-EQ2098NS AMD Ryzen 3 5300U/8GB/256GB SSD/15.6""",0,9,4,-0.7514941785218785,-0.9422866026321857,0,0.3586187731085387,0,-0.802871819538952,0,3,6,7,1
"HP 15S-EQ2099NS AMD Ryzen 3 5300U/8GB/512GB SSD/15.6""",0,9,4,-0.7514941785218785,-0.2334141123167544,0,0.3586187731085387,0,-0.7895935657619675,0,3,6,7,1
"HP 15S-EQ2100NS AMD Ryzen 3 5300U/8GB/512GB SSD/15.6""",0,9,4,-0.7514941785218785,-0.2334141123167544,0,0.3586187731085387,0,-0.7966716431885419,0,3,6,7,1
"HP 15S-EQ2102NS AMD Ryzen 5 5500U/8GB/256GB SSD/15.6""",0,9,4,-0.7514941785218785,-0.9422866026321857,0,0.3586187731085387,0,-0.7883754780187895,0,3,7,7,1
"HP 15S-EQ2103NS AMD Ryzen 5 5500U/8GB/512GB SSD/15.6""",0,9,4,-0.7514941785218785,-0.2334141123167544,0,0.3586187731085387,0,-0.661705326491738,0,3,7,7,1
"HP 15S-EQ2104NS AMD Ryzen 5 5500U/8GB/512GB SSD/15.6""",0,9,4,-0.7514941785218785,-0.2334141123167544,0,0.3586187731085387,0,-0.832511954622948,0,3,7,7,1
"HP 15S-EQ2105NS AMD Ryzen 7 5700U/12GB/512GB SSD/15.6""",0,9,4,-0.3460420926951625,-0.2334141123167544,0,0.3586187731085387,0,-0.6545833540113554,0,3,8,7,1
"HP 15S-EQ2106NS AMD Ryzen 7 5700U/12GB/512GB SSD/15.6""",0,9,4,-0.3460420926951625,-0.2334141123167544,0,0.3586187731085387,0,-0.7015181402957874,0,3,8,7,1
"HP 15S-EQ2113NS AMD Ryzen 7 5700U/8GB/256GB SSD/15.6""",0,9,4,-0.7514941785218785,-0.9422866026321857,0,0.3586187731085387,0,-0.7814071382267356,0,3,8,7,1
"HP 15S-EQ2114NS AMD Ryzen 7 5700U/8GB/512GB SSD/15.6""",0,9,4,-0.7514941785218785,-0.2334141123167544,0,0.3586187731085387,0,-0.7666693739106281,0,3,8,7,1
"HP 15S-EQ2125NS AMD Ryzen 7 5700U/8GB/512GB SSD/15.6""",0,9,4,-0.7514941785218785,-0.2334141123167544,0,0.3586187731085387,0,-0.7805731322043795,0,3,8,7,1
"HP 15S-EQ2130NS AMD Ryzen 5 5500U/8GB/512GB SSD/15.6""",0,9,4,-0.7514941785218785,-0.2334141123167544,0,0.3586187731085387,0,-0.7239594865552366,0,3,7,7,1
"HP 15S-EQ2134NS AMD Ryzen 5 5500U/8GB/512GB SSD/15.6""",0,9,4,-0.7514941785218785,-0.2334141123167544,0,0.3586187731085387,0,-0.8489945473279321,0,3,7,7,1
"HP 15S-FQ0023NS Intel Celeron N4120/8GB/256GB SSD/15.6""",0,9,4,-0.7514941785218785,-0.9422866026321857,0,0.3586187731085387,0,-1.0725301088462584,2,3,1,7,1
"HP 15S-FQ2029NS Intel Core i5-1135G7/8GB/512GB SSD/15.6""",0,9,4,-0.7514941785218785,-0.2334141123167544,0,0.3586187731085387,0,-0.46829274564929796,2,3,11,7,1
"HP 15S-FQ2134NS Intel Core i3-1115G4/8GB/512GB SSD/15.6""",0,9,4,-0.7514941785218785,-0.2334141123167544,0,0.3586187731085387,0,-0.9450369250603029,2,3,10,7,1
"HP 15S-FQ2150NS Intel Core i3-1115G4/8GB/256GB SSD/15.6""",0,9,4,-0.7514941785218785,-0.9422866026321857,0,0.3586187731085387,0,-1.0246186576145937,2,3,10,7,1
"HP 15S-FQ2162NS Intel Core i3-1115G4/8GB/512GB SSD/15.6""",0,9,4,-0.7514941785218785,-0.2334141123167544,0,0.3586187731085387,0,-0.7311253540894274,2,3,10,7,1
"HP 15S-FQ3003NS Intel Celeron N4500/8GB/512GB SSD/15.6""",0,9,4,-0.7514941785218785,-0.2334141123167544,0,0.3586187731085387,0,-0.8731039056320933,2,3,1,7,1
"HP 15S-FQ3014NS Intel Celeron N4500/8GB/256GB SSD/15.6""",0,9,4,-0.7514941785218785,-0.9422866026321857,0,0.3586187731085387,0,-1.0519872236640146,2,3,1,7,1
"HP 15S-FQ3018NS Intel Celeron N4500/8GB/256GB SSD/15.6""",0,9,4,-0.7514941785218785,-0.9422866026321857,0,0.3586187731085387,0,-0.997304960382433,2,3,1,7,1
"HP 15S-FQ4038NS Intel Core i5-1155G7/8GB/512GB SSD/15.6""",0,9,4,-0.7514941785218785,-0.2334141123167544,0,0.3586187731085387,0,-0.7560687184159446,2,3,11,7,1
"HP 15S-FQ4048NS Intel Core i5-1155G7/8GB/512GB SSD/15.6""",0,9,4,-0.7514941785218785,-0.2334141123167544,0,0.3586187731085387,0,-0.86790234175582,2,3,11,7,1
"HP 15S-FQ4051NS Intel Core i5-1155G7/8GB/256GB SSD/15.6""",0,9,4,-0.7514941785218785,-0.9422866026321857,0,0.3586187731085387,0,-0.8134285799798273,2,3,11,7,1
"HP 15S-FQ4053NS Intel Core i5-1155G7/8GB/256GB SSD/15.6""",0,9,4,-0.7514941785218785,-0.9422866026321857,0,0.3586187731085387,0,-0.8445940681836588,2,3,11,7,1
"HP 15S-FQ4057NS Intel Core i5-1155G7/8GB/256GB SSD/15.6""",0,9,4,-0.7514941785218785,-0.9422866026321857,0,0.3586187731085387,0,-0.8974656604956518,2,3,11,7,1
"HP 15S-FQ4058NS Intel Core i5-1155G7/8GB/256GB SSD/15.6""",0,9,4,-0.7514941785218785,-0.9422866026321857,0,0.3586187731085387,0,-0.88393501015927,2,3,11,7,1
"HP 15S-FQ4060NS Intel Core i5-1155G7/8GB/512GB SSD/15.6""",0,9,4,-0.7514941785218785,-0.2334141123167544,0,0.3586187731085387,0,-0.8360455064545093,2,3,11,7,1
"HP 15S-FQ4065NS Intel Core i7-1195G7/8GB/512GB SSD/15.6""",0,9,4,-0.7514941785218785,-0.2334141123167544,0,0.3586187731085387,0,-0.6342818916250567,2,3,12,7,1
"HP 15S-FQ5016NS Intel Core i5-1235U/8GB/512GB SSD/15.6""",0,9,4,-0.7514941785218785,-0.2334141123167544,0,0.3586187731085387,0,-0.6075498038558548,2,3,11,7,1
"HP 15S-FQ5042NS Intel Core i7-1255U/8GB/512GB SSD/15.6""",0,9,4,-0.7514941785218785,-0.2334141123167544,0,0.3586187731085387,0,-0.4517223628366974,2,3,12,7,1
"HP 15S-FQ5072NS Intel Core i5-1235U/8GB/512GB SSD/15.6""",0,9,4,-0.7514941785218785,-0.2334141123167544,0,0.3586187731085387,0,-0.8631287546541768,2,3,11,7,1
"HP 15S-FQ5077NS Intel Core i5-1235U/8GB/512GB SSD/15.6""",0,9,4,-0.7514941785218785,-0.2334141123167544,0,0.3586187731085387,0,-0.6986320405078974,2,3,11,7,1
"HP 15S-FQ5079NS Intel Core i5-1235U/8GB/512GB SSD/15.6""",0,9,4,-0.7514941785218785,-0.2334141123167544,0,0.3586187731085387,0,-0.7655829713288748,2,3,11,7,1
"HP 15S-eq2097ns AMD Ryzen 3 5300U/8GB/256GB SSD/15.6""",0,9,4,-0.7514941785218785,-0.9422866026321857,0,0.3586187731085387,0,-0.9345130859097838,0,3,6,7,1
"HP 15S-fq2133ns Intel Core i3-1115G4/8GB/256GB SSD/15.6""",0,9,4,-0.7514941785218785,-0.9422866026321857,0,0.3586187731085387,0,-0.9661065508882453,2,3,10,7,1
"HP 15S-fq3011ns Intel Celeron N4500/8GB/256GB SSD/15.6""",0,9,4,-0.7514941785218785,-0.9422866026321857,0,0.3586187731085387,0,-0.9990717362982134,2,3,1,7,1
"HP 15s-eq2133ns AMD Ryzen 5 5500U/8GB/256GB SSD/15.6""",0,9,4,-0.7514941785218785,-0.9422866026321857,0,0.3586187731085387,0,-0.9170209069672107,0,3,7,7,1
"HP 15s-fq4049ns Intel Core i7-1195G7/8GB/512GB SSD/15.6""",0,9,4,-0.7514941785218785,-0.2334141123167544,0,0.3586187731085387,0,-0.7502526237863563,2,3,12,7,1
"HP 15s-fq4056ns Intel Core i7-1195G7/8GB/512GB SSD/15.6""",0,9,4,-0.7514941785218785,-0.2334141123167544,0,0.3586187731085387,0,-0.6545833540113554,2,3,12,7,1
"HP 17-CN0014NS Intel Core i3-1115G4/8GB/512GB SSD/17.3""",0,9,6,-0.7514941785218785,-0.2334141123167544,0,1.7728357465870934,0,-0.7149719742880047,2,3,10,7,1
"HP 250 G7 Intel Core i5-1035G1/8 GB/256GB SSD/15.6""",0,9,7,-0.7514941785218785,-0.9422866026321857,0,0.3586187731085387,0,0.4584196303497019,2,3,11,7,1
"HP 250 G8 2X7L0EA Intel Core i3-1115G4/8GB/256GB SSD/15.6""",0,9,7,-0.7514941785218785,-0.9422866026321857,0,0.3586187731085387,0,-0.9289713353664968,2,3,10,7,1
"HP 250 G8 Intel Core i3-1115G4/8 GB/512GB SSD/15.6""",0,9,7,-0.7514941785218785,-0.2334141123167544,0,0.3586187731085387,0,-0.9511493113030967,2,3,10,7,1
"HP 250 G8 Intel Core i3-1115G4/8GB/256GB SSD/15.6"" Plata",0,9,7,-0.7514941785218785,-0.9422866026321857,0,0.3586187731085387,0,-0.7969569610382953,2,3,10,7,1
"HP 250 G8 Intel Core i5-1135G7/8 GB/256 GB SSD/15.6""",0,9,7,-0.7514941785218785,-0.9422866026321857,0,0.3586187731085387,0,-0.4790689813592143,2,3,11,7,1
"HP 250 G8 Intel Core i5-1135G7/8GB/512GB SSD/15.6""",0,9,7,-0.7514941785218785,-0.2334141123167544,0,0.3586187731085387,0,-0.6273025780695507,2,3,11,7,1
"HP 250 G9 Intel Core i5-1235U/8GB/256GB SSD/15.6""",0,9,7,-0.7514941785218785,-0.9422866026321857,0,0.3586187731085387,0,-0.5724337608092841,2,3,11,7,1
"HP 250 G9 Intel Core i5-1235U/8GB/512 GB SSD/15.6""",0,9,7,-0.7514941785218785,-0.2334141123167544,0,0.3586187731085387,0,-0.4725615396321467,2,3,11,7,1
"HP 255 G7 AMD Ryzen 5 3500U/8 GB/256 GB SSD/15.6""",0,9,8,-0.7514941785218785,-0.9422866026321857,0,0.3586187731085387,0,-0.23894108950138324,0,3,7,7,1
"HP 255 G8 AMD Ryzen 3 3250U/8 GB/256 GB SSD/15.6""",0,9,8,-0.7514941785218785,-0.9422866026321857,0,0.3586187731085387,0,-0.9405486558084132,0,3,6,7,1
"HP 255 G8 AMD Ryzen 3 5300U/8GB/256GB SSD/15.6""",0,9,8,-0.7514941785218785,-0.9422866026321857,0,0.3586187731085387,0,-0.5196060635510994,0,3,6,7,1
"HP 255 G8 AMD Ryzen 5 3500U/8 GB/256GB SSD/15.6""",0,9,8,-0.7514941785218785,-0.9422866026321857,0,0.3586187731085387,0,-0.7329799201128243,0,3,7,7,1
"HP 255 G9 AMD Ryzen 5 5625U/8GB/256GB SSD/15.6""",0,9,8,-0.7514941785218785,-0.9422866026321857,0,0.3586187731085387,0,-0.8489835735644801,0,3,7,7,1
"HP 340S G7 Intel Core i3-1005G1/8GB/2565GB SSD/14""",0,9,50,-0.7514941785218785,-0.9422866026321857,0,-0.9724089666359824,0,-0.8028059769582396,2,3,10,7,1
"HP ChromeBook 14a-na0023ns Intel Celeron N4120/4GB/64GB eMMC/14""",0,9,26,-1.1569462643485944,-1.4739409703687592,1,-0.9724089666359824,0,-1.079421632294148,2,3,1,7,1
"HP Chromebook 11MK G9 Mediatek MT8183/4GB/32GB EMMC/11.6""",0,9,26,-1.1569462643485944,-1.562550031658188,1,-2.9689505762527646,0,-0.9378600837626601,3,3,2,7,1
"HP Chromebook X360 11 G3 Intel Celeron N4020/4GB/32GB eMMC/11.6"" Táctil",0,9,26,-1.1569462643485944,-1.562550031658188,1,-2.9689505762527646,1,-1.0756795789569977,2,3,1,7,1
"HP ENVY 13-ba1001np Intel Core i5-1135G7/8GB/512GB SSD/13.3""(PT)",0,9,40,-0.7514941785218785,-0.2334141123167544,0,-1.5547336027742098,0,-0.28822426116455485,2,3,11,7,1
HP ENVY x360 2-in-1 Laptop 15-ew0008np Intel Core i7-1255U/16GB/512GB SSD/RTX2050/Tátil (PT),0,9,40,0.05940999313155344,-0.2334141123167544,0,0.3586187731085387,1,0.6045243169503398,2,6,12,17,0
"HP Elite Dragonfly G3 Intel Core i7-1255U/16GB/1TB SSD/13.5""",0,9,54,0.05940999313155344,1.1178740723470364,0,-1.3883551353061454,0,0.4239949344006105,2,3,12,7,1
"HP EliteBook 1040 G9 Intel Core i7-1255U/32GB/1TB SSD/14""",0,9,38,1.681218336438417,1.1178740723470364,0,-0.9724089666359824,0,1.3059014342248763,2,3,12,7,1
"HP EliteBook 1040 Intel Core i5-1235U/16GB/512GB SSD/14""",0,9,38,0.05940999313155344,-0.2334141123167544,0,-0.9724089666359824,0,0.34218552786555295,2,3,11,7,1
"HP EliteBook 630 G9 Intel Core i5-1235U/8GB/512GB SSD/13.3""",0,9,38,-0.7514941785218785,-0.2334141123167544,0,-1.5547336027742098,0,-0.2967069803129921,2,3,11,7,1
"HP EliteBook 640 G9 Intel Core i5-1235U/8GB/512GB SSD/14""",1,9,38,-0.7514941785218785,-0.2334141123167544,0,-0.9724089666359824,0,0.17738154834261594,2,3,11,7,1
"HP EliteBook 650 G9 Intel Core i5-1235U/8GB/512GB SSD/15.6""",0,9,38,-0.7514941785218785,-0.2334141123167544,0,0.3586187731085387,0,-0.27220256652455704,2,3,11,7,1
"HP EliteBook 840 G8 Intel Core i5-1135G7/8GB/256GB SSD/14""",0,9,38,-0.7514941785218785,-0.9422866026321857,0,-0.9724089666359824,0,0.22754262108195175,2,3,11,7,1
"HP EliteBook 840 G9 Intel Core i5-1235U/16GB/512GB SSD/14""",1,9,38,0.05940999313155344,-0.2334141123167544,0,-0.9724089666359824,0,0.7827821304654942,2,3,11,7,1
"HP EliteBook 850 G8 Intel Core i5-1135G7/8GB/256GB SSD/15.6""",0,9,38,-0.7514941785218785,-0.9422866026321857,0,0.3586187731085387,0,-0.3266104857198374,2,3,11,7,1
"HP EliteBook 860 G9 Intel Core i5-1235U/16GB/512GB SSD/16""",0,9,38,0.05940999313155344,-0.2334141123167544,0,0.6913757080446693,0,0.1653433298357134,2,3,11,7,1
"HP EliteBook x360 1030 G8 Intel Core i5-1135G7/16GB/512GB SSD/13.3"" Táctil",0,9,38,0.05940999313155344,-0.2334141123167544,0,-1.5547336027742098,1,0.7531968641987584,2,3,11,7,1
"HP EliteBook x360 830 G8 Intel Core i5-1135G7/8GB/512GB SSD/13.3"" Táctil",0,9,38,-0.7514941785218785,-0.2334141123167544,0,-1.5547336027742098,1,-0.2860624297645003,2,3,11,7,1
HP Laptop 15S-EQ2052NP AMD Ryzen 7-5700U/12GB/256GB SSD/15.6'' (PT),0,9,4,-0.3460420926951625,-0.9422866026321857,0,0.3586187731085387,0,-0.6173384008550863,0,3,8,7,1
"HP OMEN 16-B1018NS Intel Core i7-12700H/16GB/1TB SSD/RTX 3060/16.1""",0,9,76,0.05940999313155344,1.1178740723470364,0,0.774564941778703,0,0.3457849222778264,2,6,12,23,0
"HP OMEN 16-c0007np AMD Ryzen 7 5800H/16GB/512GB SSD/RTX 3070/16.1""(PT)",0,9,76,0.05940999313155344,-0.2334141123167544,0,0.774564941778703,0,0.7819810457334943,0,6,8,24,0
"HP Pavilion 14-DV2006NS Intel Core i5-1235U/16GB/512GB SSD/14""",0,9,79,0.05940999313155344,-0.2334141123167544,0,-0.9724089666359824,0,-0.3683217606010921,2,3,11,7,1
"HP Pavilion 14-dv1009ns Intel Core i5-1155G7/16GB/512GB SSD/14""",0,9,79,0.05940999313155344,-0.2334141123167544,0,-0.9724089666359824,0,-0.4299723636747277,2,3,11,7,1
"HP Pavilion 15-EH1001NS AMD Ryzen 5 5500U/16GB/512GB SSD/15.6""",0,9,79,0.05940999313155344,-0.2334141123167544,0,0.3586187731085387,0,-0.5447689031466576,0,3,7,7,1
"HP Pavilion x360 14-ek0018ns Intel Core  i5-1235U/8GB/512GB SSD/14"" Táctil",0,9,79,-0.7514941785218785,-0.2334141123167544,0,-0.9724089666359824,1,-0.35734799714903875,2,3,11,7,1
"HP Pavilion x360 14-ek0039ns Intel Core i3-1215U/8GB/256GB SSD/14"" Táctil",0,9,79,-0.7514941785218785,-0.9422866026321857,0,-0.9724089666359824,1,-0.5702390081188734,2,3,10,7,1
"HP Pavilion x360 14-ek0032ns Intel Core i7-1255U/16GB/512GB SSD/14"" Táctil",0,9,79,0.05940999313155344,-0.2334141123167544,0,-0.9724089666359824,1,-0.11811995389427614,2,3,12,7,1
"HP ProBook 430 G6 Intel Core i5-8265U/4GB/500GB/13.3""",0,9,85,-1.1569462643485944,-0.26664251030029024,0,-1.5547336027742098,0,-0.431058766256481,2,3,11,7,1
"HP ProBook 450 G8 Intel Core i5-1135G7/8GB/256GB SSD/15.6""",0,9,85,-0.7514941785218785,-0.9422866026321857,0,0.3586187731085387,0,0.09503442739840778,2,3,11,7,1
"HP ProBook 450 G8 Intel Core i5-1135G7/8GB/256GB SSD/15.6"" Plata",0,9,85,-0.7514941785218785,-0.9422866026321857,0,0.3586187731085387,0,-0.5885432455568983,2,3,11,7,1
"HP Victus 15-fa0053ns Intel Core i5-12450H/16GB/512GB SSD/RTX 3050/15.6""",0,9,112,0.05940999313155344,-0.2334141123167544,0,0.3586187731085387,0,-0.45390614176365607,2,6,11,22,0
"HP Victus 16-D1024NS Intel Core i7-12700H/16GB/512GB SSD/RTX 3050 Ti/16.1""",0,9,112,0.05940999313155344,-0.2334141123167544,0,0.774564941778703,0,-0.10080335516693602,2,6,12,22,0
"HP Victus 16-D1025NS Intel Core i7-12700H/16GB/512GB SSD/RTX 3050 Ti/16.1""",0,9,112,0.05940999313155344,-0.2334141123167544,0,0.774564941778703,0,-0.012771824754564159,2,6,12,22,0
"HP Victus 16-D1036NS Intel Core i7-12700H/16GB/512GB SSD/RTX 3050 Ti/16.1""",0,9,112,0.05940999313155344,-0.2334141123167544,0,0.774564941778703,0,-0.13131041756364423,2,6,12,22,0
"HP Victus 16-E0068NS AMD Ryzen 5-5600H/8GB/512GB SSD/GTX 1650/16.1""",0,9,112,-0.7514941785218785,-0.2334141123167544,0,0.774564941778703,0,-0.5488182218604654,0,2,7,5,2
"HP Victus 16-E0071NS AMD Ryzen 7 5800H/8GB/512GB SSD/RX 5500M/16.1""",0,9,112,-0.7514941785218785,-0.2334141123167544,0,0.774564941778703,0,-0.44280069315017806,0,8,8,38,3
"HP Victus 16-E0094NS AMD Ryzen 5 5600H/16GB/512GB SSD/RTX 3050Ti/16.1""",0,9,112,0.05940999313155344,-0.2334141123167544,0,0.774564941778703,0,-0.4907889607260073,0,6,7,22,0
"HP Victus 16-E0098NS AMD Ryzen 7 5800H/16GB/512GB SSD/RTX 3050/16.1""",0,9,112,0.05940999313155344,-0.2334141123167544,0,0.774564941778703,0,-0.3446623265984652,0,6,8,22,0
"HP Victus 16-E0100NS AMD Ryzen 5 5600H/8GB/512GB SSD/GTX 1650/16.1""",0,9,112,-0.7514941785218785,-0.2334141123167544,0,0.774564941778703,0,-0.5706230898396953,0,2,7,5,2
"HP ZBook Firefly 14 G8 Intel Core i5-1135G7/16GB/512 GB SSD/14""",0,9,119,0.05940999313155344,-0.2334141123167544,0,-0.9724089666359824,0,1.222665438441052,2,3,11,7,1
"HP ZBook Firefly 14 G8 Intel Core i5-1135G7/16GB/512GB SSD/14""",0,9,119,0.05940999313155344,-0.2334141123167544,0,-0.9724089666359824,0,0.07940778824268382,2,3,11,7,1
"HP ZBook Firefly 14 G9 Intel Core i7-1260P/16 GB/512GB SSD/14""",0,9,119,0.05940999313155344,-0.2334141123167544,0,-0.9724089666359824,0,0.5106766919083797,2,3,12,7,1
"HP ZBook Firefly 14 G9 Intel Core i7-1260P/16GB/512GB SSD/14""",0,9,119,0.05940999313155344,-0.2334141123167544,0,-0.9724089666359824,0,0.7511008753794162,2,3,12,7,1
"HP ZBook Firefly 14 G9 Intel Core i7-1265U/16GB/512GB SSD/Quadro T500/14""",0,9,119,0.05940999313155344,-0.2334141123167544,0,-0.9724089666359824,0,0.5348518927932532,2,9,12,42,3
"HP ZBook Firefly 16 G9 Intel Core i7-1265U/16GB/512GB SSD/Quadro T500/16""",0,9,119,0.05940999313155344,-0.2334141123167544,0,0.6913757080446693,0,0.5348518927932532,2,9,12,42,3
"HP ZBook Firefly G8 Intel Core i5-1135G7/16GB/512GB SSD/14"" Táctil",0,9,119,0.05940999313155344,-0.2334141123167544,0,-0.9724089666359824,1,1.2223581730643946,2,3,11,7,1
"HP ZBook Firefly G8 Intel Core i7-1165G7/16GB/512GB SSD/14""",0,9,119,0.05940999313155344,-0.2334141123167544,0,-0.9724089666359824,0,1.2855451030213176,2,3,12,7,1
"HP ZBook Fury 16 G9 Intel Core i7-12800HX/16GB/512GB SSD/RTX A2000/16""",1,9,119,0.05940999313155344,-0.2334141123167544,0,0.6913757080446693,0,2.6165638458843183,2,6,12,14,0
"HP ZBook Fury 16 G9 Intel Core i7-12800HX/32GB/1TB SSD/RTX A3000/16""",0,9,119,1.681218336438417,1.1178740723470364,0,0.6913757080446693,0,3.8735096854459594,2,6,12,15,0
"HP ZBook Power G9 Intel Core i7-12800H/16GB/512GB SSD/NVIDIA T600/15.6""",0,9,119,0.05940999313155344,-0.2334141123167544,0,0.3586187731085387,0,0.7639621261452226,2,9,12,44,3
"HP ZBook Studio G8 Intel Core i7-11850H/16GB/512GB SSD/RTX A3000/15.6""",0,9,119,0.05940999313155344,-0.2334141123167544,0,0.3586187731085387,0,4.451102750981335,2,6,12,15,0
"HP ZBook Studio G9 Intel Core i7-12700H/32GB/512GB SSD/RTX 3060/16""",0,9,119,1.681218336438417,-0.2334141123167544,0,0.6913757080446693,0,2.55147845485019,2,6,12,23,0
"HP ZBook Studio G9 Intel Core i7-12800H/32GB/1TB SSD/RTX A2000/16""",0,9,119,1.681218336438417,1.1178740723470364,0,0.6913757080446693,0,2.704869720382991,2,6,12,14,0
"InnJoo Voom Excellence Intel Celeron N4020/8GB/256GB SSD/15.6""",0,10,114,-0.7514941785218785,-0.9422866026321857,0,0.3586187731085387,0,-1.098768377260118,2,3,1,7,1
"InnJoo Voom Excellence Pro Intel Celeron N4020/8GB/512GB SSD/15.6""",0,10,114,-0.7514941785218785,-0.2334141123167544,0,0.3586187731085387,0,-1.009683365556349,2,3,1,7,1
"Innjoo Voom Intel Celeron N3350/4GB/64GB eMMC/14.1""",0,10,114,-1.1569462643485944,-1.4739409703687592,1,-0.8892197329019501,0,-1.1645780366820817,2,3,1,7,1
"Innjoo Voom Laptop Max Intel Celeron N3350/6GB/64GB eMMC/14.1""",0,10,114,-0.9542202214352364,-1.4739409703687592,1,-0.8892197329019501,0,-1.0194939100824847,2,3,1,7,1
"Innjoo Voom Laptop Pro Intel Celeron N3350/6GB/128GB SSD/14.1""",0,10,114,-0.9542202214352364,-1.2967228477899013,0,-0.8892197329019501,0,-1.092568200909708,2,3,1,7,1
"Innjoo Voom Pro Intel Celeron N3350/6GB/128GB eMMC/14.1""",0,10,114,-0.9542202214352364,-1.2967228477899013,1,-0.8892197329019501,0,-0.967072242072026,2,3,1,7,1
"Jetwing N1510P3 Intel Core i3-1005G1/8GB/256GB SSD/15.6""",0,11,70,-0.7514941785218785,-0.9422866026321857,0,0.3586187731085387,0,-0.9254926523521959,2,3,10,7,1
"LG Gram 16Z90Q-G.AP75B Intel Core i7-1260P/16GB/512GB SSD/16""",0,12,55,0.05940999313155344,-0.2334141123167544,0,0.6913757080446693,0,0.44762144711288127,2,3,12,7,1
"LG Gram 17Z90Q Intel Core i7-1260P/16GB/512GB SSD/17""",0,12,55,0.05940999313155344,-0.2334141123167544,0,1.5232680453849952,0,0.36632780746007026,2,3,12,7,1
"Lenovo 100e Chromebook Gen 3 AMD 3015Ce/4GB/32GB eMMC/11.6""",0,13,26,-1.1569462643485944,-1.562550031658188,1,-2.9689505762527646,0,-1.0816163849845586,0,3,3,7,1
"Lenovo 100e Intel Celeron N4020/4GB/128GB SSD/11.6""",0,13,0,-1.1569462643485944,-1.2967228477899013,0,-2.9689505762527646,0,-1.099349986723077,2,3,1,7,1
"Lenovo 14w Gen 2 AMD 3015e/4GB/128GB SSD/14""",0,13,3,-1.1569462643485944,-1.2967228477899013,0,-0.9724089666359824,0,-0.934567954727044,0,3,3,7,1
"Lenovo IdeaPad 1 14ADA7 AMD 3020e/4GB/128GB eMMC/14""",0,13,56,-1.1569462643485944,-1.2967228477899013,1,-0.9724089666359824,0,-0.9630997397023827,0,3,3,7,1
"Lenovo IdeaPad 1 14ADA7 AMD 3020e/4GB/256GB SSD/14""",0,13,56,-1.1569462643485944,-0.9422866026321857,0,-0.9724089666359824,0,-0.977365632190052,0,3,3,7,1
"Lenovo IdeaPad 1 15ADA7 AMD Ryzen 5 3500U/8 GB/512GB SSD/15.6""",0,13,56,-0.7514941785218785,-0.2334141123167544,0,0.3586187731085387,0,-0.832511954622948,0,3,7,7,1
"Lenovo IdeaPad 1 15ALC7 AMD Ryzen 7 5700U/8GB/512GB SSD/15.6""",0,13,56,-0.7514941785218785,-0.2334141123167544,0,0.3586187731085387,0,-0.48903315857367874,0,3,8,7,1
"Lenovo IdeaPad 3 15ALC6 AMD Ryzen 5 5500U/8GB/512GB SSD/15.6"" Azul",0,13,56,-0.7514941785218785,-0.2334141123167544,0,0.3586187731085387,0,-0.8573785026053008,0,3,7,7,1
"Lenovo IdeaPad 3 15ALC6 AMD Ryzen 7 5700U/8GB/512GB SSD/15.6""",0,13,56,-0.7514941785218785,-0.2334141123167544,0,0.3586187731085387,0,-0.6153631234337167,0,3,8,7,1
"Lenovo IdeaPad 3 15ITL6 Intel Core i3-1115G4/8GB/256GB SSD/15.6""",1,13,56,-0.7514941785218785,-0.9422866026321857,0,0.3586187731085387,0,-0.8599463632530814,2,3,10,7,1
"Lenovo IdeaPad 3 15ITL6 Intel Core i3-1115G4/8GB/512GB SSD/15.6""",0,13,56,-0.7514941785218785,-0.2334141123167544,0,0.3586187731085387,0,-0.8391949765652486,2,3,10,7,1
"Lenovo IdeaPad 3 17ABA7 AMD Ryzen 5 5625U/8GB/512GB SSD/17.3""",0,13,56,-0.7514941785218785,-0.2334141123167544,0,1.7728357465870934,0,-0.45830662090792945,0,3,7,7,1
"Lenovo IdeaPad 3 Chromebook 15IJL6 Intel Celeron N4500/8GB/128GB EMMC/15.6""",0,13,56,-0.7514941785218785,-1.2967228477899013,1,0.3586187731085387,0,-0.8048470969603215,2,3,1,7,1
"Lenovo IdeaPad 5 14ITL05 Intel Core i5-1135G7/8 GB/512GB SSD/14""",0,13,56,-0.7514941785218785,-0.2334141123167544,0,-0.9724089666359824,0,-0.32601790249342655,2,3,11,7,1
"Lenovo IdeaPad 5 Pro 14ITL6 Intel Core i5-1135G7/8GB/512GB SSD/14""",0,13,56,-0.7514941785218785,-0.2334141123167544,0,-0.9724089666359824,0,-0.04141334736442326,2,3,11,7,1
Lenovo IdeaPad Gaming 3 15ACH06 AMD Ryzen 5 5600H/8GB/512GB SSD/RTX 3050/15.6'' (PT),0,13,56,-0.7514941785218785,-0.2334141123167544,0,0.3586187731085387,0,-0.3472411610096976,0,6,7,22,0
Lenovo IdeaPad Gaming 3 15ACH6 AMD Ryzen 5 5600H/16GB/512GB SSD/RTX 3060,0,13,56,0.05940999313155344,-0.2334141123167544,0,0.3586187731085387,0,0.2110929496673238,0,6,7,23,0
"Lenovo IdeaPad Gaming 3 15ACH6 AMD Ryzen 7 5800H/16GB/512GB SSD/RTX 3050/15.6""",0,13,56,0.05940999313155344,-0.2334141123167544,0,0.3586187731085387,0,-0.39904829826684146,0,6,8,22,0
"Lenovo IdeaPad Gaming 3 15IAH7 Intel Core i5-12450H/16GB/512GB SSD/RTX 3050/15.6""",0,13,56,0.05940999313155344,-0.2334141123167544,0,0.3586187731085387,0,-0.11703355131252285,2,6,11,22,0
"Lenovo IdeaPad Gaming 3 15IAH7 Intel Core i7-12650H/16GB/512GB SSD/RTX 3050/15.6""",0,13,56,0.05940999313155344,-0.2334141123167544,0,0.3586187731085387,0,-0.23445282024949352,2,6,12,22,0
"Lenovo Legion 5 15IAH7H Intel Core i7-12700H/16GB/1TB SSD/RTX 3070/15.6""",0,13,61,0.05940999313155344,1.1178740723470364,0,0.3586187731085387,0,1.114233681771313,2,6,12,24,0
"Lenovo Legion 5 15IAH7H Intel Core i7-12700H/16GB/512GB SSD/RTX 3070/15.6""",0,13,61,0.05940999313155344,-0.2334141123167544,0,0.3586187731085387,0,1.1811736388288383,2,6,12,24,0
"Lenovo Legion 5 Pro 16IAH7H Intel Core i7-12700H/16GB/1TB SSD/RTX 3060/16""",0,13,61,0.05940999313155344,1.1178740723470364,0,0.6913757080446693,0,0.6928411652124651,2,6,12,23,0
"Lenovo Legion 5 Pro 16IAH7H Intel Core i7-12700H/32 GB/1TB SSD/RTX 3070/16""",0,13,61,1.681218336438417,1.1178740723470364,0,0.6913757080446693,0,1.2119001764945876,2,6,12,24,0
Lenovo Legion PRO 7 16IRX8H-566 Intel Core i9-13900HX/32GB/1TB SSD/RTX 4080/16'' (PT),0,13,61,1.681218336438417,1.1178740723470364,0,0.6913757080446693,0,4.066329683061988,2,6,13,29,0
"Lenovo ThinkBook 13x Intel Evo Core i5-1130G7/16GB/512GB SSD/13.3""",0,13,101,0.05940999313155344,-0.2334141123167544,0,-1.5547336027742098,0,-0.16440728813503716,2,3,11,7,1
"Lenovo ThinkBook 14 G3 ACL AMD Ryzen 5 5500U/8GB/256GB SSD/14""",0,13,101,-0.7514941785218785,-0.9422866026321857,0,-0.9724089666359824,0,-0.4801992789947759,0,3,7,7,1
"Lenovo ThinkBook 14 G3 ACL AMD Ryzen 7 5700U/16GB/512GB SSD/14""",0,13,101,0.05940999313155344,-0.2334141123167544,0,-0.9724089666359824,0,-0.2553907609160112,0,3,8,7,1
"Lenovo ThinkBook 14 G4 ABA AMD Ryzen 7 5825U/16GB/512GB SSD/14""",0,13,101,0.05940999313155344,-0.2334141123167544,0,-0.9724089666359824,0,-0.17137562792709093,0,3,8,7,1
"Lenovo ThinkBook 14 G4 IAP Intel Core i5-1235U/16GB/512GB SSD/14""",0,13,101,0.05940999313155344,-0.2334141123167544,0,-0.9724089666359824,0,-0.3556799851043267,2,3,11,7,1
"Lenovo ThinkBook 14 G4 IAP Intel Core i7-1255U/16GB/512GB SSD/14""",0,13,101,0.05940999313155344,-0.2334141123167544,0,-0.9724089666359824,0,0.048681250576934496,2,3,12,7,1
"Lenovo ThinkBook 14 Gen 4+ Intel Core i5-1235U/8GB/256GB SSD/14""",0,13,101,-0.7514941785218785,-0.9422866026321857,0,-0.9724089666359824,0,-0.4599307378988333,2,3,11,7,1
"Lenovo ThinkBook 14s Yoga Intel Core i5-1135G7/8GB/256GB SSD/14"" Táctil",1,13,101,-0.7514941785218785,-0.9422866026321857,0,-0.9724089666359824,1,-0.5680552291919148,2,3,11,7,1
"Lenovo ThinkBook 15 AMD Ryzen 5 4500U/8GB/256GB SSD/15.6""",1,13,101,-0.7514941785218785,-0.9422866026321857,0,0.3586187731085387,0,-0.5769110562977219,0,3,7,7,1
"Lenovo ThinkBook 15 G2 ITL Intel Core i3-1115G4/8GB/256GB SSD/15.6""",1,13,101,-0.7514941785218785,-0.9422866026321857,0,0.3586187731085387,0,-0.4806930983501182,2,3,10,7,1
"Lenovo ThinkBook 15 G2 ITL Intel Core i5-1135G7/8GB/256GB SSD/15.6""",0,13,101,-0.7514941785218785,-0.9422866026321857,0,0.3586187731085387,0,-0.342785813048164,2,3,11,7,1
"Lenovo ThinkBook 15 G2 ITL Intel Core i7-1165G7/16GB/512GB SSD/15.6""",1,13,101,0.05940999313155344,-0.2334141123167544,0,0.3586187731085387,0,-0.30289618289995024,2,3,12,7,1
"Lenovo ThinkBook 15 G3 ACL AMD Ryzen 3 5300U/8GB/256GB SSD/15.6""",0,13,101,-0.7514941785218785,-0.9422866026321857,0,0.3586187731085387,0,-0.6229130726887294,0,3,6,7,1
"Lenovo ThinkBook 15 G4 ABA AMD Ryzen 5 5625U/8GB/256GB SSD/15.6""",0,13,101,-0.7514941785218785,-0.9422866026321857,0,0.3586187731085387,0,-0.5113428196717033,0,3,7,7,1
"Lenovo ThinkBook 15 G4 ABA AMD Ryzen 7 5825U/16GB/512GB SSD/15.6""",0,13,101,0.05940999313155344,-0.2334141123167544,0,0.3586187731085387,0,-0.17895849847245987,0,3,8,7,1
"Lenovo ThinkBook 15 Gen 4 IAP Intel Core i5-1235U/8GB/256GB SSD/15.6""",0,13,101,-0.7514941785218785,-0.9422866026321857,0,0.3586187731085387,0,-0.456583740045957,2,3,11,7,1
"Lenovo ThinkBook 15p Intel Core i5-10300H/16GB/512GB SSD/GTX 1650/15.6""",1,13,101,0.05940999313155344,-0.2334141123167544,0,0.3586187731085387,0,0.041054484977757384,2,2,11,5,2
"Lenovo ThinkBook 16p AMD Ryzen 7 5800H/16GB/512GB SSD/RTX 3060/16""",0,13,101,0.05940999313155344,-0.2334141123167544,0,0.6913757080446693,0,1.618170847016506,0,6,8,23,0
"Lenovo ThinkBook 16p AMD Ryzen 9 5900HX/32GB/1TB SSD/RTX 3060/16""",0,13,101,1.681218336438417,1.1178740723470364,0,0.6913757080446693,0,1.2195927846744772,0,6,9,23,0
"Lenovo ThinkBook 16p G2 ACH AMD Ryzen 7 5800H/16GB/512GB SSD/RTX 3060/16""",0,13,101,0.05940999313155344,-0.2334141123167544,0,0.6913757080446693,0,0.47884180413397304,0,6,8,23,0
"Lenovo ThinkBook Plus G3 IAP Intel Core i7-12700H/32GB/1TB SSD/17.3"" Táctil",0,13,101,1.681218336438417,1.1178740723470364,0,1.7728357465870934,1,1.6958431447301396,2,3,12,7,1
"Lenovo ThinkPad E14 Gen 2 Intel Core i5-1135G7/16GB/512GB SSD/14""",0,13,102,0.05940999313155344,-0.2334141123167544,0,-0.9724089666359824,0,-0.06489720115181749,2,3,11,7,1
"Lenovo ThinkPad E15 Gen 4 AMD Ryzen 5 5625U/16GB/512GB SSD/15.6""",0,13,102,0.05940999313155344,-0.2334141123167544,0,0.3586187731085387,0,-0.27614214760384415,0,3,7,7,1
"Lenovo ThinkPad E15 Gen 4 AMD Ryzen 5 5625U/8GB/256GB SSD/15.6""",0,13,102,-0.7514941785218785,-0.9422866026321857,0,0.3586187731085387,0,-0.3402398999272876,0,3,7,7,1
"Lenovo ThinkPad E15 Gen 4 Intel Core i5-1235U/8GB/256GB SSD/15.6""",0,13,102,-0.7514941785218785,-0.9422866026321857,0,0.3586187731085387,0,-0.19493629805864945,2,3,11,7,1
"Lenovo ThinkPad L13 Gen 3 Intel Core i5-1235U/16 GB/512GB SSD/13.3""",0,13,102,0.05940999313155344,-0.2334141123167544,0,-1.5547336027742098,0,0.12163483000618507,2,3,11,7,1
"Lenovo ThinkPad L13 Gen 3 Intel Core i5-1235U/8GB/256GB SSD/13.3""",0,13,102,-0.7514941785218785,-0.9422866026321857,0,-1.5547336027742098,0,-0.14774911521482015,2,3,11,7,1
"Lenovo ThinkPad L13 Yoga Gen 2 Intel Core i5-1135G7/8GB/256GB SSD/13.3"" Táctil",0,13,102,-0.7514941785218785,-0.9422866026321857,0,-1.5547336027742098,1,-0.40928681956760726,2,3,11,7,1
"Lenovo ThinkPad L13 Yoga Gen 3 Intel Core i5-1235U/8GB/256GB SSD/13.3"" Táctil",0,13,102,-0.7514941785218785,-0.9422866026321857,0,-1.5547336027742098,1,0.01795471291118517,2,3,11,7,1
"Lenovo ThinkPad L14 Gen 2 Intel Core i5-1135G7/8GB/512GB SSD/14""",0,13,102,-0.7514941785218785,-0.2334141123167544,0,-0.9724089666359824,0,-0.43196958862300144,2,3,11,7,1
"Lenovo ThinkPad L14 Gen 3 Intel Core i5-1235U/8GB/256GB SSD/14""",0,13,102,-0.7514941785218785,-0.9422866026321857,0,-0.9724089666359824,0,-0.1664045130833108,2,3,11,7,1
"Lenovo ThinkPad L14 Gen 3 Intel Core i7-1255U/16 GB/512GB SSD/14""",0,13,102,0.05940999313155344,-0.2334141123167544,0,-0.9724089666359824,0,0.26646656004638497,2,3,12,7,1
"Lenovo ThinkPad L15 Gen 3 Intel Core i7-1255U/16GB/512GB SSD/15.6""",0,13,102,0.05940999313155344,-0.2334141123167544,0,0.3586187731085387,0,0.04558664928345553,2,3,12,7,1
"Lenovo ThinkPad P1 Gen 5 Intel Core i7-12700H/16GB/1TB SSD/RTX A2000/16""",0,13,102,0.05940999313155344,1.1178740723470364,0,0.6913757080446693,0,3.1012201087442537,2,6,12,14,0
"Lenovo ThinkPad P14s Gen 3 Intel Core i7-1260P/16GB/512GB SSD/Quadro T550/14""",0,13,102,0.05940999313155344,-0.2334141123167544,0,-0.9724089666359824,0,0.946335100954897,2,9,12,43,3
"Lenovo ThinkPad P15 Gen 2 Intel Core i7-11800H/16GB/512GB SSD/RTX A2000/15.6""",0,13,102,0.05940999313155344,-0.2334141123167544,0,0.3586187731085387,0,0.8069683051138197,2,6,12,14,0
Lenovo ThinkPad P15 Gen 2 Intel Core i7-11850H/16GB/512GB SSD/RTX A2000,0,13,102,0.05940999313155344,-0.2334141123167544,0,0.3586187731085387,0,1.3787013809657982,2,6,12,14,0
"Lenovo ThinkPad P16 Gen 1 Intel Core i7-12800HX/16GB/512GB SSD/RTX A1000/16""",0,13,102,0.05940999313155344,-0.2334141123167544,0,0.6913757080446693,0,2.2115222368690297,2,6,12,13,0
"Lenovo ThinkPad P16s Gen 1 Intel Core i7-1260P/16GB/512GB SSD/Quadro T550/16""",0,13,102,0.05940999313155344,-0.2334141123167544,0,0.6913757080446693,0,0.8991918131648758,2,9,12,43,3
"Lenovo ThinkPad P17 Gen 2 Intel Core i7-11800H/16GB/512GB SSD/RTX A2000/17.3""",0,13,102,0.05940999313155344,-0.2334141123167544,0,1.7728357465870934,0,1.3885558205457422,2,6,12,14,0
"Lenovo ThinkPad T14 Gen 3 Intel Core i5-1235U/8GB/256GB SSD/14""",0,13,102,-0.7514941785218785,-0.9422866026321857,0,-0.9724089666359824,0,0.5150661972892011,2,3,11,7,1
"Lenovo ThinkPad T14 Gen 3 Intel Core i7-1260P/32GB/1TB SSD/MX550/14""",0,13,102,1.681218336438417,1.1178740723470364,0,-0.9724089666359824,0,1.4917201707584953,2,4,12,11,2
"Lenovo ThinkPad T14s G3 Intel Core i5-1240P/16GB/512GB SSD/14""",0,13,102,0.05940999313155344,-0.2334141123167544,0,-0.9724089666359824,0,0.8289158320179264,2,3,11,7,1
"Lenovo ThinkPad T14s Gen 2 Intel Core i5-1135G7/8GB/256GB SSD/14""",0,13,102,-0.7514941785218785,-0.9422866026321857,0,-0.9724089666359824,0,-0.09789530785214179,2,3,11,7,1
"Lenovo ThinkPad T14s Gen 2 Intel Evo Core i5-1135G7/8 GB/256GB SSD/14""",0,13,102,-0.7514941785218785,-0.9422866026321857,0,-0.9724089666359824,0,0.21936716731017197,2,3,11,7,1
"Lenovo ThinkPad T15 Gen 2 Intel Core i7-1165G7/16GB/512GB SSD/15.6""",0,13,102,0.05940999313155344,-0.2334141123167544,0,0.3586187731085387,0,0.21327672859428243,2,3,12,7,1
"Lenovo ThinkPad T15 Gen 2 Intel Core i7-1185G7/16GB/2TB SSD/MX 450/15.6""",0,13,102,0.05940999313155344,3.8869072376416898,0,0.3586187731085387,0,0.5293320897768704,2,4,12,10,2
"Lenovo ThinkPad T15 Intel Core i5-10210U/8GB/256GB SSD/15.6""",0,13,102,-0.7514941785218785,-0.9422866026321857,0,0.3586187731085387,0,-0.5087859327873747,2,3,11,7,1
"Lenovo ThinkPad T16 Gen 1 Intel Core i5-1235U/16GB/512GB SSD/16""",0,13,102,0.05940999313155344,-0.2334141123167544,0,0.6913757080446693,0,0.6719910146535637,2,3,11,7,1
"Lenovo ThinkPad X1 Carbon Gen 9 Intel Evo Core i5-1135G7/8 GB/256GB SSD/14""",0,13,102,-0.7514941785218785,-0.9422866026321857,0,-0.9724089666359824,0,0.02447312840170491,2,3,11,7,1
"Lenovo ThinkPad X1 Nano Gen 2 Intel Evo Core i7-1260P/16GB/1TB SSD/13"" Táctil",0,13,102,0.05940999313155344,1.1178740723470364,0,-1.8043013039763083,1,1.9697702280202947,2,3,12,7,1
"Lenovo ThinkPad X1 Nano Intel Core i7-1160G7/16GB/1TB SSD/13""",0,13,102,0.05940999313155344,1.1178740723470364,0,-1.8043013039763083,0,0.709927314907312,2,3,12,7,1
"Lenovo ThinkPad X13 Intel Core i5-10210U/8GB/512GB SSD/13.3""",0,13,102,-0.7514941785218785,-0.2334141123167544,0,-1.5547336027742098,0,0.05044802649271497,2,3,11,7,1
"Lenovo ThinkPad X13s G1 Qualcomm Snapdragon 8cx Gen 3/16GB/256GB SSD/13.3""",0,13,102,0.05940999313155344,-0.9422866026321857,0,-1.5547336027742098,0,0.7510021115083477,5,3,2,7,1
"Lenovo ThinkPad Z13 AMD Ryzen 7 Pro 6850H/16GB/512GB SSD/13.3""",0,13,102,0.05940999313155344,-0.2334141123167544,0,-1.5547336027742098,0,0.8289158320179264,0,3,8,7,1
"Lenovo ThinkPad Z16 G1 AMD Ryzen 7 Pro 6850H/16GB/512GB SSD/16""",0,13,102,0.05940999313155344,-0.2334141123167544,0,0.6913757080446693,0,1.0626569935466623,0,3,8,7,1
"Lenovo Thinkpad P15 G2 Intel Core i7-11800H/16GB/512GB SSD/15.6""",0,13,102,0.05940999313155344,-0.2334141123167544,0,0.3586187731085387,0,0.7536358147368406,2,3,12,7,1
"Lenovo Thinkpad X1 Carbon Intel Evo Core i7-1165G7/32GB/1TB SSD/14""",0,13,102,1.681218336438417,1.1178740723470364,0,-0.9724089666359824,0,2.6429667207499583,2,3,12,7,1
"Lenovo V14 G2 ALC AMD Ryzen 3 5300U/8GB/256GB SSD/14""",0,13,107,-0.7514941785218785,-0.9422866026321857,0,-0.9724089666359824,0,-0.6097994253635256,0,3,6,7,1
"Lenovo V14 IIL Intel Core i5-1035G1/8GB/256GB/14""",1,13,107,-0.7514941785218785,-0.9422866026321857,0,-0.9724089666359824,0,-1.0058644958750345,2,3,11,7,1
"Lenovo V14 IML Intel Core i3-10110U/8GB/512GB SSD/14""",0,13,107,-0.7514941785218785,-0.2334141123167544,0,-0.9724089666359824,0,-0.876549667356038,2,3,10,7,1
"Lenovo V15 G2 ALC AMD Ryzen 7 5700U/8 GB/512GB SSD/15.6""",0,13,108,-0.7514941785218785,-0.2334141123167544,0,0.3586187731085387,0,-0.8208578178368674,0,3,8,7,1
"Lenovo V15 G2 ITL Intel Core i3-1115G4/8GB/256GB/15.6""",0,13,108,-0.7514941785218785,-0.9422866026321857,0,0.3586187731085387,0,-0.7150926856859774,2,3,10,7,1
"Lenovo V15 G2 ITL Intel Core i7-1165G7/8 GB/512GB SSD/15.6""",0,13,108,-0.7514941785218785,-0.2334141123167544,0,0.3586187731085387,0,-0.7142477059001693,2,3,12,7,1
"Lenovo V15 G2 Intel Core i5-1135G7/8GB/512GB SSD/15.6""",0,13,108,-0.7514941785218785,-0.2334141123167544,0,0.3586187731085387,0,-0.8845166196222287,2,3,11,7,1
"Lenovo V15 G3 ABA AMD Ryzen 5 5625U/8GB/256GB SSD/15.6""",0,13,108,-0.7514941785218785,-0.9422866026321857,0,0.3586187731085387,0,-0.6525422340092734,0,3,7,7,1
"Lenovo V15 G3 ABA AMD Ryzen 5 5625U/8GB/512GB SSD/15.6""",0,13,108,-0.7514941785218785,-0.2334141123167544,0,0.3586187731085387,0,-0.839502241941906,0,3,7,7,1
"Lenovo V15 G3 IAP Intel Core i5-1235U/16GB/512GB SSD/15.6""",0,13,108,0.05940999313155344,-0.2334141123167544,0,0.3586187731085387,0,-0.3661270079106814,2,3,11,7,1
"Lenovo V15 G3 IAP Intel Core i5-1235U/8GB/256GB SSD/15.6""",0,13,108,-0.7514941785218785,-0.9422866026321857,0,0.3586187731085387,0,-0.5153811646220587,2,3,11,7,1
"Lenovo V15 IGL Intel Celeron N4020/8 GB/256 GB SSD/15.6""",0,13,108,-0.7514941785218785,-0.9422866026321857,0,0.3586187731085387,0,-1.0675919152928346,2,3,1,7,1
"Lenovo V15 IIL Intel Celeron N4020/4GB/256GB SSD/15.6""",0,13,108,-1.1569462643485944,-0.9422866026321857,0,0.3586187731085387,0,-1.0443055892475774,2,3,1,7,1
"Lenovo V15 Intel Core i3-1115G4/8 GB/512GB SSD/15.6""",0,13,108,-0.7514941785218785,-0.2334141123167544,0,0.3586187731085387,0,-0.8076454066405953,2,3,10,7,1
"Lenovo Yoga 7 14ARB7 AMD Ryzen 5 6600U/8GB/512GB SSD/14"" Táctil",0,13,118,-0.7514941785218785,-0.2334141123167544,0,-0.9724089666359824,1,-0.001798061302510828,0,3,7,7,1
"Lenovo Yoga 9 14IAP7 Intel Evo Core i7-1260P/16GB/1TB SSD/14"" Táctil",0,13,118,0.05940999313155344,1.1178740723470364,0,-0.9724089666359824,1,1.1755221506510307,2,3,12,7,1
"Lenovo Yoga 9 14ITL5 Intel Evo Core i7-1185G7/16GB/1TB SSD/14"" Táctil UHD",0,13,118,0.05940999313155344,1.1178740723470364,0,-0.9724089666359824,1,1.4631993595466088,2,3,12,7,1
"Lenovo Yoga Chromebook C630 Intel Core i5-8250U/8GB/128GB/15.6"" Táctil",0,13,118,-0.7514941785218785,-1.2967228477899013,0,0.3586187731085387,1,-0.15858021974199665,2,3,11,7,1
"Lenovo Yoga Slim 7 14ITL05 Intel Core i7-1165G7/16GB/1TB SSD/14""",0,13,118,0.05940999313155344,1.1178740723470364,0,-0.9724089666359824,0,0.8362463060038978,2,3,12,7,1
"Lenovo Yoga Slim 7 Pro 14IHU5 Intel Evo Core i7-11370H/16GB/512GB SSD/14""",0,13,118,0.05940999313155344,-0.2334141123167544,0,-0.9724089666359824,0,0.34308537646862125,2,3,12,7,1
"Lenovo Yoga Slim 7 Pro Intel Evo Core i7-1260P/8GB/512GB SSD/14""",0,13,118,-0.7514941785218785,-0.2334141123167544,0,-0.9724089666359824,0,-0.04569311511072415,2,3,12,7,1
"Lenovo Yoga Slim 7 ProX 14IAH7 Intel Evo Core i5-12500H/16 GB/512GB SSD/14.5""",0,13,118,0.05940999313155344,-0.2334141123167544,0,-0.5564627979658194,0,0.3099885058972283,2,3,11,7,1
"Lenovo Yoga Slim 9 14ITL5 Intel Evo Core i7-1165G7/16GB/1TB SSD/14"" Táctil",0,13,118,0.05940999313155344,1.1178740723470364,0,-0.9724089666359824,1,1.5718286439584845,2,3,12,7,1
"MSI Bravo 15 B5DD-007XES AMD Ryzen 5 5600H/8GB/512GB SSD/RX5500M/15.6""",0,14,25,-0.7514941785218785,-0.2334141123167544,0,0.3586187731085387,0,-0.4250122225943996,0,8,7,38,3
"MSI Creator Pro Z17 A12UMST-200ES Intel Core i9-12900H/64GB/2TB SSD/RTX A5500/17"" Táctil",0,14,29,4.924835023052145,3.8869072376416898,0,1.5232680453849952,1,2.3437560864662723,2,6,13,16,0
"MSI Katana 15 B13VEK-030XES Intel Core i7-13620H/16GB/1TB SSD/RTX 4050/15.6""",0,14,58,0.05940999313155344,1.1178740723470364,0,0.3586187731085387,0,-0.09038925365093739,2,6,12,26,0
"MSI Katana GF66 12UGS-663XES  Intel Core i7-12700H/16GB/1TB SSD/RTX 3070Ti/15.6""",0,14,58,0.05940999313155344,1.1178740723470364,0,0.3586187731085387,0,0.9730123199068386,2,6,12,24,0
"MSI Katana GF66 Intel Core i7-11800H/16GB/512GB SSD/RTX3050/15.6""",0,14,58,0.05940999313155344,-0.2334141123167544,0,0.3586187731085387,0,0.20555119912403694,2,6,12,22,0
"MSI Katana GF76 12UGS-448XES Intel Core i7-12700H/16GB/512GB SSD/RTX 3070Ti/17.3""",0,14,58,0.05940999313155344,-0.2334141123167544,0,1.7728357465870934,0,1.0871723810985496,2,6,12,24,0
"MSI Modern 15 A11M-1050XES Intel Core i7-1195G7/16GB/512GB SSD/15.6""",0,14,68,0.05940999313155344,-0.2334141123167544,0,0.3586187731085387,0,-0.1080679865721952,2,3,12,7,1
"MSI Prestige 14 A12UC-047ES Intel Core i7-1280P/16GB/1TB SSD/RTX 3050/14""",0,14,83,0.05940999313155344,1.1178740723470364,0,-0.9724089666359824,0,0.4601864062654824,2,6,12,22,0
"MSI Raider GE78HX 13VI-201ES Intel Core i7-13700H/32GB/1TB SSD/RTX 4090/17""",0,14,88,1.681218336438417,1.1178740723470364,0,1.5232680453849952,0,2.800242698544787,2,6,12,30,0
MSI Stealth 15M B12UE-019ES Intel Core i7-1280P/16GB/1TB SSD/RTX 3060/15.6'',1,14,92,0.05940999313155344,1.1178740723470364,0,0.3586187731085387,0,0.5337215951576918,2,6,12,23,0
"MSI Stealth GS77 12UHS-086ES Intel Core i7-12700H/32GB/1TB SSD/RTX 3080Ti/17.3""",0,14,92,1.681218336438417,1.1178740723470364,0,1.7728357465870934,0,2.580372374019446,2,6,12,25,0
"MSI Summit E14 Evo A12M-084ES Intel Core i7-1280P/32GB/1TB SSD/14""",0,14,93,1.681218336438417,1.1178740723470364,0,-0.9724089666359824,0,0.4349138290354036,2,3,12,7,1
"MSI Summit E16 Flip A12UDT-001ES Intel Core i7-1280P/32GB/1TB SSD/RTX3050Ti/16"" Táctil",1,14,93,1.681218336438417,1.1178740723470364,0,0.6913757080446693,1,1.0824097677603584,2,6,12,22,0
"MSI Titan GT77 HX 13VI-007ES Intel Core i9-13980HX/64GB/2TB SSD/RTX 4090/17.3""",0,14,103,4.924835023052145,3.8869072376416898,0,1.7728357465870934,0,4.038862353141498,2,6,13,30,0
"MSI WS63 8SL-013ES Vpro Intel Core i7-8850H/32GB/512GB SSD+1TB/P4200/15.6""",0,14,116,1.681218336438417,1.1178740723470364,0,0.3586187731085387,0,2.8398579846066996,2,3,12,7,1
"Medion Akoya E15301 AMD Ryzen 3 3200U/8GB/256GB SSD/15.6"" Plata",0,15,15,-0.7514941785218785,-0.9422866026321857,0,0.3586187731085387,0,-1.0345938085925102,0,3,6,7,1
"Medion Akoya E15301 AMD Ryzen 5 3500U/8 GB/256GB SSD/15.6""",0,15,15,-0.7514941785218785,-0.9422866026321857,0,0.3586187731085387,0,-1.0015188855480215,0,3,7,7,1
"Medion Akoya E15303 MD62129 AMD Ryzen 5 3500U/8GB/256GB SSD/15.6""",0,15,15,-0.7514941785218785,-0.9422866026321857,0,0.3586187731085387,0,-0.711910294284882,0,3,7,7,1
"Medion Akoya E3221 Intel Celeron N4020/4GB/64GB eMMC/13.3""",0,15,15,-1.1569462643485944,-1.4739409703687592,1,-1.5547336027742098,0,-0.9237478239633194,2,3,1,7,1
"Medion Akoya E4251 Intel Celeron N4020/4GB/128GB/14""",0,15,15,-1.1569462643485944,-1.2967228477899013,1,-0.9724089666359824,0,-1.146921251287728,2,3,1,7,1
"Medion Akoya E6247 Intel Celeron N4020/8GB/256 GB SSD/15.6""",0,15,15,-0.7514941785218785,-0.9422866026321857,0,0.3586187731085387,0,-0.9924655307000774,2,3,1,7,1
"Medion Akoya S15449 Intel Core i5-1135G7/8 GB/512GB SSD/15.6""",0,15,15,-0.7514941785218785,-0.2334141123167544,0,0.3586187731085387,0,-0.7838872087668998,2,3,11,7,1
"Medion Akoya S15449-MD61991 Intel Core i5-1135G7/8GB/512GB SSD/15.6""",0,15,15,-0.7514941785218785,-0.2334141123167544,0,0.3586187731085387,0,-0.7042835286857049,2,3,11,7,1
"Microsoft Surface Go 2 Intel Core M3-8100Y/8GB/128 GB SSD/10.5"" 4G Táctil Platino",0,16,94,-0.7514941785218785,-1.2967228477899013,0,-3.884032147327123,1,-0.1810325397648978,2,3,4,7,1
"Microsoft Surface Go 3 Business 4G LTE Intel Core i3-10100Y/8 GB/256GB SSD/10.5"" Táctil Platino",0,16,94,-0.7514941785218785,-0.9422866026321857,0,-3.884032147327123,1,-0.3079660616147988,2,3,10,7,1
"Microsoft Surface Go 3 Business 4G LTE Intel Core i3-10100Y/8GB/256GB SSD/10.5"" Táctil Platino",0,16,94,-0.7514941785218785,-0.9422866026321857,0,-3.884032147327123,1,-0.3893804126655825,2,3,10,7,1
"Microsoft Surface Go 3 Intel Core i3-10100Y/8GB/128 GB SSD/10.5"" Táctil Platino",0,16,94,-0.7514941785218785,-1.2967228477899013,0,-3.884032147327123,1,-0.5537783629407934,2,3,10,7,1
"Microsoft Surface Go 3 Intel Core i3-10100Y/8GB/128GB SSD/10.5"" Táctil Platino",0,16,94,-0.7514941785218785,-1.2967228477899013,0,-3.884032147327123,1,-0.4923252876092947,2,3,10,7,1
"Microsoft Surface Laptop 4 Negro Intel Core i5-1145G7/16GB/512GB SSD/13.5"" Táctil",0,16,95,0.05940999313155344,-0.2334141123167544,0,-1.3883551353061454,1,0.7806861416461519,2,3,11,7,1
"Microsoft Surface Laptop 4 Negro Intel Core i5-1145G7/8GB/256GB SSD/13.5"" Táctil",0,16,95,-0.7514941785218785,-0.9422866026321857,0,-1.3883551353061454,1,-0.3960414870809788,2,3,11,7,1
"Microsoft Surface Laptop 4 Negro Intel Core i5-1145G7/8GB/512 GB SSD/13.5"" Táctil",0,16,95,-0.7514941785218785,-0.2334141123167544,0,-1.3883551353061454,1,0.3899652939357931,2,3,11,7,1
"Microsoft Surface Laptop 4 Negro Intel Core i7-1185G7/8GB/512GB SSD/15"" Táctil",0,16,95,-0.7514941785218785,-0.2334141123167544,0,-0.14051662929565653,1,-0.06743214050924175,2,3,12,7,1
"Microsoft Surface Laptop 4 Platino AMD Ryzen 7 4980U/8GB/256GB SSD/15"" Táctil",0,16,95,-0.7514941785218785,-0.9422866026321857,0,-0.14051662929565653,1,0.36970772660330264,0,3,8,7,1
"Microsoft Surface Laptop 4 Platino Intel Core i5-1145G7/16GB/512GB SSD/13.5"" Táctil",0,16,95,0.05940999313155344,-0.2334141123167544,0,-1.3883551353061454,1,2.6724093280918173,2,3,11,7,1
"Microsoft Surface Laptop 4 Platino Intel Core i5-1145G7/8GB/256GB SSD/13.5"" Táctil",0,16,95,-0.7514941785218785,-0.9422866026321857,0,-1.3883551353061454,1,-0.399992041923718,2,3,11,7,1
"Microsoft Surface Laptop 5 Alcántara Intel Evo Core i5-1245U/16GB/512GB SSD/13.5"" Táctil",0,16,95,0.05940999313155344,-0.2334141123167544,0,-1.3883551353061454,1,0.5862310532757669,2,3,11,7,1
"Microsoft Surface Laptop 5 Alcántara Intel Evo Core i5-1245U/8GB/256GB SSD/13.5"" Táctil",0,16,95,-0.7514941785218785,-0.9422866026321857,0,-1.3883551353061454,1,0.00969146903178904,2,3,11,7,1
"Microsoft Surface Laptop 5 Alcántara Intel Evo Core i5-1245U/8GB/512GB SSD/13.5"" Táctil",0,16,95,-0.7514941785218785,-0.2334141123167544,0,-1.3883551353061454,1,0.2893029617901079,2,3,11,7,1
"Microsoft Surface Laptop 5 Alcántara Intel Evo Core i7-1265U/16GB/512GB SSD/13.5"" Táctil",0,16,95,0.05940999313155344,-0.2334141123167544,0,-1.3883551353061454,1,0.7792046835801248,2,3,12,7,1
"Microsoft Surface Laptop 5 Negro Intel Evo Core i5-1245U/8GB/512GB SSD/13.5"" Táctil",0,16,95,-0.7514941785218785,-0.2334141123167544,0,-1.3883551353061454,1,0.2893029617901079,2,3,11,7,1
"Microsoft Surface Laptop 5 Negro Intel Evo Core i7-1265U/16GB/256GB SSD/15"" Táctil",0,16,95,0.05940999313155344,-0.9422866026321857,0,-0.14051662929565653,1,1.0967853978825481,2,3,12,7,1
"Microsoft Surface Laptop 5 Negro Intel Evo Core i7-1265U/16GB/512GB SSD/13.5"" Táctil",0,16,95,0.05940999313155344,-0.2334141123167544,0,-1.3883551353061454,1,0.7792046835801248,2,3,12,7,1
"Microsoft Surface Laptop 5 Platino Intel Evo Core i7-1255U/8 GB/256GB SSD/15"" Táctil",0,16,95,-0.7514941785218785,-0.9422866026321857,0,-0.14051662929565653,1,0.3800779330654931,2,3,12,7,1
"Microsoft Surface Laptop 5 Platino Intel Evo Core i7-1265U/16GB/256GB SSD/15"" Táctil",0,16,95,0.05940999313155344,-0.9422866026321857,0,-0.14051662929565653,1,0.8679275610899762,2,3,12,7,1
"Microsoft Surface Laptop 5 Platino Intel Evo Core i7-1265U/16GB/512GB SSD/15"" Táctil",0,16,95,0.05940999313155344,-0.2334141123167544,0,-0.14051662929565653,1,0.9193176953359419,2,3,12,7,1
"Microsoft Surface Laptop 5 Platino Intel Evo Core i7-1265U/8GB/512GB SSD/15"" Táctil",0,16,95,-0.7514941785218785,-0.2334141123167544,0,-0.14051662929565653,1,0.5768375117608092,2,3,12,7,1
"Microsoft Surface Laptop Go 2 Intel Core i5-1135G7/8GB/128GB SSD/12.4"" Táctil Platino (PT)",0,16,95,-0.7514941785218785,-1.2967228477899013,0,-2.3034367063805035,1,-0.5362203414175081,2,3,11,7,1
"Microsoft Surface Laptop Go Intel Core i5-1035G1/4GB/64GB eMMC/12.4"" Táctil",0,16,95,-1.1569462643485944,-1.4739409703687592,1,-2.3034367063805035,1,-0.6866925858720634,2,3,11,7,1
"Microsoft Surface Laptop Go Intel Core i5-1035G1/8GB/256GB SSD/12.4"" Táctil",0,16,95,-0.7514941785218785,-0.9422866026321857,0,-2.3034367063805035,1,-0.19580322537136163,2,3,11,7,1
"Microsoft Surface Laptop Studio Intel Core i7-11370H/16GB/512GB SSD/RTX 3050 Ti/14.4"" Táctil Platino",0,16,95,0.05940999313155344,-0.2334141123167544,0,-0.6396520316998517,1,1.0446051526680349,2,6,12,22,0
"Microsoft Surface Pro 7 Intel Core i7-1065G7/16GB/256GB/12.3"" Negro",0,16,96,0.05940999313155344,-0.9422866026321857,0,-2.3866259401145355,0,0.3691151433768918,2,3,12,7,1
"Microsoft Surface Pro 7 Intel Core i7-1065G7/16GB/512GB/12.3"" Platino",0,16,96,0.05940999313155344,-0.2334141123167544,0,-2.3866259401145355,0,0.8629344987192917,2,3,12,7,1
"Microsoft Surface Pro 7+ Intel Core i5-1135G7/8GB/128GB SSD/12.3"" Táctil Platino",1,16,96,-0.7514941785218785,-1.2967228477899013,0,-2.3866259401145355,1,-0.33211931497276814,2,3,11,7,1
"Microsoft Surface Pro 7+ Intel Evo Core i7-1165G7/16GB/1TB SSD/12.3"" Táctil Platino",0,16,96,0.05940999313155344,1.1178740723470364,0,-2.3866259401145355,1,1.678833811379457,2,3,12,7,1
"Microsoft Surface Pro 8 4G LTE Intel Core i5-1145G7/16GB/512GB SSD/13"" Táctil Platino",0,16,96,0.05940999313155344,-0.2334141123167544,0,-1.8043013039763083,1,0.663201030128469,2,3,11,7,1
"Microsoft Surface Pro 8 4G LTE Intel Evo Core i5-1145G7/8GB/256GB SSD/13"" Táctil Platino",0,16,96,-0.7514941785218785,-0.9422866026321857,0,-1.8043013039763083,1,0.09035960416783308,2,3,11,7,1
"Microsoft Surface Pro 8 4G LTE Intel Evo Core i7-1185G7/16GB/256GB SSD/13"" Táctil Platino",0,16,96,0.05940999313155344,-0.9422866026321857,0,-1.8043013039763083,1,0.6420545879563623,2,3,12,7,1
"Microsoft Surface Pro 8 Intel Core i7-1185G7/16 GB/256GB SSD/13"" Táctil Platino",0,16,96,0.05940999313155344,-0.9422866026321857,0,-1.8043013039763083,1,0.4525047718490451,2,3,12,7,1
"Microsoft Surface Pro 8 Intel Evo Core i5-1145G7/8GB/128GB SSD/13"" Táctil Platino",0,16,96,-0.7514941785218785,-1.2967228477899013,0,-1.8043013039763083,1,0.2955909282481345,2,3,11,7,1
"Microsoft Surface Pro 8 Intel Evo Core i7-1185G7/16GB/256 GB SSD/13"" Táctil Platino",0,16,96,0.05940999313155344,-0.9422866026321857,0,-1.8043013039763083,1,0.17002912682974017,2,3,12,7,1
"Microsoft Surface Pro X Microsoft SQ1/16GB/512GB SSD/13"" Táctil",0,16,96,0.05940999313155344,-0.2334141123167544,0,-1.8043013039763083,1,1.2002131184181508,4,3,2,7,1
"Millenium AURELION ML3 Intel Core i7-9750H/16GB/500GB SSD/GTX 1660Ti/15.6""",0,17,12,0.05940999313155344,-0.26664251030029024,0,0.3586187731085387,0,0.360314185088345,2,2,12,6,3
"Millenium AZIR ML3 Intel Core i7-9750H/16GB/500GB SSD/RTX 2070/15.6""",0,17,13,0.05940999313155344,-0.26664251030029024,0,0.3586187731085387,0,1.0974547974531235,2,6,12,19,0
"Msi Prestige 14 Evo A12M-22 Intel Core i5-1240P/16GB/512 GB SSD/14""",0,14,83,0.05940999313155344,-0.2334141123167544,0,-0.9724089666359824,0,-0.31017178806866147,2,3,11,7,1
"Primux IoxBook K15 Intel Core i5-1135G7/8GB/512GB SSD/15.6""",0,19,57,-0.7514941785218785,-0.2334141123167544,0,0.3586187731085387,0,-0.9593028175479722,2,3,11,7,1
"Primux Ioxbook K15 Intel Core i3-1115G4/8GB/256GB SSD/15.6""",0,19,57,-0.7514941785218785,-0.9422866026321857,0,0.3586187731085387,0,-1.0604589690489998,2,3,10,7,1
"Razer Blade 17 QHD 240Hz Intel Core i7-12800H/16 GB/1TB SSD/RTX 3060/17.3""",0,21,22,0.05940999313155344,1.1178740723470364,0,1.7728357465870934,0,1.961386272742926,2,6,12,23,0
"Realme Book Prime Intel Core i5-11320H/8GB/512GB SSD/14"" Verde",0,22,24,-0.7514941785218785,-0.2334141123167544,0,-0.9724089666359824,0,-0.34417948100657475,2,3,11,7,1
"Samsung Chromebook 2 Intel Celeron N4500/4GB/64GB/12.4"" Táctil",0,23,26,-1.1569462643485944,-1.4739409703687592,0,-2.3034367063805035,1,-0.8931639452224468,2,3,1,7,1
"Thomson NEO Z3 Qualcomm Snapdragon 850/8GB/256GB/13""",0,24,54,-0.7514941785218785,-0.9422866026321857,0,-1.8043013039763083,0,-0.9613878326038624,5,3,2,7,1
"Toshiba Tecra A40-J-15b Intel Core i3-1125G4/8GB/256GB SSD/14""",0,25,99,-0.7514941785218785,-0.9422866026321857,0,-0.9724089666359824,0,-0.5636547500476414,2,3,10,7,1
"Vant Edge 3 Intel Core i7-1255U/16 GB/500GB SSD/14""",0,26,36,0.05940999313155344,-0.26664251030029024,0,-0.9724089666359824,0,-0.20810481420111346,2,3,12,7,1
"Vant Edge 3 Intel Core i7-1255U/16GB/1TB SSD/14""",0,26,36,0.05940999313155344,1.1178740723470364,0,-0.9724089666359824,0,-0.16530713673810546,2,3,12,7,1
"Vant Edge 3 Intel Core i7-1255U/16GB/1TB SSD/14"" Negro",0,26,36,0.05940999313155344,1.1178740723470364,0,-0.9724089666359824,0,-0.16530713673810546,2,3,12,7,1
"Vant Edge 3 Intel Core i7-1255U/16GB/500GB SSD/14"" Negro",0,26,36,0.05940999313155344,-0.26664251030029024,0,-0.9724089666359824,0,-0.20810481420111346,2,3,12,7,1
"Vant Edge 3 Intel Core i7-1255U/40GB RAM/1TB SSD/14""",0,26,36,2.4921225080918488,1.1178740723470364,0,-0.9724089666359824,0,-0.1049404639883601,2,3,12,7,1
"Vant Edge 3 Intel Core i7-1255U/40GB/1TB SSD/14""",0,26,36,2.4921225080918488,1.1178740723470364,0,-0.9724089666359824,0,-0.1049404639883601,2,3,12,7,1
"Vant Edge Intel Core i5-10210U/16GB/500GB SSD/14"" Negro",0,26,36,0.05940999313155344,-0.26664251030029024,0,-0.9724089666359824,0,-0.34966636273260143,2,3,11,7,1
"Vant Edge Intel Core i7-10510U/16GB/500GB SSD/14"" Gris",0,26,36,0.05940999313155344,-0.26664251030029024,0,-0.9724089666359824,0,-0.20810481420111346,2,3,12,7,1
"Vant Edge Intel Core i7-10510U/16GB/500GB SSD/14"" Negro",0,26,36,0.05940999313155344,-0.26664251030029024,0,-0.9724089666359824,0,-0.20810481420111346,2,3,12,7,1
"Vant Moove3-14 Intel Core i5-1135G7/8GB/500GB SSD/14""",0,26,69,-0.7514941785218785,-0.26664251030029024,0,-0.9724089666359824,0,-0.746916599696932,2,3,11,7,1
"ASUS Chromebook C433TA-AJ0336 Intel Core m3-8100Y/8GB/64GB eMMC/14"" Táctil",1,3,26,-0.7514941785218785,-1.4739409703687592,1,-0.9724089666359824,1,-0.8379988363489747,2,3,4,7,1
"ASUS F415EA-EK113T Intel Core i3-1115G4/8GB/256GB SSD/14""",1,3,45,-0.7514941785218785,-0.9422866026321857,0,-0.9724089666359824,0,-0.8928676536092414,2,3,10,7,1
"ASUS F515EA-BQ131T Intel Core i5-1135G7/8GB/512GB SSD/15.6""",1,3,46,-0.7514941785218785,-0.2334141123167544,0,0.3586187731085387,0,-0.8698337241233814,2,3,11,7,1
"ASUS F515EA-BQ1765W Intel Core i5-1135G7/8GB/512GB SSD/15.6""",1,3,46,-0.7514941785218785,-0.2334141123167544,0,0.3586187731085387,0,-0.783130019088708,2,3,11,7,1
"ASUS F515EA-BQ2036W Intel Core i3-1115G4/8GB/256GB SSD/15.6""",1,3,46,-0.7514941785218785,-0.9422866026321857,0,0.3586187731085387,0,-0.914815180513348,2,3,10,7,1
"ASUS F515EA-BQ2037W Intel Core i5-1135G7/8GB/512GB SSD/15.6""",1,3,46,-0.7514941785218785,-0.2334141123167544,0,0.3586187731085387,0,-0.783130019088708,2,3,11,7,1
"ASUS F515EA-EJ2198W Intel Core i7-1165G7/16GB/512GB SSD/15.6""",1,3,46,0.05940999313155344,-0.2334141123167544,0,0.3586187731085387,0,-0.618523567307908,2,3,12,7,1
"ASUS F515JA-BQ2315W Intel Core i5-1035G1/8GB/512GB SSD/15.6""",1,3,46,-0.7514941785218785,-0.2334141123167544,0,0.3586187731085387,0,-0.7172874383763881,2,3,11,7,1
"ASUS P1411CEA-BV688X Intel Core i5-1135G7/8GB/256GB SSD/14""",1,3,50,-0.7514941785218785,-0.9422866026321857,0,-0.9724089666359824,0,-0.816051309444868,2,3,11,7,1
"ASUS P1511CEA-BR1797X Intel Core i5-1135G7/16GB/512GB SSD/15.6""",1,3,20,0.05940999313155344,-0.2334141123167544,0,0.3586187731085387,0,-0.7282612018284413,2,3,11,7,1
"ASUS ROG Flow Z13 2022 GZ301ZE-LD219W Intel Core i9-12900H/16GB/1TB SSD/RTX 3050Ti/13.4"" Táctil",1,3,87,0.05940999313155344,1.1178740723470364,0,-1.4715443690401775,1,2.9479495546094245,2,6,13,22,0
ASUS ROG Strix G15 G513IC-HN004W AMD Ryzen 7 4800H/16GB/512GB SSD/RTX 3050/15.6,1,3,87,0.05940999313155344,-0.2334141123167544,0,0.3586187731085387,0,-0.39904829826684146,0,6,8,22,0
"ASUS ROG Strix G15 G513RS-HQ018W AMD Ryzen 9 6800HX/32GB/1TB SSD/RTX3080/15.6""",1,3,87,1.681218336438417,1.1178740723470364,0,0.3586187731085387,0,1.9603108439246248,0,6,9,25,0
"ASUS ROG Strix G17 G713RM-LL009 AMD Ryzen 7 6800H/32GB/1TB SSD/RTX 3060/17.3""",1,3,87,1.681218336438417,1.1178740723470364,0,1.7728357465870934,0,0.8629344987192917,0,6,8,23,0
"ASUS ROG Strix G17 G713RW-LL009 AMD Ryzen 9 6900HX/32GB/1TB SSD/RTX 3070Ti/17.3""",1,3,87,1.681218336438417,1.1178740723470364,0,1.7728357465870934,0,1.631097940363025,0,6,9,24,0
"ASUS ROG Strix G17 G713RW-LL088 AMD Ryzen 9 6900HX/32GB/1TB SSD/RTX 3070Ti/17.3""",1,3,87,1.681218336438417,1.1178740723470364,0,1.7728357465870934,0,1.1419314607242954,0,6,9,24,0
"ASUS ROG Strix SCAR 17 G733ZW-LL103W Intel Core i9-12900H/32GB/1TB SSD/RTX 3070Ti/17.3""",1,3,87,1.681218336438417,1.1178740723470364,0,1.7728357465870934,0,1.8505732094040916,2,6,13,24,0
"ASUS ROG Zephyrus Duo 16 GX650RX-LO162W AMD Ryzen 9 6900HX/64GB/4TB SSD/RTX 3080 Ti/16""",1,3,87,4.924835023052145,9.424973568230996,0,0.6913757080446693,0,2.9479495546094245,0,6,9,25,0
"ASUS ROG Zephyrus G15 GA503QM-HQ019T AMD Ryzen 9 5900HS/32GB/1TB SSD/RTX 3060/15.6""",1,3,87,1.681218336438417,1.1178740723470364,0,0.3586187731085387,0,0.31532175493492637,0,6,9,23,0
"ASUS ROG Zephyrus G15 GA503RS-HB054W AMD Ryzen 9 6900HS/32GB/1TB SSD/RTX 3080/15.6""",1,3,87,1.681218336438417,1.1178740723470364,0,0.3586187731085387,0,0.6324196236454594,0,6,9,25,0
"ASUS ROG Zephyrus M16 GU603ZX-K8017W Intel Core i9-12900H/32GB/2TB SSD/RTX 3080Ti/16""",1,3,87,1.681218336438417,3.8869072376416898,0,0.6913757080446693,0,2.9479495546094245,2,6,13,25,0
"ASUS TUF Gaming A15 FA507RM-HN003 AMD Ryzen 7 6800H/16GB/1TB SSD/RTX 3060/15.6""",1,3,98,0.05940999313155344,1.1178740723470364,0,0.3586187731085387,0,0.5337215951576918,0,6,8,23,0
"ASUS TUF Gaming F15 FX506HEB-HN187 Intel Core i5-11400H/16GB/512GB SSD/RTX 3050Ti/15.6""",1,3,98,0.05940999313155344,-0.2334141123167544,0,0.3586187731085387,0,-0.12470421196550814,2,6,11,22,0
"ASUS TUF Gaming F17 FX706HM-HX059 Intel Core i7-11800H/32GB/1TB SSD/RTX 3060/17.3""",1,3,98,1.681218336438417,1.1178740723470364,0,1.7728357465870934,0,0.5337215951576918,2,6,12,23,0
"ASUS VivoBook 15 K513EA-BQ1791T Intel Core i5-1135G7/16GB/512GB SSD/15.6""",1,3,113,0.05940999313155344,-0.2334141123167544,0,0.3586187731085387,0,-0.618523567307908,2,3,11,7,1
"ASUS VivoBook F1500EA-EJ2647 Intel Core i5-1135G7/8GB/256GB SSD/15.6""",1,3,113,-0.7514941785218785,-0.9422866026321857,0,0.3586187731085387,0,-0.783130019088708,2,3,11,7,1
"ASUS Vivobook 15 K513EA-BQ1791 Intel Core i5-1135G7/16GB/512GB SSD/15.6""",1,3,113,0.05940999313155344,-0.2334141123167544,0,0.3586187731085387,0,-0.6733923845681747,2,3,11,7,1
"ASUS ZenBook 14 UM425QA-KI174W AMD Ryzen 7 5800H/16GB/512GB SSD/14""",1,3,120,0.05940999313155344,-0.2334141123167544,0,-0.9724089666359824,0,-0.23444184648604147,0,3,8,7,1
"ASUS Zenbook 14 UM425UAZ-AM008T AMD Ryzen 7 5700U/16GB/512GB SSD/14""",1,3,120,0.05940999313155344,-0.2334141123167544,0,-0.9724089666359824,0,-0.7721123605828465,0,3,8,7,1
"Acer Aspire 3 A315-23-R90Q AMD Ryzen 7 3700U/8GB/512GB SSD/15.6""",1,0,19,-0.7514941785218785,-0.2334141123167544,0,0.3586187731085387,0,-0.6733923845681747,0,3,8,7,1
"Acer Aspire 3 A315-34-C92E Intel Celeron N4020/4GB/128GB SSD/15.6""",1,0,19,-1.1569462643485944,-1.2967228477899013,0,0.3586187731085387,0,-1.1505974620441661,2,3,1,7,1
"Acer Aspire 3 A315-56-304W Intel Core i3-1005G1/8GB/256GB SSD/15.6""",1,0,19,-0.7514941785218785,-0.9422866026321857,0,0.3586187731085387,0,-1.0926559910173244,2,3,10,7,1
"Acer Aspire 3 A315-56-52KD Intel Core i5-1035G1/12GB/512GB SSD/15.6""",1,0,19,-0.3460420926951625,-0.2334141123167544,0,0.3586187731085387,0,-0.9167026678271012,2,3,11,7,1
"Acer Aspire 3 A315-56-57QZ Intel Core i5-1035G1/12GB/512GB SSD/15.6""",1,0,19,-0.3460420926951625,-0.2334141123167544,0,0.3586187731085387,0,-1.0305993586959628,2,3,11,7,1
"Acer Aspire 3 A315-56-58CJ Intel Core i5-1035G1/12GB/256GB SSD/15.6""",1,0,19,-0.3460420926951625,-0.9422866026321857,0,0.3586187731085387,0,-1.011120928568568,2,3,11,7,1
"Acer Aspire 3 A315-56-75WC Intel Core i7-1065G7/8GB/512GB SSD/15.6""",1,0,19,-0.7514941785218785,-0.2334141123167544,0,0.3586187731085387,0,-0.918293863527649,2,3,12,7,1
"Acer Aspire 3 A315-58-39L1 Intel Core i3-1115G4/8GB/256GB SSD/15.6""",1,0,19,-0.7514941785218785,-0.9422866026321857,0,0.3586187731085387,0,-0.816051309444868,2,3,10,7,1
"Acer Aspire 3 A315-59-56GV Intel Core i5-1235U/8GB/512GB SSD/15.6"" + Microsoft 365 Personal 12 Meses Descarga Digital",0,0,19,-0.7514941785218785,-0.2334141123167544,0,0.3586187731085387,0,-0.5504972076686294,2,3,11,7,1
"Acer Aspire 5 A514-53-37D2 Intel Core i3-1005G1/8GB/512GB SSD/14""",1,0,19,-0.7514941785218785,-0.2334141123167544,0,-0.9724089666359824,0,-1.073671380245272,2,3,10,7,1
"Acer Aspire 5 A515-54-735N Intel Core i7-10510U/8GB/512GB SSD/15.6""",1,0,19,-0.7514941785218785,-0.2334141123167544,0,0.3586187731085387,0,-0.7920407150117753,2,3,12,7,1
"Acer Chromebook 314 CB314-1HT-C2D1 Intel Celeron N4020/8GB/128GB eMMC/14"" Táctil",1,0,26,-0.7514941785218785,-1.2967228477899013,1,-0.9724089666359824,1,-0.947736470869508,2,3,1,7,1
"Acer Chromebook 315 Intel Celeron N4020/8GB/128GB eMMC/15.6""",1,0,26,-0.7514941785218785,-1.2967228477899013,1,0.3586187731085387,0,-1.0026052881297747,2,3,1,7,1
"Acer ConceptD 3 CN316-73G-75GM Intel Core i7-11800H/16GB/512GB SSD/RTX 3050 Ti/16""",1,0,28,0.05940999313155344,-0.2334141123167544,0,0.6913757080446693,0,0.6434592296782251,2,6,12,22,0
"Acer Extensa 15 EX215-52-78J5 Intel Core i7-1065G7/8GB/512GB SSD/15.6""",1,0,43,-0.7514941785218785,-0.2334141123167544,0,0.3586187731085387,0,-0.9756317775646277,2,3,12,7,1
"Acer Nitro 5 AN515-44-R9E2 AMD Ryzen 7 4800H/16GB/512GB SSD/GTX 1650Ti/15.6""",1,0,73,0.05940999313155344,-0.2334141123167544,0,0.3586187731085387,0,-0.7046346891161706,0,2,8,5,2
"Acer Nitro 5 AN515-55-598S Intel Core i5-10300H/8GB/256GB SSD/GTX 1650/15.6""",1,0,73,-0.7514941785218785,-0.9422866026321857,0,0.3586187731085387,0,-0.9163624811600877,2,2,11,5,2
"Acer Nitro 5 AN515-55-72GW Intel Core i7-10750H/16GB/512GB SSD/GTX 1650Ti/15.6""",1,0,73,0.05940999313155344,-0.2334141123167544,0,0.3586187731085387,0,-0.6994660465302535,2,2,12,5,2
"Acer Nitro 5 AN515-57-505V Intel Core i5-11400H/16GB/512GB SSD/RTX 3050Ti/15.6""",1,0,73,0.05940999313155344,-0.2334141123167544,0,0.3586187731085387,0,-0.7088486142817589,2,6,11,22,0
"Acer Nitro 5 AN515-57-73QK Intel Core i7-11800H/16GB/512GB SSD/RTX 3050/15.6""",1,0,73,0.05940999313155344,-0.2334141123167544,0,0.3586187731085387,0,-0.4682488505954897,2,6,12,22,0
"Acer Nitro 5 AN515-57-75M9 Intel Core i7-11800H/16GB/512GB SSD/RTX 3050Ti/15.6""",1,0,73,0.05940999313155344,-0.2334141123167544,0,0.3586187731085387,0,-0.12470421196550814,2,6,12,22,0
"Acer Nitro 5 AN515-58-730H Intel Core i7-12700H/16GB/1TB SSD/RTX 3060/15.6""",1,0,73,0.05940999313155344,1.1178740723470364,0,0.3586187731085387,0,0.3142463261166251,2,6,12,23,0
"Acer Nitro 5 AN517-41-R37U AMD Ryzen 7 5800H/16GB/1TB SSD/RTX3070/17.3""",1,0,73,0.05940999313155344,1.1178740723470364,0,1.7728357465870934,0,-0.10755221968994867,0,6,8,24,0
"Acer Nitro 5 AN517-52-73SP Intel Core i7-10750H/16GB/1TB SSD/RTX3060/17.3""",1,0,73,0.05940999313155344,1.1178740723470364,0,1.7728357465870934,0,-0.3803490053445426,2,6,12,23,0
"Acer Porsche Design Book RS AP714-51T Intel Evo Core i5-1135G7/8GB/512GB SSD/14"" Táctil",1,0,23,-0.7514941785218785,-0.2334141123167544,0,-0.9724089666359824,1,0.2045086915960918,2,3,11,7,1
"Acer Predator Helios 300 PH315-53-72T7 Intel Core i7-10750H/16GB/1TB SSD/RTX 3060/15.6""",1,0,82,0.05940999313155344,1.1178740723470364,0,0.3586187731085387,0,-0.4367541494880967,2,6,12,23,0
"Acer Predator Helios 300 PH315-54-76XV Intel Core i7-11800H/16GB/1TB SSD/RTX 3060/15.6""",1,0,82,0.05940999313155344,1.1178740723470364,0,0.3586187731085387,0,-0.23522098369113728,2,6,12,23,0
"Acer Predator Helios 300 PH315-54-784L Intel Core i7-11800H/32GB/1TB SSD/RTX3070/15.6""",1,0,82,1.681218336438417,1.1178740723470364,0,0.3586187731085387,0,0.03517254776745691,2,6,12,24,0
"Acer Predator Triton 500 SE PT516-51s-74PZ Intel Core i7-11800H/32GB/1TB SSD/RTX 3060/16""",1,0,82,1.681218336438417,1.1178740723470364,0,0.6913757080446693,0,0.48114629445890417,2,6,12,23,0
"Apple MacBook Air Intel Core i3/8GB/256GB SSD/13.3"" Gris Espacial",1,2,65,-0.7514941785218785,-0.9422866026321857,0,-1.5547336027742098,0,-0.661321244770916,2,3,10,7,1
"Apple MacBook Air Intel Core i3/8GB/256GB SSD/13.3"" Oro",1,2,65,-0.7514941785218785,-0.9422866026321857,0,-1.5547336027742098,0,-0.6422598176546994,2,3,10,7,1
"Apple MacBook Air Intel Core i3/8GB/256GB SSD/13.3"" Plata",1,2,65,-0.7514941785218785,-0.9422866026321857,0,-1.5547336027742098,0,-0.598342816319582,2,3,10,7,1
"Apple MacBook Air Intel Core i5 1.6GHz/8GB/128GB SSD/13.3"" Retina Oro",1,2,65,-0.7514941785218785,-1.2967228477899013,0,-1.5547336027742098,0,-0.7535996216392326,2,3,11,7,1
"Apple MacBook Air Intel Core i5/8 GB/256GB SSD/13.3"" Gris Espacial",1,2,65,-0.7514941785218785,-0.9422866026321857,0,-1.5547336027742098,0,-0.48179047469532355,2,3,11,7,1
"Apple MacBook Air Intel Core i5/8GB/128GB SSD/13.3"" Gris Espacial",1,2,65,-0.7514941785218785,-1.2967228477899013,0,-1.5547336027742098,0,-0.6227484662369486,2,3,11,7,1
"Apple MacBook Air Intel Core i5/8GB/128GB SSD/13.3"" Plata",1,2,65,-0.7514941785218785,-1.2967228477899013,0,-1.5547336027742098,0,-0.7181104706352921,2,3,11,7,1
"Apple MacBook Air Intel Core i5/8GB/256 GB SSD/13.3"" Plata",1,2,65,-0.7514941785218785,-0.9422866026321857,0,-1.5547336027742098,0,-0.23545143272363045,2,3,11,7,1
"Apple MacBook Air Intel Core i5/8GB/256GB SSD/13.3"" Gris Espacial",1,2,65,-0.7514941785218785,-0.9422866026321857,0,-1.5547336027742098,0,-0.611939309236676,2,3,11,7,1
"Apple MacBook Air Intel Core i5/8GB/512GB SSD/13.3"" Gris Espacial",1,2,65,-0.7514941785218785,-0.2334141123167544,0,-1.5547336027742098,0,-0.32112360399381074,2,3,11,7,1
"Apple MacBook Air i5/4GB/256GB/13.3"" Plata",1,2,65,-1.1569462643485944,-0.9422866026321857,0,-1.5547336027742098,0,-1.0849085140201746,2,3,11,7,1
"Apple MacBook Intel Core M3/8GB/256GB/12"" Plata",1,2,67,-0.7514941785218785,-0.9422866026321857,0,-2.636193641316634,0,-0.7665815838030116,2,3,4,7,1
"Apple MacBook Pro 2021 Apple M1 Pro/16GB/1TB SSD/14.2"" Gris Espacial",1,2,66,0.05940999313155344,1.1178740723470364,0,-0.8060304991679178,0,1.3029933869100827,1,3,2,7,1
"Apple MacBook Pro Apple M1 Pro/16GB/1TB SSD/16.2"" Gris Espacial",1,2,66,0.05940999313155344,1.1178740723470364,0,0.8577541755127339,0,1.828625682499985,1,3,2,7,1
"Apple MacBook Pro Apple M1 Pro/16GB/1TB SSD/16.2"" Plata",1,2,66,0.05940999313155344,1.1178740723470364,0,0.8577541755127339,0,1.7968017684890303,1,3,2,7,1
"Apple MacBook Pro Apple M1 Pro/16GB/512GB SSD/14.2"" Plata",1,2,66,0.05940999313155344,-0.2334141123167544,0,-0.8060304991679178,0,1.3029933869100827,1,3,2,7,1
"Apple MacBook Pro Apple M1 Pro/32GB/1TB SSD/14.2"" Gris Espacial",1,2,66,1.681218336438417,1.1178740723470364,0,-0.8060304991679178,0,1.3029933869100827,1,3,2,7,1
"Apple MacBook Pro Apple M1/16GB/1TB SSD/13.3"" Gris Espacial",1,2,66,0.05940999313155344,1.1178740723470364,0,-1.5547336027742098,0,0.7531968641987584,1,3,2,7,1
"Apple MacBook Pro Apple M1/8GB/256GB SSD/13.3"" Plata",1,2,66,-0.7514941785218785,-0.9422866026321857,0,-1.5547336027742098,0,-0.31042418462805876,1,3,2,7,1
"Apple MacBook Pro Intel Core i5 1.4GHz/8GB/128GB SSD/13.3"" Gris Espacial",1,2,66,-0.7514941785218785,-1.2967228477899013,0,-1.5547336027742098,0,-0.4456867929380681,2,3,11,7,1
"Apple MacBook Pro Intel Core i5 1.4GHz/8GB/128GB SSD/13.3"" Plata",1,2,66,-0.7514941785218785,-1.2967228477899013,0,-1.5547336027742098,0,-0.4456867929380681,2,3,11,7,1
"Apple MacBook Pro Intel Core i5 2.4GHz/8GB/256GB SSD/13.3"" Gris Espacial",1,2,66,-0.7514941785218785,-0.9422866026321857,0,-1.5547336027742098,0,-0.6013276799785405,2,3,11,7,1
"Apple MacBook Pro Intel Core i5 2.4GHz/8GB/256GB SSD/13.3"" Gris Espacial Refurbished",1,2,66,-0.7514941785218785,-0.9422866026321857,0,-1.5547336027742098,0,-0.42357465958218066,2,3,11,7,1
"Apple MacBook Pro Intel Core i5 2.4GHz/8GB/256GB SSD/13.3"" Plata",1,2,66,-0.7514941785218785,-0.9422866026321857,0,-1.5547336027742098,0,-0.6013276799785405,2,3,11,7,1
"Apple MacBook Pro Intel Core i5 2.4GHz/8GB/512GB SSD/13.3"" Gris Espacial",1,2,66,-0.7514941785218785,-0.2334141123167544,0,-1.5547336027742098,0,-0.5576630752028202,2,3,11,7,1
"Apple MacBook Pro Intel Core i5 2.4GHz/8GB/512GB SSD/13.3"" Plata",1,2,66,-0.7514941785218785,-0.2334141123167544,0,-1.5547336027742098,0,-0.3129042551682228,2,3,11,7,1
"Apple MacBook Pro Intel Core i5/16GB/1TB SSD/13.3"" Gris Espacial",1,2,66,0.05940999313155344,1.1178740723470364,0,-1.5547336027742098,0,0.1960918150283668,2,3,11,7,1
"Apple MacBook Pro Intel Core i5/16GB/1TB SSD/13.3"" Plata",1,2,66,0.05940999313155344,1.1178740723470364,0,-1.5547336027742098,0,0.1960918150283668,2,3,11,7,1
"Apple MacBook Pro Intel Core i5/16GB/512GB SSD/13.3"" Plata",1,2,66,0.05940999313155344,-0.2334141123167544,0,-1.5547336027742098,0,-0.014143545186070826,2,3,11,7,1
"Apple MacBook Pro Intel Core i5/8GB/256GB SSD/13.3"" Gris Espacial",1,2,66,-0.7514941785218785,-0.9422866026321857,0,-1.5547336027742098,0,-0.5445604016410687,2,3,11,7,1
"Apple MacBook Pro Intel Core i5/8GB/256GB SSD/13.3"" Plata",1,2,66,-0.7514941785218785,-0.9422866026321857,0,-1.5547336027742098,0,-0.17297779739109076,2,3,11,7,1
"Apple MacBook Pro Intel Core i5/8GB/512GB SSD/13.3"" Gris Espacial",1,2,66,-0.7514941785218785,-0.2334141123167544,0,-1.5547336027742098,0,-0.27357428695606373,2,3,11,7,1
"Apple MacBook Pro Intel Core i5/8GB/512GB SSD/13.3"" Plata",1,2,66,-0.7514941785218785,-0.2334141123167544,0,-1.5547336027742098,0,-0.014143545186070826,2,3,11,7,1
"Apple MacBook Pro Intel Core i7 2.6GHz/16GB/256GB SSD/Radeon Pro 555X/15.4"" Plata",1,2,66,0.05940999313155344,-0.9422866026321857,0,0.1922403056404741,0,-0.2133173518408388,2,3,12,7,1
"Apple MacBook Pro Intel Core i9 2.3GHz/16GB/512GB SSD/Radeon Pro 560X/15.4"" Gris Espacial",1,2,66,0.05940999313155344,-0.2334141123167544,0,0.1922403056404741,0,0.10755549149720073,2,8,13,31,3
"Apple MacBook Pro Intel Core i9 2.3GHz/16GB/512GB SSD/Radeon Pro 560X/15.4"" Plata",1,2,66,0.05940999313155344,-0.2334141123167544,0,0.1922403056404741,0,0.10755549149720073,2,8,13,31,3
"Apple MacBook Pro Touch Bar Intel Core i7/16Gb/1TB SSD/13.3"" Gris Espacial",1,2,66,0.05940999313155344,1.1178740723470364,0,-1.5547336027742098,0,0.35100843368100376,2,3,12,7,1
"Apple Macbook Air Apple M2/8 GB/256GB SSD/GPU Octa Core/13.6"" Midnight",1,2,65,-0.7514941785218785,-0.9422866026321857,0,-1.305165901572113,0,0.22645621850019848,1,3,2,7,1
"Apple Macbook Pro Intel Core i9/32GB/2TB SSD/Radeon Pro 5500M/Layout USA/16"" Gris Espacial",1,2,66,1.681218336438417,3.8869072376416898,0,0.6913757080446693,0,1.5349677725230377,2,8,13,38,3
"Asus Chromebook 14 C424MA-EB0088 Intel Celeron N4020/8GB/64GB eMMC/14""",1,3,26,-0.7514941785218785,-1.4739409703687592,1,-0.9724089666359824,0,-1.0026052881297747,2,3,1,7,1
"Asus E510MA-BQ509TS Intel Celeron N4020/4GB/128GB eMMC/15.6""",1,3,35,-1.1569462643485944,-1.2967228477899013,1,0.3586187731085387,0,-1.112342922650308,2,3,1,7,1
"Asus ExpertBook B1 B1500CEAE-EJ0609T Intel Core i5-1135G7/8GB/1TB SSD/15.6""",1,3,42,-0.7514941785218785,1.1178740723470364,0,0.3586187731085387,0,-0.6733923845681747,2,3,11,7,1
"Asus ExpertBook L1500CDA-EJ0480R AMD Ryzen 3 3250U/8GB/256GB SSD/15.6""",1,3,42,-0.7514941785218785,-0.9422866026321857,0,0.3586187731085387,0,-0.9257889439654013,0,3,6,7,1
"Asus F415JA-EK395 Intel Core i5-1035G1/8GB/512GB SSD/14""",1,3,44,-0.7514941785218785,-0.2334141123167544,0,-0.9724089666359824,0,-0.997963386189556,2,3,11,7,1
"Asus F515JA-BQ1126T Intel Core i7-1065G7/8GB/512GB SSD/15.6""",1,3,46,-0.7514941785218785,-0.2334141123167544,0,0.3586187731085387,0,-0.6733923845681747,2,3,12,7,1
"Asus P1411CJA-BV377R Intel Core i5-1035G1/8GB/256GB SSD/14""",1,3,77,-0.7514941785218785,-0.9422866026321857,0,-0.9724089666359824,0,-0.8379988363489747,2,3,11,7,1
"Asus ROG Flow X13 GV301QH-K5254T AMD Ryzen 9 5980HS/32GB/1TB SSD/GTX 1650+RTX 3080/13.4"" Táctil",1,3,87,1.681218336438417,1.1178740723470364,0,-1.4715443690401775,1,0.8629344987192917,0,6,9,25,0
"Asus ROG G513QM-HF026 AMD Ryzen 7 5800H/16GB/1TB SSD/RTX3060/15.6""",1,3,87,0.05940999313155344,1.1178740723470364,0,0.3586187731085387,0,-0.3202127816272903,0,6,8,23,0
"Asus ROG G513QM-HF246 AMD Ryzen 7 5800H/16GB/1TB SSD/RTX3060/15.6""",1,3,87,0.05940999313155344,1.1178740723470364,0,0.3586187731085387,0,-0.14151601757405377,0,6,8,23,0
"Asus ROG G513QM-HF326 AMD Ryzen 9 5900HX/16GB/1TB SSD/RTX3060/15.6""",1,3,87,0.05940999313155344,1.1178740723470364,0,0.3586187731085387,0,-0.014966577444974826,0,6,9,23,0
"Asus ROG Strix G15 G512LW-HN038 Intel Core i7-10750H/16GB/512GB SSD/RTX 2070/15.6""",1,3,87,0.05940999313155344,-0.2334141123167544,0,0.3586187731085387,0,-0.2263871041122344,2,6,12,19,0
"Asus ROG Strix SCAR 15 G533QS-HF009T AMD Ryzen 9 5900HX/32GB/1TB SSD/RTX 3080/15.6""",1,3,87,1.681218336438417,1.1178740723470364,0,0.3586187731085387,0,0.8325262001936519,0,6,9,25,0
"Asus ROG Strix SCAR 17 G733QR-K4008T AMD Ryzen 9 5900HX/32GB/1TB SSD/RTX 3070/17.3""",1,3,87,1.681218336438417,1.1178740723470364,0,1.7728357465870934,0,0.6792775935857273,0,6,9,24,0
"Asus ROG Zephyrus G14 GA401II-HE004 AMD Ryzen 7 4800HS/16GB/1TB SSD/GTX 1650Ti/14""",1,3,87,0.05940999313155344,1.1178740723470364,0,-0.9724089666359824,0,-0.5935143604006786,0,2,8,5,2
"Asus ROG Zephyrus G14 GA401II-HE004T AMD Ryzen 7 4800HS/16GB/1TB SSD/GTX 1650Ti/14""",1,3,87,0.05940999313155344,1.1178740723470364,0,-0.9724089666359824,0,-0.5053950398806902,0,2,8,5,2
"Asus ROG Zephyrus G14 GA401IU-HA134T AMD Ryzen 9 4900HS/16GB/1TB SSD/GTX 1660/14""",1,3,87,0.05940999313155344,1.1178740723470364,0,-0.9724089666359824,0,0.0947710570755585,0,2,9,6,3
"Asus ROG Zephyrus G14 GA402RK-L8150W AMD Ryzen 9 6900HS/32GB/1TB SSD/RX 6800S/14""",1,3,87,1.681218336438417,1.1178740723470364,0,-0.9724089666359824,0,1.631097940363025,0,7,9,35,0
"Asus ROG Zephyrus S17 GX701LXS-HG032T Intel Core i7-10875H/32GB/1TB SSD/RTX 2080/17.3""",1,3,87,1.681218336438417,1.1178740723470364,0,1.7728357465870934,0,0.5270166256884873,2,6,12,20,0
"Asus ROG Zephyrus S17 GX703HS-KF015T Intel Core i9-11900H/32GB/3TB SSD/RTX 3080/17.3""",1,3,87,1.681218336438417,6.655940402936342,0,1.7728357465870934,0,2.3992723557702105,2,6,13,25,0
"Asus Rog Strix G15 G512LU-HN161 Intel Core i7-10750H/16GB/1TB SSD/GTX 1660Ti/15.6""",1,3,87,0.05940999313155344,1.1178740723470364,0,0.3586187731085387,0,-0.47455876458042034,2,2,12,6,3
"Asus Rog Strix G15 G512LV-HN221 Intel Core i7-10870H/16GB/1TB SSD/RTX2060/15.6""",1,3,87,0.05940999313155344,1.1178740723470364,0,0.3586187731085387,0,-0.5008409280480881,2,6,12,18,0
"Asus Rog Strix G15 G513QR-HF010T AMD Ryzen 7 5800H/16GB/1TB SSD/RTX 3070/15.6""",1,3,87,0.05940999313155344,1.1178740723470364,0,0.3586187731085387,0,0.2045086915960918,0,6,8,24,0
"Asus Rog Strix G15 G513QR-HF120 AMD Ryzen 7 5800H/32GB/1TB SSD/RTX 3070/15.6""",1,3,87,1.681218336438417,1.1178740723470364,0,0.3586187731085387,0,0.09316888761155867,0,6,8,24,0
"Asus Rog Strix G17 G713QR-HG053 AMD Ryzen 9 5900HX/32GB/1TB SSD/RTX 3070/17.3""",1,3,87,1.681218336438417,1.1178740723470364,0,1.7728357465870934,0,0.7531968641987584,0,6,9,24,0
"Asus Rog Strix G531GT-BQ165 Intel Core i7-9750H/16GB/512GB SSD/GTX1650/15.6""",1,3,87,0.05940999313155344,-0.2334141123167544,0,0.3586187731085387,0,-0.5456138829324657,2,2,12,5,2
"Asus Rog Strix G731GW-EV178 Intel Core i7-9750H/32GB/1TB SSD/RTX 2070/17.3""",1,3,87,1.681218336438417,1.1178740723470364,0,1.7728357465870934,0,0.16806482317182264,2,6,12,19,0
"Asus Rog Strix SCAR 17 G732LXS-HG066T Intel Core i9-10980HK/32GB/1TB SSD/RTX 2080 SUPER/17.3""",1,3,87,1.681218336438417,1.1178740723470364,0,1.7728357465870934,0,0.5021610514695863,2,6,13,20,0
"Asus Rog Strix SCAR 17 G733QS-K4170T AMD Ryzen 9 5900HX/64GB/1TB+1TB SSD/RTX 3080/17.3""",1,3,87,4.924835023052145,1.1178740723470364,0,1.7728357465870934,0,1.7104272763579185,0,6,9,25,0
"Asus Rog Strix SCAR17 G732LXS-HG014T Intel Core i7-10875H/32GB/1TB SSD/RTX2080 SUPER/17.3""",1,3,87,1.681218336438417,1.1178740723470364,0,1.7728357465870934,0,0.28433184694632774,2,6,12,20,0
"Asus Rog Strix Scar17 G732LWS-HG053T Intel Core i9-10980HK/32GB/1TB SSD/RTX2070SUPER/17.3""",1,3,87,1.681218336438417,1.1178740723470364,0,1.7728357465870934,0,0.6021320365177921,2,6,13,19,0
"Asus Rog Zephyrus G14 GA401IU-HE002 AMD Ryzen 7 4800HS APU/16GB/1TB SSD/GTX1660Ti/14""",1,3,87,0.05940999313155344,1.1178740723470364,0,-0.9724089666359824,0,-0.5026515990176769,0,2,8,6,3
"Asus Rog Zephyrus G15 GA502IV-HN024 AMD Ryzen 7 4800HS APU/16GB/1TB SSD/RTX2060/15.6""",1,3,87,0.05940999313155344,1.1178740723470364,0,0.3586187731085387,0,-0.24312209337661572,0,6,8,18,0
"Asus Rog Zephyrus M15 GU502LV-AZ057T Intel Core i7-10750H/16GB/512GB SSD/RTX2060/15.6""",1,3,87,0.05940999313155344,-0.2334141123167544,0,0.3586187731085387,0,-0.26923965039250264,2,6,12,18,0
"Asus Rog Zephyrus M15 GU502LW-HN071T Intel Core i7-10750H/16GB/1TB SSD/RTX2070/15.6""",1,3,87,0.05940999313155344,1.1178740723470364,0,0.3586187731085387,0,-0.045594351239655766,2,6,12,19,0
"Asus Rog Zephyrus S GX701GWR-H6063T Intel Core i7-9750H/16GB/512GB SSD/RTX2070/17.3""",1,3,87,0.05940999313155344,-0.2334141123167544,0,1.7728357465870934,0,0.3687749567098782,2,6,12,19,0
"Asus TUF Dash F15 FX516PM-HN023 Intel Core i7-11370H/16GB/512GB SSD/RTX 3060/15.6""",1,3,98,0.05940999313155344,-0.2334141123167544,0,0.3586187731085387,0,-0.4058081365533063,2,6,12,23,0
"Asus TUF Dash F15 FX516PM-HN024 Intel Core i7-11370H/16GB/1TB SSD/RTX 3060/15.6""",1,3,98,0.05940999313155344,1.1178740723470364,0,0.3586187731085387,0,-0.529208106571646,2,6,12,23,0
"Asus TUF Gaming A15 FA506IV-HN337 AMD Ryzen 7 4800H/16GB/1TB SSD/RTX 2060/15.6""",1,3,98,0.05940999313155344,1.1178740723470364,0,0.3586187731085387,0,-0.6091629470833066,0,6,8,18,0
Asus TUF Gaming A15 FA506QM-HN005 AMD Ryzen 7 5800H/16 GB/1TB SSD/RTX3060/15.6'',1,3,98,0.05940999313155344,1.1178740723470364,0,0.3586187731085387,0,-0.15088761156210728,0,6,8,23,0
"Asus TUF Gaming A15 FA507RR-HN003 AMD Ryzen 7 6800H/16GB/1TB SSD/RTX 3070/15.6""",1,3,98,0.05940999313155344,1.1178740723470364,0,0.3586187731085387,0,0.7531968641987584,0,6,8,24,0
"Asus TUF Gaming A17 FA706QM-HX001 AMD Ryzen 7 5800H/16GB/1TB SSD/RTX 3060/17.3""",1,3,98,0.05940999313155344,1.1178740723470364,0,1.7728357465870934,0,-0.04653809489653224,0,6,8,23,0
"Asus TUF Gaming F15 FX506LH-BQ116 Intel Core i7-10870H/16GB/1TB SSD/GTX1650/15.6""",1,3,98,0.05940999313155344,1.1178740723470364,0,0.3586187731085387,0,-0.7247605712872364,2,2,12,5,2
"Asus TUF Gaming F15 FX506LH-HN129 Intel Core i7-10870H/16GB/512GB SSD/GTX1650/15.6""",1,3,98,0.05940999313155344,-0.2334141123167544,0,0.3586187731085387,0,-0.7753496208012022,2,2,12,5,2
"Asus TUF Gaming F15 FX506LH-HN129T Intel Core i7-10870H/16GB/512GB SSD/GTX1650/15.6""",1,3,98,0.05940999313155344,-0.2334141123167544,0,0.3586187731085387,0,-0.5683295732782161,2,2,12,5,2
"Asus TUF Gaming FX505DV-AL014 AMD Ryzen 7 3750H/16GB/512GB SSD/RTX 2060/15.6""",1,3,98,0.05940999313155344,-0.2334141123167544,0,0.3586187731085387,0,-0.5997694055683489,0,6,8,18,0
"Asus TUF Gaming FX505DV-AL116 AMD Ryzen 7 3750H/16GB/1TB SSD/RTX 2060/15.6""",1,3,98,0.05940999313155344,1.1178740723470364,0,0.3586187731085387,0,-0.5036392377283617,0,6,8,18,0
"Asus Tuf Gaming A15 FA506II-BQ029 AMD Ryzen 7 4800H/16GB/1TB SSD/GTX 1650Ti/15.6""",1,3,98,0.05940999313155344,1.1178740723470364,0,0.3586187731085387,0,-0.730027977744222,0,2,8,5,2
"Asus Tuf Gaming A15 FA506IU-HN278 AMD Ryzen 7 4800H APU/16GB/1TB SSD/GTX 1660Ti/15.6""",1,3,98,0.05940999313155344,1.1178740723470364,0,0.3586187731085387,0,-0.5782608292023244,0,2,8,6,3
"Asus VivoBook 14 M413DA-EB462 AMD Ryzen 7 3700U/8GB/512GB SSD/14""",1,3,113,-0.7514941785218785,-0.2334141123167544,0,-0.9724089666359824,0,-0.8964451004946107,0,3,8,7,1
"Asus VivoBook 15 F515JA-EJ066 Intel Core i3-1005G1/8GB/256GB SSD/15.6""",1,3,113,-0.7514941785218785,-0.9422866026321857,0,0.3586187731085387,0,-1.0412000141906463,2,3,10,7,1
"Asus VivoBook 15 OLED K513EA-L12437T Intel Core i7-1165G7/12GB/512GB SSD/15.6""",1,3,113,-0.3460420926951625,-0.2334141123167544,0,0.3586187731085387,0,-0.5636547500476414,2,3,12,7,1
"Asus VivoBook 15 X513EA-BQ003T Intel Core i5-1135G7/8GB/512GB SSD/15.6""",1,3,113,-0.7514941785218785,-0.2334141123167544,0,0.3586187731085387,0,-0.8369124337672215,2,3,11,7,1
"Asus VivoBook 15 X513EA-BQ004T Intel Core i5-1135G7/8GB/512GB SSD/15.6""",1,3,113,-0.7514941785218785,-0.2334141123167544,0,0.3586187731085387,0,-0.6733923845681747,2,3,11,7,1
"Asus VivoBook S14 S433EA-EB1149T Intel Core i7-1165G7/16GB/512GB SSD/14""",1,3,113,0.05940999313155344,-0.2334141123167544,0,-0.9724089666359824,0,-0.5636547500476414,2,3,12,7,1
"Asus VivoBook S15 S533EA-BN246T Intel Core i7-1165G7/16GB/512GB SSD/15.6""",1,3,113,0.05940999313155344,-0.2334141123167544,0,0.3586187731085387,0,-0.5636547500476414,2,3,12,7,1
"Asus VivoBook S433EA-AM423T Intel Core i5-1135G7/8GB/512GB SSD/14""",1,3,113,-0.7514941785218785,-0.2334141123167544,0,-0.9724089666359824,0,-0.6733923845681747,2,3,11,7,1
"Asus VivoBook S433EQ-EB048T Intel Core i7-1165G7/16GB/512GB SSD/MX350/14""",1,3,113,0.05940999313155344,-0.2334141123167544,0,-0.9724089666359824,0,-0.34417948100657475,2,3,12,7,1
"Asus ZenBook 14 UX425EA-BM020T Intel Core i7-1165G7/16GB/512GB SSD/14""",1,3,120,0.05940999313155344,-0.2334141123167544,0,-0.9724089666359824,0,-0.5087859327873747,2,3,12,7,1
"Asus ZenBook Flip S 13 UX371EA-HL259T Intel Evo Core i7-1165G7/16GB/512GB SSD/13.3"" Táctil",1,3,120,0.05940999313155344,-0.2334141123167544,0,-1.5547336027742098,1,-0.23335544390428817,2,3,12,7,1
"Asus Zenbook 14 UM425IA-AM006T AMD Ryzen 7 4700U/16GB/512GB SSD/14""",1,3,120,0.05940999313155344,-0.2334141123167544,0,-0.9724089666359824,0,-0.5636547500476414,0,3,8,7,1
"Asus Zenbook 14 UM431DA-AM011R AMD Ryzen R5 3500U/8GB/512GB SSD/14""",1,3,120,-0.7514941785218785,-0.2334141123167544,0,-0.9724089666359824,0,-0.8132639735280466,0,3,7,7,1
"Asus Zenbook 14 UX425EA-HM165T Intel Core i7-1165G7/16GB/512GB SSD/14""",1,3,120,0.05940999313155344,-0.2334141123167544,0,-0.9724089666359824,0,-0.3979509219216361,2,3,12,7,1
"Asus Zenbook 14 UX425EA-KI359T Intel Core i7-1165G7/16GB/512GB SSD/14""",1,3,120,0.05940999313155344,-0.2334141123167544,0,-0.9724089666359824,0,-0.5087859327873747,2,3,12,7,1
"Dell Latitude 3400 Intel Core i5-8265U/8GB/256GB SSD/14""",1,5,60,-0.7514941785218785,-0.9422866026321857,0,-0.9724089666359824,0,-0.8048580707237736,2,3,11,7,1
"Dell Latitude 5480 Intel Core i5-7300U/8GB/256GB SSD/14""",1,5,60,-0.7514941785218785,-0.9422866026321857,0,-0.9724089666359824,0,-0.9038414170612947,2,3,11,7,1
"Dell Latitude 5490 Intel Core i5-8250U/8GB/256GB SSD/14""",1,5,60,-0.7514941785218785,-0.9422866026321857,0,-0.9724089666359824,0,-0.8928676536092414,2,3,11,7,1
"Dell Latitude E5470 Intel Core i5-6300U/8GB/240GB SSD/14""",1,5,60,-0.7514941785218785,-0.9865911332769002,0,-0.9724089666359824,0,-0.8928676536092414,2,3,11,7,1
"Dell Latitude E5550 Intel Core i5-5300U/8GB/128GB SSD/15.6""",1,5,60,-0.7514941785218785,-1.2967228477899013,0,0.3586187731085387,0,-0.9038414170612947,2,3,11,7,1
"Dell Latitude E7470 Intel Core i5-6300U/16GB/256GB SSD/14""",1,5,60,0.05940999313155344,-0.9422866026321857,0,-0.9724089666359824,0,-0.8599463632530814,2,3,11,7,1
"Dell Latitude E7470 Intel Core i5-6300U/8GB/256GB SSD/14""",1,5,60,-0.7514941785218785,-0.9422866026321857,0,-0.9724089666359824,0,-0.8709091529416827,2,3,11,7,1
"Dell Vostro 3515 AMD Ryzen 5 3450U/8 GB/256GB SSD/15.6""",1,5,115,-0.7514941785218785,-0.9422866026321857,0,0.3586187731085387,0,-0.7627846616486013,0,3,7,7,1
"Dell Vostro 5301 Intel Core i5-1135G7/8GB/256GB SSD/13.3""",1,5,115,-0.7514941785218785,-0.9422866026321857,0,-1.5547336027742098,0,-0.9787483263850107,2,3,11,7,1
"Dell Vostro 5301 Intel Core i5-1135G7/8GB/512GB SSD/13.3""",1,5,115,-0.7514941785218785,-0.2334141123167544,0,-1.5547336027742098,0,-0.8790516854231063,2,3,11,7,1
"Dell Vostro 5502 Intel Core i5-1135G7/8GB/512GB SSD/15.6""",1,5,115,-0.7514941785218785,-0.2334141123167544,0,0.3586187731085387,0,-0.8369782763479338,2,3,11,7,1
"Dell XPS 13 9300 Intel Core i5-1035G1/8GB/512GB SSD/13.4""",1,5,117,-0.7514941785218785,-0.2334141123167544,0,-1.4715443690401775,0,-0.6733923845681747,2,3,11,7,1
"Dell XPS 7390 Intel Core i7-10510U/16GB/512GB SSD/13.3""",1,5,117,0.05940999313155344,-0.2334141123167544,0,-1.5547336027742098,0,-0.24774204778992998,2,3,12,7,1
"Dynabook Toshiba Satellite Pro C50-G-10S Intel Core i7-10510U/8GB/256GB SSD/15.6""",1,7,90,-0.7514941785218785,-0.9422866026321857,0,0.3586187731085387,0,-0.9712312984203543,2,3,12,7,1
"Dynabook Toshiba Satellite Pro C50-H-114 Intel Core i7-1065G7/8GB/512GB SSD/15.6""",1,7,90,-0.7514941785218785,-0.2334141123167544,0,0.3586187731085387,0,-0.9932885629589814,2,3,12,7,1
"Dynabook Toshiba Tecra A40-J-17N Intel Core i5-1135G7/8GB/256GB SSD/14""",1,7,99,-0.7514941785218785,-0.9422866026321857,0,-0.9724089666359824,0,-0.4648908789791614,2,3,11,7,1
"Gigabyte A7 X1-CES1130SH AMD Ryzen 9 5900HX/16GB/512GB SSD/RTX3070/17.3""",1,8,11,0.05940999313155344,-0.2334141123167544,0,1.7728357465870934,0,-0.0183794178785633,0,6,9,24,0
"Gigabyte AERO 15 OLED KC-8ES5130VP Intel Core i7-10870H/16GB/512GB SSD/RTX 3060/15.6""",1,8,14,0.05940999313155344,-0.2334141123167544,0,0.3586187731085387,0,0.023101407970198242,2,6,12,23,0
"Gigabyte AERO 15 OLED KD-72ES624SP Intel Core i7-11800H/16GB/1TB SSD/RTX 3060/15.6""",1,8,14,0.05940999313155344,1.1178740723470364,0,0.3586187731085387,0,-0.141954968112136,2,6,12,23,0
"Gigabyte AERO 15 OLED WB-8ES5130SD Intel Core i7-10875H/16GB/512GB SSD/RTX 2070/15.6""",1,8,14,0.05940999313155344,-0.2334141123167544,0,0.3586187731085387,0,-0.20202534924867596,2,6,12,19,0
"Gigabyte AERO 15 OLED WB-9ES5150SP Intel Core i9-10980HK/16GB/1TB SSD/RTX 2070 Max Q/15.6""",1,8,14,0.05940999313155344,1.1178740723470364,0,0.3586187731085387,0,0.0010990122488313615,2,6,13,19,0
"Gigabyte AERO 15 OLED XA-7ES5130SD Intel Core i7-9750H/16GB/512GB SSD/RTX 2070/15.6""",1,8,14,0.05940999313155344,-0.2334141123167544,0,0.3586187731085387,0,-0.22133917292428973,2,6,12,19,0
"Gigabyte AERO 15 OLED XD-73ES624SR Intel Core i7-11800H/16GB/1TB SSD/RTX 3070/15.6""",1,8,14,0.05940999313155344,1.1178740723470364,0,0.3586187731085387,0,0.6434592296782251,2,6,12,24,0
"Gigabyte AERO 15 OLED XD-73ES644SP Intel Core i7-11800H/32GB/1TB SSD/RTX 3070/15.6""",1,8,14,1.681218336438417,1.1178740723470364,0,0.3586187731085387,0,0.26891370929619285,2,6,12,24,0
"Gigabyte AERO 15 XA-7ES2130SH Intel Core i7-9750H/16GB/512GB SSD/RTX 2070Q/15.6""",1,8,14,0.05940999313155344,-0.2334141123167544,0,0.3586187731085387,0,0.3210390856934462,2,6,12,19,0
"Gigabyte AERO 15 XB-7ES1130SH Intel Core i7-10750H/16GB/512GB SSD/RTX 2070 SUPER/15.6""",1,8,14,0.05940999313155344,-0.2334141123167544,0,0.3586187731085387,0,-0.05338572329061353,2,6,12,19,0
"Gigabyte AERO 16 YE5-94ES948HP Intel Core i9-12900HK/32GB/2TB SSD/RTX 3080Ti/16""",1,8,14,1.681218336438417,3.8869072376416898,0,0.6913757080446693,0,2.728474285568358,2,6,13,25,0
"Gigabyte AERO 17 HDR WB-8ES4130SH Intel Core i7-10875H/16GB/512GB SSD/RTX 2070/17.3""",1,8,14,0.05940999313155344,-0.2334141123167544,0,1.7728357465870934,0,1.037241757391707,2,6,12,19,0
"Gigabyte AORUS 15G KB-7ES1130MD Intel Core i7-10750H/16GB/512GB SSD/RTX 2060/15.6""",1,8,18,0.05940999313155344,-0.2334141123167544,0,0.3586187731085387,0,-0.5532406485316428,2,6,12,18,0
"Gigabyte AORUS 15G WB-8ES2130MD Intel Core i7-10875H/16GB/512GB SSD/RTX 2070/15.6""",1,8,18,0.05940999313155344,-0.2334141123167544,0,0.3586187731085387,0,-0.38023926771002203,2,6,12,19,0
"Gigabyte AORUS 15G XB-8ES2130MD Intel Core i7-10875H/16GB/512GB SSD/RTX 2070 SUPER/15.6""",1,8,18,0.05940999313155344,-0.2334141123167544,0,0.3586187731085387,0,-0.2926686353626364,2,6,12,19,0
"Gigabyte AORUS 15P KB-7ES1130SD Intel Core i7-10750/16GB/512GB SSD/RTX 2060/15.6""",1,8,18,0.05940999313155344,-0.2334141123167544,0,0.3586187731085387,0,-0.41365437742152433,2,6,12,18,0
"Gigabyte AORUS 15P KC-8ES2130SH Intel Core i7-10870H/16GB/512GB SSD/RTX 3060/15.6""",1,8,18,0.05940999313155344,-0.2334141123167544,0,0.3586187731085387,0,-0.29563155149469084,2,6,12,23,0
"Gigabyte AORUS 15P KD-72ES224SH Intel Core i7-11800H/16GB/1TB SSD/RTX 3060/15.6""",1,8,18,0.05940999313155344,1.1178740723470364,0,0.3586187731085387,0,0.3142463261166251,2,6,12,23,0
"Gigabyte AORUS 15P XC-8ES2430SH Intel Core i7-10870H/32GB/512GB SSD/RTX 3070/15.6""",1,8,18,1.681218336438417,-0.2334141123167544,0,0.3586187731085387,0,-0.01283766733527642,2,6,12,24,0
"Gigabyte AORUS 15P XD Intel Core i7-11800H/16GB/1TB SSD/RTX 3070/15.6""",1,8,18,0.05940999313155344,1.1178740723470364,0,0.3586187731085387,0,0.42398396063715843,2,6,12,24,0
"Gigabyte AORUS 15P XD-73ES324SH Intel Core i7-11800H/16GB/1TB SSD/RTX 3070/15.6""",1,8,18,0.05940999313155344,1.1178740723470364,0,0.3586187731085387,0,-0.008612768406235987,2,6,12,24,0
"Gigabyte AORUS 17 YE5-74ES544SH Intel Core i7-12700H/32GB/1TB SSD/RTX 3080Ti/17.3""",1,8,18,1.681218336438417,1.1178740723470364,0,1.7728357465870934,0,1.9603108439246248,2,6,12,25,0
"Gigabyte AORUS 17G XC-8ES6430RH Intel Core i7-10870H/32GB/512GB SSD/RTX 3070/17.3""",1,8,18,1.681218336438417,-0.2334141123167544,0,1.7728357465870934,0,0.18189176512141,2,6,12,24,0
"Gigabyte AORUS 5 KE4-72ES314SO Intel Core i7-12700H/16GB/1TB SSD/RTX 3060/15.6""",1,8,18,0.05940999313155344,1.1178740723470364,0,0.3586187731085387,0,0.42398396063715843,2,6,12,23,0
"Gigabyte Aorus 15-SA-7ES0250D Intel Core i7-9750H/16GB/512GB SSD/GTX 1660Ti/15.6""",1,8,18,0.05940999313155344,-0.2334141123167544,0,0.3586187731085387,0,-0.5238858312974001,2,2,12,6,3
"HP 15S-EQ2127NS AMD Ryzen 3 5300U/8GB/256GB SSD/15.6""",1,9,4,-0.7514941785218785,-0.9422866026321857,0,0.3586187731085387,0,-0.947736470869508,0,3,6,7,1
"HP 15S-FQ1169NS Intel Core i5-1035G1/8GB/512GB SSD/15.6""",1,9,4,-0.7514941785218785,-0.2334141123167544,0,0.3586187731085387,0,-0.9930690876899403,2,3,11,7,1
"HP 15S-FQ4052NS Intel Core i5-1155G7/8GB/512GB SSD/15.6""",1,9,4,-0.7514941785218785,-0.2334141123167544,0,0.3586187731085387,0,-0.830876863868592,2,3,11,7,1
"HP 15S-fq2005ns Intel Core i5-1135G7/8GB/512GB SSD/15.6""",1,9,4,-0.7514941785218785,-0.2334141123167544,0,0.3586187731085387,0,-0.9781667169220519,2,3,11,7,1
"HP 15S-fq2095ns Intel Core i3-1115G4/8GB/256GB SSD/15.6""",1,9,4,-0.7514941785218785,-0.9422866026321857,0,0.3586187731085387,0,-1.0733421673417105,2,3,10,7,1
"HP 15S-fq2159ns Intel Core i3-1115G4/8GB/256GB SSD/15.6"" + Microsoft 365 Personal 12 Meses",0,9,4,-0.7514941785218785,-0.9422866026321857,0,0.3586187731085387,0,-0.772222098217367,2,3,10,7,1
"HP 15S-fq4027ns Intel Core i5-1155G7/8GB/512GB SSD/15.6""",1,9,4,-0.7514941785218785,-0.2334141123167544,0,0.3586187731085387,0,-0.9181182833124161,2,3,11,7,1
"HP 250 G8 Intel Core i3-1115G4/8GB/512GB SSD/15.6""",1,9,7,-0.7514941785218785,-0.2334141123167544,0,0.3586187731085387,0,-1.0095297328680202,2,3,10,7,1
"HP 255 G8 AMD Ryzen 5 3500U/8GB/256 GB SSD/15.6""",1,9,8,-0.7514941785218785,-0.9422866026321857,0,0.3586187731085387,0,-0.9897769586543242,0,3,7,7,1
"HP EliteBook 650 G9 Intel Core i7-1255U/8GB/512GB SSD/15.6""",1,9,38,-0.7514941785218785,-0.2334141123167544,0,0.3586187731085387,0,0.37465689392017865,2,3,12,7,1
"HP EliteBook 830 G6 Intel Core i5-8265U/8GB/256GB SSD/13.3""",1,9,38,-0.7514941785218785,-0.9422866026321857,0,-1.5547336027742098,0,-0.6438839346456033,2,3,11,7,1
"HP EliteBook 830 G8 Intel Core i5-1135G7/8GB/256GB SSD/13.3""",1,9,38,-0.7514941785218785,-0.9422866026321857,0,-1.5547336027742098,0,0.4009610049147505,2,3,11,7,1
"HP EliteBook 830 G8 Intel Core i7-1165G7/16GB/512GB SSD/13.3""",1,9,38,0.05940999313155344,-0.2334141123167544,0,-1.5547336027742098,0,0.6923034508033145,2,3,12,7,1
"HP EliteBook 840 G4 Intel Core  i7-7500U/8GB/256GB SSD/14""",1,9,38,-0.7514941785218785,-0.9422866026321857,0,-0.9724089666359824,0,-0.8500699761462334,2,3,12,7,1
"HP EliteBook 840 G8 Intel Core i7-1165G7/16GB/512GB SSD/14""",1,9,38,0.05940999313155344,-0.2334141123167544,0,-0.9724089666359824,0,0.41307603976581736,2,3,12,7,1
"HP EliteBook 850 G6 Intel Core i5-8265U/8GB/256GB SSD/15.6""",1,9,38,-0.7514941785218785,-0.9422866026321857,0,0.3586187731085387,0,-0.8698227503599294,2,3,11,7,1
"HP EliteBook 850 G7 Intel Core i5-10210U/8GB/256GB SSD/15.6""",1,9,38,-0.7514941785218785,-0.9422866026321857,0,0.3586187731085387,0,-0.26181041253546256,2,3,11,7,1
"HP EliteBook 850 G8 Intel Core i7-1165G7/16GB/512GB SSD/15.6""",1,9,38,0.05940999313155344,-0.2334141123167544,0,0.3586187731085387,0,0.6327598103124731,2,3,12,7,1
"HP EliteBook x360 1030 G4 Intel Core i5-8265U/8GB/256GB SSD/13.3"" Táctil",1,9,38,-0.7514941785218785,-0.9422866026321857,0,-1.5547336027742098,1,-0.4901305349188841,2,3,11,7,1
"HP Essential 255 G8 AMD Ryzen 5 5500U/8GB/512GB SSD/15.6""",1,9,8,-0.7514941785218785,-0.2334141123167544,0,0.3586187731085387,0,-0.783130019088708,0,3,7,7,1
"HP OMEN 15-DC0005NS Intel Core i7-8750H/8GB/1TB/GTX 1050/15.6""",1,9,76,-0.7514941785218785,1.1178740723470364,0,0.3586187731085387,0,-0.5793582055475297,2,2,12,3,3
"HP OMEN 15-EN0004NS AMD Ryzen 7 4800H/16GB/1TB SSD/RTX 2060/15.6""",1,9,76,0.05940999313155344,1.1178740723470364,0,0.3586187731085387,0,-0.4929398183626097,0,6,8,18,0
"HP OMEN 16-C0045NS AMD Ryzen 9 5900HX/16GB/1TB SSD/RTX 3070/16.1""",1,9,76,0.05940999313155344,1.1178740723470364,0,0.774564941778703,0,-0.07708905234704863,0,6,9,24,0
"HP OMEN 16-b0045ns Intel Core i7-11800H/16GB/1TB SSD/RTX 3060/16.1""",1,9,76,0.05940999313155344,1.1178740723470364,0,0.774564941778703,0,0.2045086915960918,2,6,12,23,0
"HP OMEN 16-b0046ns Intel Core i7-11800H/32GB/1TB SSD/RTX 3060/16.1""",1,9,76,1.681218336438417,1.1178740723470364,0,0.774564941778703,0,-0.12509926744978195,2,6,12,23,0
"HP OMEN 16-c0013ns AMD Ryzen 7 5800H/16GB/512GB SSD/RTX 3050Ti/16.1""",1,9,76,0.05940999313155344,-0.2334141123167544,0,0.774564941778703,0,-0.5303713254975636,0,6,8,22,0
"HP OMEN 17-CB1005NS Intel Core i7-10750H/32GB/1TB SSD/RTX 2080 SUPER/17.3""",1,9,76,1.681218336438417,1.1178740723470364,0,1.7728357465870934,0,-0.017117435081577318,2,6,12,20,0
"HP OMEN 17-ck0014ns Intel Core i7-11800H/32GB/1TB SSD/RTX 3070/17.3""",1,9,76,1.681218336438417,1.1178740723470364,0,1.7728357465870934,0,0.3224108061249529,2,6,12,24,0
"HP Omen 15-EK0004NS Intel Core i7-10750H/16GB/1TB SSD/RTX 2070/15.6""",1,9,76,0.05940999313155344,1.1178740723470364,0,0.3586187731085387,0,-0.4398268032546716,2,6,12,19,0
"HP Omen 15-EN0002NS AMD Ryzen 7 4800H/16GB/1TB SSD/GTX 1650Ti/15.6""",1,9,76,0.05940999313155344,1.1178740723470364,0,0.3586187731085387,0,-0.6977102443779248,0,2,8,5,2
"HP Omen 15-en1004ns AMD Ryzen 7 5800H/16GB/1TB SSD/RTX 3070/15.6""",1,9,76,0.05940999313155344,1.1178740723470364,0,0.3586187731085387,0,-0.12361780938375486,0,6,8,24,0
"HP Omen 15-en1011ns AMD Ryzen 7 5800H/16GB/1TB SSD/RTX 3060/15.6""",1,9,76,0.05940999313155344,1.1178740723470364,0,0.3586187731085387,0,-0.43916837744754833,0,6,8,23,0
"HP Pavilion Gaming 15-EC1012NS AMD Ryzen 7 4800H/16GB/512GB SSD/GTX 1650Ti/15.6""",1,9,79,0.05940999313155344,-0.2334141123167544,0,0.3586187731085387,0,-0.7583951562677799,0,2,8,5,2
"HP Pavilion Gaming 16-A0008NS Intel Core i5-10300H/8GB/512GB SSD/GTX 1050/16.1""",1,9,79,-0.7514941785218785,-0.2334141123167544,0,0.774564941778703,0,-0.8419713387186181,2,2,11,3,3
"HP Pavilion Gaming 16-A0010NS Intel Core i7-10750H/16GB/512GB SSD/GTX 1650Ti/16.1""",1,9,79,0.05940999313155344,-0.2334141123167544,0,0.774564941778703,0,-0.7368865799017553,2,2,12,5,2
"HP Pavilion Gaming 16-A0029NS Intel Core i7-10750H/16GB/512GB SSD/RTX 2060/16.1""",1,9,79,0.05940999313155344,-0.2334141123167544,0,0.774564941778703,0,-0.6591923346612176,2,6,12,18,0
"HP Pavilion Gaming 17-CD1000NS Intel Core i7-10750H/8GB/512GB SSD/GTX 1650/17.3""",1,9,79,-0.7514941785218785,-0.2334141123167544,0,1.7728357465870934,0,-0.7124809299843887,2,2,12,5,2
"HP Pavilion Laptop 14-CE3008NS Intel Core i5-1035G1/8GB/512GB SSD/MX130/14""",1,9,79,-0.7514941785218785,-0.2334141123167544,0,-0.9724089666359824,0,-0.8198482315992786,2,4,11,8,2
"HP ProBook 430 G7 Intel Core i5-10210U/8GB/256GB SSD/13.3""",1,9,85,-0.7514941785218785,-0.9422866026321857,0,-1.5547336027742098,0,-0.6174371647261547,2,3,11,7,1
"HP ProBook 440 G8 Intel Core i5-1135G7/8GB/256GB SSD/14""",1,9,85,-0.7514941785218785,-0.9422866026321857,0,-0.9724089666359824,0,0.024758446251458285,2,3,11,7,1
"HP ProBook 450 G6 Intel Core i5-8265U/8GB/256GB SSD/15.6""",1,9,85,-0.7514941785218785,-0.9422866026321857,0,0.3586187731085387,0,-0.8149649068631147,2,3,11,7,1
"HP ProBook 450 G7 Intel Core i5-10210U/8GB/256GB SSD/15.6""",1,9,85,-0.7514941785218785,-0.9422866026321857,0,0.3586187731085387,0,-0.30808677301277126,2,3,11,7,1
"HP ProBook 450 G8 Intel Core i5-1135G7/16GB/512GB SSD/15.6""",1,9,85,0.05940999313155344,-0.2334141123167544,0,0.3586187731085387,0,-0.015899347338399258,2,3,11,7,1
"HP ProBook 450 G8 Intel Core i7-1165G7/16GB/512GB SSD/15.6""",1,9,85,0.05940999313155344,-0.2334141123167544,0,0.3586187731085387,0,0.3187455691319669,2,3,12,7,1
"HP Victus 16-d0031ns Intel Core i5-11400H/16GB/512GB SSD/GTX 1650/16.1""",1,9,112,0.05940999313155344,-0.2334141123167544,0,0.774564941778703,0,-0.7548396569093145,2,2,11,5,2
"HP Victus 16-e0030ns AMD Ryzen 5 5600H/16GB/512GB SSD/RTX 3050/16.1""",1,9,112,0.05940999313155344,-0.2334141123167544,0,0.774564941778703,0,-0.6329650400108102,0,6,7,22,0
"HP ZBook Firefly 14 G8 Intel Core i7-1165G7/16GB/512GB SSD/14""",1,9,119,0.05940999313155344,-0.2334141123167544,0,-0.9724089666359824,0,0.33669864613952627,2,3,12,7,1
"HP ZBook Firefly 15 G8 Intel Core i7-1165G7/16 GB/512GB SSD/Quadro T500/15.6""",1,9,119,0.05940999313155344,-0.2334141123167544,0,0.3586187731085387,0,1.4981288486144946,2,9,12,42,3
"HP ZBook Fury G8 Intel Core i7-11800H/16 GB/512GB SSD/RTX A3000/15.6""",1,9,119,0.05940999313155344,-0.2334141123167544,0,0.3586187731085387,0,2.782256700246872,2,6,12,15,0
"HP ZBook Fury G8 Intel Core i9-11900H/32GB/1TB SSD/RTX A4000/15.6""",1,9,119,1.681218336438417,1.1178740723470364,0,0.3586187731085387,0,3.8331481834693064,2,3,13,7,1
"LG 15U70N Intel Core i7-10510U/16GB/512GB SSD/GTX1050/15.6""",1,12,5,0.05940999313155344,-0.2334141123167544,0,0.3586187731085387,0,-0.6676421325192988,2,2,12,3,3
"LG Gram 13Z990-G Intel Core i5-8265U/8GB/256GB SSD/13.3""",1,12,55,-0.7514941785218785,-0.9422866026321857,0,-1.5547336027742098,0,-0.7721123605828465,2,3,11,7,1
"LG Gram 14Z90P Intel Evo Core i5-1135G7/8GB/512GB SSD/14""",1,12,55,-0.7514941785218785,-0.2334141123167544,0,-0.9724089666359824,0,-0.6708903665011066,2,3,11,7,1
"LG Gram 17Z90P Intel Core i7-1165G7/32GB/1TB SSD/17""",1,12,55,1.681218336438417,1.1178740723470364,0,1.5232680453849952,0,0.1224139672112809,2,3,12,7,1
"Lenovo IdeaPad 1 15ADA7 AMD Ryzen 5 3500U/8GB/512GB SSD/15.6""",1,13,56,-0.7514941785218785,-0.2334141123167544,0,0.3586187731085387,0,-0.8160074143910598,0,3,7,7,1
"Lenovo IdeaPad 3 14IIL05 Intel Core i5-1035G1/8GB/512GB SSD/14""",1,13,56,-0.7514941785218785,-0.2334141123167544,0,-0.9724089666359824,0,-0.6733923845681747,2,3,11,7,1
"Lenovo IdeaPad 3 14ITL6 Intel Core i5-1135G7/8GB/512GB SSD/14""",1,13,56,-0.7514941785218785,-0.2334141123167544,0,-0.9724089666359824,0,-0.7282612018284413,2,3,11,7,1
"Lenovo IdeaPad 3 15ADA05 AMD 3020e/8GB/256GB SSD/15.6""",1,13,56,-0.7514941785218785,-0.9422866026321857,0,0.3586187731085387,0,-1.112342922650308,0,3,3,7,1
"Lenovo IdeaPad 3 15ALC6 AMD Ryzen 5 5500U/16GB/512GB SSD/15.6""",1,13,56,0.05940999313155344,-0.2334141123167544,0,0.3586187731085387,0,-0.3318120495961107,0,3,7,7,1
"Lenovo IdeaPad 3 15ALC6 AMD Ryzen 5 5500U/8GB/512GB SSD/15.6""",1,13,56,-0.7514941785218785,-0.2334141123167544,0,0.3586187731085387,0,-0.6571182933687796,0,3,7,7,1
"Lenovo IdeaPad 3 15IAU7 Intel Core i5-1235U/16GB/512GB SSD/15.6"" + Microsoft 365 Personal 12 Meses Descarga Digital",0,13,56,0.05940999313155344,-0.2334141123167544,0,0.3586187731085387,0,-0.4956283904083628,2,3,11,7,1
"Lenovo IdeaPad 3 15IGL05 Intel Celeron N4020/8GB/256GB SSD/15.6""",1,13,56,-0.7514941785218785,-0.9422866026321857,0,0.3586187731085387,0,-0.9126752966401975,2,3,1,7,1
"Lenovo IdeaPad 3 15IIL05 Intel Core i3-1005G1/8GB/256GB SSD/15.6""",1,13,56,-0.7514941785218785,-0.9422866026321857,0,0.3586187731085387,0,-1.103465148017597,2,3,10,7,1
"Lenovo IdeaPad 3i 15ITL6 Gen 6 Intel Core i3-1115G4/8GB/512GB SSD/15.6""",1,13,56,-0.7514941785218785,-0.2334141123167544,0,0.3586187731085387,0,-0.6505779303513559,2,3,10,7,1
"Lenovo IdeaPad 5 15IIL05 Intel Core i7-1065G7/16 GB/512GB SSD/15.6""",1,13,56,0.05940999313155344,-0.2334141123167544,0,0.3586187731085387,0,-0.4891867912620075,2,3,12,7,1
"Lenovo IdeaPad 5 15IIL05 Intel Core i7-1065G7/8 GB/512GB SSD/15.6""",1,13,56,-0.7514941785218785,-0.2334141123167544,0,0.3586187731085387,0,-0.41524557312207216,2,3,12,7,1
"Lenovo IdeaPad 5 Pro 14ITL6 Intel Core i5-1135G7/16GB/512GB SSD/14""",1,13,56,0.05940999313155344,-0.2334141123167544,0,-0.9724089666359824,0,-0.34417948100657475,2,3,11,7,1
"Lenovo IdeaPad C340-14IML Intel Core i7-10510U/8GB/512GB SSD/14"" Táctil",1,13,56,-0.7514941785218785,-0.2334141123167544,0,-0.9724089666359824,1,-0.4539171155271081,2,3,12,7,1
"Lenovo IdeaPad C340-14IWL Intel Core i3-8145U/8GB/256GB SSD/14"" Táctil",1,13,56,-0.7514941785218785,-0.9422866026321857,0,-0.9724089666359824,1,-0.8509588509858497,2,3,10,7,1
"Lenovo IdeaPad Flex 5 14ALC05 AMD Ryzen 7 5700U/8GB/512GB SSD/14"" Táctil",1,13,56,-0.7514941785218785,-0.2334141123167544,0,-0.9724089666359824,1,-0.5636547500476414,0,3,8,7,1
"Lenovo IdeaPad Gaming 3 15ACH6 AMD Ryzen 7 5800H/16 GB/1TB SSD/RTX3060/15.6""",1,13,56,0.05940999313155344,1.1178740723470364,0,0.3586187731085387,0,-0.06983539470524149,0,6,8,23,0
"Lenovo IdeaPad Gaming 3 15IMH05 Intel Core i7-10750H/16GB/512GB SSD/GTX1650/15.6""",1,13,56,0.05940999313155344,-0.2334141123167544,0,0.3586187731085387,0,-0.4539171155271081,2,2,12,5,2
"Lenovo IdeaPad Intel Core i5-1135G7/8GB/512GB SSD/15.6""",1,13,56,-0.7514941785218785,-0.2334141123167544,0,0.3586187731085387,0,-0.5596932214414502,2,3,11,7,1
"Lenovo IdeaPad S145-15IIL Intel Core i7-1065G7/8GB/256GB SSD/15.6""",1,13,56,-0.7514941785218785,-0.9422866026321857,0,0.3586187731085387,0,-0.8895864983370774,2,3,12,7,1
Lenovo Legion 5 15ACH6-258 AMD Ryzen 7 5800H/16GB/512GB SSD/RTX 3060/15.6'' (PT),1,13,61,0.05940999313155344,-0.2334141123167544,0,0.3586187731085387,0,-0.1784317578267613,0,6,8,23,0
"Lenovo Legion 5 15ACH6H AMD Ryzen 7 5800H/16 GB/512GB SSD/RTX3060/15.6""",1,13,61,0.05940999313155344,-0.2334141123167544,0,0.3586187731085387,0,-0.014966577444974826,0,6,8,23,0
"Lenovo Legion 5 15ACH6H AMD Ryzen 7 5800H/16GB/1TB SSD/RTX 3060/15.6""",1,13,61,0.05940999313155344,1.1178740723470364,0,0.3586187731085387,0,-0.3474277149883826,0,6,8,23,0
"Lenovo Legion 5 15IMH05H Intel Core i7-10750H/16GB/512GB SSD/RTX2060/15.6""",1,13,61,0.05940999313155344,-0.2334141123167544,0,0.3586187731085387,0,0.17873132124721852,2,6,12,18,0
"Lenovo Legion 5 15ITH6H Intel Core i7-11800H/32GB/1TB SSD/RTX3070/15.6""",1,13,61,1.681218336438417,1.1178740723470364,0,0.3586187731085387,0,0.5337215951576918,2,6,12,24,0
"Lenovo Legion 5 Pro 16IAH7H Intel Core i7-12700H/16GB/1TB SSD/RTX3060/16""",1,13,61,0.05940999313155344,1.1178740723470364,0,0.6913757080446693,0,1.1128948826301628,2,6,12,23,0
"Lenovo Legion 7 16IAX7 Intel Core i9-12900HX/32GB/1TB SSD/RTX 3080Ti/16""",1,13,61,1.681218336438417,1.1178740723470364,0,0.6913757080446693,0,2.2222436037616857,2,6,13,25,0
"Lenovo Legion Y540-15IRH Intel Core i7-9750H/16GB/1TB+256GB SSD/GTX1660Ti/15.6""",1,13,61,0.05940999313155344,-0.9422866026321857,0,0.3586187731085387,0,-0.47966156458562526,2,2,12,6,3
"Lenovo Legion Y540-15IRH-PG0 Intel Core i7-9750HF/16GB/1TB+512GB SSD/GTX1650/15.6""",1,13,61,0.05940999313155344,-0.2334141123167544,0,0.3586187731085387,0,-0.4958478656774039,2,2,12,5,2
"Lenovo ThinkBook 14 G2 ITL Intel Core i3-1115G4/8GB/256GB SSD/14""",1,13,101,-0.7514941785218785,-0.9422866026321857,0,-0.9724089666359824,0,-0.6505779303513559,2,3,10,7,1
"Lenovo ThinkBook 14 G2 ITL Intel Core i5-1135G7/16GB/512GB SSD/14""",1,13,101,0.05940999313155344,-0.2334141123167544,0,-0.9724089666359824,0,-0.2893106637463081,2,3,11,7,1
"Lenovo ThinkBook 14 IIL Intel Core i3-1005G1/8GB/256GB SSD/14""",1,13,101,-0.7514941785218785,-0.9422866026321857,0,-0.9724089666359824,0,-0.7981750487814732,2,3,10,7,1
"Lenovo ThinkBook 14 Intel Core i5-1135G7/16GB/512GB SSD/14""",1,13,101,0.05940999313155344,-0.2334141123167544,0,-0.9724089666359824,0,-0.36922160920416053,2,3,11,7,1
"Lenovo ThinkBook 15 AMD Ryzen 3 4300U/8GB/256GB SSD/15.6""",1,13,101,-0.7514941785218785,-0.9422866026321857,0,0.3586187731085387,0,-0.9808882102581612,0,3,6,7,1
"Lenovo ThinkBook 15 G2 ITL Intel Core i5-1135G7/8GB/256GB SSD/15.6"" Gris",1,13,101,-0.7514941785218785,-0.9422866026321857,0,0.3586187731085387,0,-0.37547665437183086,2,3,11,7,1
"Lenovo ThinkBook 15 IIL Intel Core i3-1005G1/8GB/256GB SSD/15.6""",1,13,101,-0.7514941785218785,-0.9422866026321857,0,0.3586187731085387,0,-0.9725481500346006,2,3,10,7,1
"Lenovo ThinkPad E490 Intel Core i5-8265U/8GB/512GB SSD/14""",1,13,102,-0.7514941785218785,-0.2334141123167544,0,-0.9724089666359824,0,-0.47195798264228384,2,3,11,7,1
"Lenovo ThinkPad E590 Intel Core i7-8565U/8GB/256GB SSD/15.6""",1,13,102,-0.7514941785218785,-0.9422866026321857,0,0.3586187731085387,0,-0.6328772499031938,2,3,12,7,1
"Lenovo ThinkPad L13 Yoga Gen 2 Intel Core  i5-1135G7/16GB/512GB SSD/13.3"" Táctil",1,13,102,0.05940999313155344,-0.2334141123167544,0,-1.5547336027742098,1,-0.17645648040539175,2,3,11,7,1
"Lenovo ThinkPad L14 Intel Core i5-10210U/16GB/512GB SSD/14""",1,13,102,0.05940999313155344,-0.2334141123167544,0,-0.9724089666359824,0,-0.26181041253546256,2,3,11,7,1
"Lenovo ThinkPad L390 Intel Core i5-8265U/8GB/256GB SSD/13.3""",1,13,102,-0.7514941785218785,-0.9422866026321857,0,-1.5547336027742098,0,-0.3085586448412096,2,3,11,7,1
"Lenovo ThinkPad L490 Intel Core i7-8565U/8GB/256GB SSD/14""",1,13,102,-0.7514941785218785,-0.9422866026321857,0,-0.9724089666359824,0,-0.12470421196550814,2,3,12,7,1
"Lenovo ThinkPad L580 Intel Core i5-8250U/8GB/256GB SSD/15.6""",1,13,102,-0.7514941785218785,-0.9422866026321857,0,0.3586187731085387,0,-0.5114635310696758,2,3,11,7,1
"Lenovo ThinkPad L590 Intel Core i5-8265U/8GB/512GB SSD/15.6""",1,13,102,-0.7514941785218785,-0.2334141123167544,0,0.3586187731085387,0,-0.7254080233309075,2,3,11,7,1
"Lenovo ThinkPad P52s Intel Core i7-8550U/8GB/256GB SSD/Quadro P500/15.6""",1,13,102,-0.7514941785218785,-0.9422866026321857,0,0.3586187731085387,0,-0.47736804802414606,2,5,12,12,3
"Lenovo ThinkPad T14 Gen 1 AMD Ryzen 7 PRO 4750U/16GB/512GB SSD/14""",1,13,102,0.05940999313155344,-0.2334141123167544,0,-0.9724089666359824,0,0.1389514287335252,0,3,8,7,1
"Lenovo ThinkPad T14 Intel Core i5-10210U/16GB/512GB SSD/14""",1,13,102,0.05940999313155344,-0.2334141123167544,0,-0.9724089666359824,0,-0.6305947071051667,2,3,11,7,1
"Lenovo ThinkPad T14 Intel Core i5-10210U/8GB/256GB SSD/14""",1,13,102,-0.7514941785218785,-0.9422866026321857,0,-0.9724089666359824,0,-0.06664202954069387,2,3,11,7,1
"Lenovo ThinkPad T14s Gen 2 Intel Evo Core i7-1165G7/16GB/512GB SSD/14""",1,13,102,0.05940999313155344,-0.2334141123167544,0,-0.9724089666359824,0,0.9792344437841529,2,3,12,7,1
"Lenovo ThinkPad T470 Intel Core i5-7200U/8GB/256GB SSD/14""",1,13,102,-0.7514941785218785,-0.9422866026321857,0,-0.9724089666359824,0,-0.9192046858941694,2,3,11,7,1
"Lenovo ThinkPad T480s Intel Core i7-8550U/8GB/256GB SSD/14""",1,13,102,-0.7514941785218785,-0.9422866026321857,0,-0.9724089666359824,0,-0.5979477608353081,2,3,12,7,1
"Lenovo ThinkPad T490S Intel Core i7-8565U/8GB/256GB SSD/14""",1,13,102,-0.7514941785218785,-0.9422866026321857,0,-0.9724089666359824,0,-0.5108490003163608,2,3,12,7,1
"Lenovo ThinkPad T490s Intel Core i7-8565U/16GB/512GB SSD/14""",1,13,102,0.05940999313155344,-0.2334141123167544,0,-0.9724089666359824,0,-0.4540926957423409,2,3,12,7,1
"Lenovo ThinkPad T580 Intel Core i5-8250U/8GB/256GB SSD/15.6""",1,13,102,-0.7514941785218785,-0.9422866026321857,0,0.3586187731085387,0,-0.5603626210120254,2,3,11,7,1
"Lenovo ThinkPad X1 Carbon Intel Core i7-8550U/8GB/512GB SSD/14""",1,13,102,-0.7514941785218785,-0.2334141123167544,0,-0.9724089666359824,0,-0.7959473748007063,2,3,12,7,1
"Lenovo ThinkPad X1 Extreme Gen 4 Intel Core i7-11800H/16GB/512GB SSD/RTX 3050 Ti/16""",1,13,102,0.05940999313155344,-0.2334141123167544,0,0.6913757080446693,0,1.004583837358396,2,6,12,22,0
"Lenovo ThinkPad X1 Yoga Intel Core i7-8650U/16GB/512GB SSD/14"" Táctil",1,13,102,0.05940999313155344,-0.2334141123167544,0,-0.9724089666359824,1,-0.34417948100657475,2,3,12,7,1
"Lenovo ThinkPad X13 Yoga Gen 1 Intel Core i5-10210U/16GB/512GB SSD/13.3"" Táctil",1,13,102,0.05940999313155344,-0.2334141123167544,0,-1.5547336027742098,1,0.5117740682535851,2,3,11,7,1
"Lenovo V14 G2 ALC AMD Ryzen 5 5500U/8GB/256GB SSD/14""",1,13,107,-0.7514941785218785,-0.9422866026321857,0,-0.9724089666359824,0,-0.6288279311893862,0,3,7,7,1
"Lenovo V14 G2 ITL Intel Core i5-1135G7/8 GB/256GB SSD/14""",1,13,107,-0.7514941785218785,-0.9422866026321857,0,-0.9724089666359824,0,-0.6986869093251576,2,3,11,7,1
"Lenovo V15 ADA AMD 3020E/8GB/256GB SSD/15.6""",1,13,108,-0.7514941785218785,-0.9422866026321857,0,0.3586187731085387,0,-0.9512590489376171,0,3,3,7,1
"Lenovo V15 G2 ITL Intel Core i5-1135G7/16GB/512GB SSD/15.6""",1,13,108,0.05940999313155344,-0.2334141123167544,0,0.3586187731085387,0,-0.4362822776596583,2,3,11,7,1
"Lenovo V15 G2 ITL Intel Core i7-1165G7/16 GB/512GB SSD/15.6""",1,13,108,0.05940999313155344,-0.2334141123167544,0,0.3586187731085387,0,-0.577767009846982,2,3,12,7,1
"Lenovo V15 Intel Core i3-1115G4/8 GB/256GB SSD/15.6""",1,13,108,-0.7514941785218785,-0.9422866026321857,0,0.3586187731085387,0,-0.8216259812785112,2,3,10,7,1
"Lenovo V330-15IKB Intel Core i3-8130U/4GB/128GB SSD/15.6""",1,13,110,-1.1569462643485944,-1.2967228477899013,0,0.3586187731085387,0,-0.8923299392000907,2,3,10,7,1
"Lenovo Yoga 9 14ITL5 Intel Evo Core i7-1185G7/16 GB/1TB SSD/14"" Táctil",1,13,118,0.05940999313155344,1.1178740723470364,0,-0.9724089666359824,1,0.7531968641987584,2,3,12,7,1
"Lenovo Yoga C930-13IKB Intel Core i5-8250U/8GB/512GB SSD/13.9"" Táctil",1,13,118,-0.7514941785218785,-0.2334141123167544,0,-1.0555982003700146,1,-0.3546374775763816,2,3,11,7,1
"Lenovo Yoga Creator 7 15IMH05 Intel Core i7-10750H/16GB/512GB SSD/GTX1650/15.6""",1,13,118,0.05940999313155344,-0.2334141123167544,0,0.3586187731085387,0,-0.5769988464053383,2,2,12,5,2
"Lenovo Yoga S940-14IIL Intel Core i7-1065G7/16GB/1TB SSD/14""",1,13,118,0.05940999313155344,1.1178740723470364,0,-0.9724089666359824,0,0.7531968641987584,2,3,12,7,1
"MSI Alpha 15 A3DDK-001XES AMD Ryzen 7 3750H/16GB/512GB SSD/RX 5500M/15.6""",1,14,16,0.05940999313155344,-0.2334141123167544,0,0.3586187731085387,0,-0.6490964722853286,0,8,8,38,3
"MSI Alpha 15 A4DEK-006XES AMD Ryzen 7 4800H/16GB/512GB SSD/RX 5600M/15.6""",1,14,16,0.05940999313155344,-0.2334141123167544,0,0.3586187731085387,0,-0.6591923346612176,0,3,8,7,1
"MSI Bravo 15 B5ED-015XES AMD Ryzen 7 5800H/16GB/1TB SSD/RX6500M/15.6""",1,14,25,0.05940999313155344,1.1178740723470364,0,0.3586187731085387,0,-0.1795730292257748,0,7,8,32,3
"MSI Creator 15 A10SET-082ES Intel Core i7-10750H/32GB/1TB SSD/RTX 2060/15.6"" Táctil",1,14,29,1.681218336438417,1.1178740723470364,0,0.3586187731085387,1,0.11127559730744666,2,6,12,18,0
"MSI Creator 15 A10SF-018ES Intel Core i7-10875H/32GB/1TB SSD/RTX 2070/15.6"" 4K",1,14,29,1.681218336438417,1.1178740723470364,0,0.3586187731085387,0,0.30754135664742066,2,6,12,19,0
"MSI Creator 17 A10SFS-625ES Intel Core i7-10875H/32GB/1TB SSD/RTX 2070 SUPER/17.3"" 4K",1,14,29,1.681218336438417,1.1178740723470364,0,1.7728357465870934,0,0.8195771593202288,2,6,12,19,0
"MSI Creator Pro M15 A11UIS-846XES Intel Core i7-11800H/16GB/512GB SSD/RTX A1000/15.6""",1,14,29,0.05940999313155344,-0.2334141123167544,0,0.3586187731085387,0,0.0947710570755585,2,6,12,13,0
"MSI Creator Pro Z17 A12UKST-203ES Intel Core i7-12700H/32GB/1TB SSD/RTX A3000/17"" Táctil",1,14,29,1.681218336438417,1.1178740723470364,0,1.5232680453849952,1,2.3443925647464914,2,6,12,15,0
"MSI Creator Z16 A11UE-020XES Intel Core i7-11800H/32GB/1TB SSD/RTX 3060/16""",1,14,29,1.681218336438417,1.1178740723470364,0,0.6913757080446693,0,0.9178033159795583,2,6,12,23,0
"MSI Creator Z16 A11UE-088XES Intel Core i7-11800H/16GB/1TB SSD/RTX 3060/16""",1,14,29,0.05940999313155344,1.1178740723470364,0,0.6913757080446693,0,0.7531968641987584,2,6,12,23,0
"MSI Creator Z16 A12UET-011ES Intel Core i7-12700H/32GB/1TB SSD/RTX 3060/16"" Táctil",1,14,29,1.681218336438417,1.1178740723470364,0,0.6913757080446693,1,1.5213603058424916,2,6,12,23,0
"MSI Creator Z16P B12UGST-030ES Intel Core i9-12900H/64GB/2TB SSD/RTX 3070Ti/16"" Táctil",1,14,29,4.924835023052145,3.8869072376416898,0,0.6913757080446693,1,2.6187366510478247,2,6,13,24,0
"MSI Creator Z17 A12UHST-027ES Intel Core i9-12900H/64GB/2TB SSD/RTX 3080Ti/17"" Táctil",1,14,29,4.924835023052145,3.8869072376416898,0,1.5232680453849952,1,3.6063753617326246,2,6,13,25,0
"MSI Creator Z17 A12UHT-034ES Intel Core i9-12900H/32GB/2TB SSD/RTX 3080/17"" Táctil",1,14,29,1.681218336438417,3.8869072376416898,0,1.5232680453849952,1,2.8382119200888916,2,6,13,25,0
"MSI Crosshair 15 Rainbow Six Extraction Edition B12UGZ-080ES Intel Core i7-12700H/32GB/1TB SSD/RTX 3070/15.6""",1,14,30,1.681218336438417,1.1178740723470364,0,0.3586187731085387,0,1.0824097677603584,2,6,12,24,0
"MSI Delta 15 A5EFK-011XES AMD Ryzen 9 5900HX/16 GB/1TB SSD/RX 6700M/15.6""",1,14,32,0.05940999313155344,1.1178740723470364,0,0.3586187731085387,0,0.42398396063715843,0,7,9,34,0
"MSI GE66 Raider 10SFS-624ES Intel Core i7-10875H/32GB/1TB SSD/RTX 2070 SUPER/15.6""",1,14,88,1.681218336438417,1.1178740723470364,0,0.3586187731085387,0,0.4759227830557268,2,6,12,19,0
"MSI GE66 Raider 10UE-404XES Intel Core i7-10870H/32GB/1TB SSD/RTX 3060/15.6""",1,14,88,1.681218336438417,1.1178740723470364,0,0.3586187731085387,0,-0.032052727139821796,2,6,12,23,0
"MSI GE66 Raider 10UG-403XES Intel Core i7-10870H/32GB/1TB SSD/RTX 3070/15.6""",1,14,88,1.681218336438417,1.1178740723470364,0,0.3586187731085387,0,0.05893074564115222,2,6,12,24,0
"MSI GE66 Raider 10UG-602ES Intel Core i9-10980HK/32GB/1TB SSD/RTX 3070/15.6""",1,14,88,1.681218336438417,1.1178740723470364,0,0.3586187731085387,0,0.5574797930313873,2,6,13,24,0
"MSI GE66 Raider 10UG-605ES Intel Core i7-10870H/32GB/1TB SSD/RTX 3070/15.6""",1,14,88,1.681218336438417,1.1178740723470364,0,0.3586187731085387,0,0.7106625570585997,2,6,12,24,0
"MSI GE66 Raider 10UH-068ES Intel Core i7-10870H/32GB/1TB SSD/RTX 3080/15.6""",1,14,88,1.681218336438417,1.1178740723470364,0,0.3586187731085387,0,0.8807010217481661,2,6,12,25,0
"MSI GE66 Raider 11UH-463XES Intel Core i7-11800H/32GB/1TB SSD/RTX 3080/15.6""",1,14,88,1.681218336438417,1.1178740723470364,0,0.3586187731085387,0,0.6328037053662813,2,6,12,25,0
"MSI GE75 Raider 9SG-1203XES Intel Core i7-9750H/32GB/1TB SSD/RTX 2080/17.3""",1,14,88,1.681218336438417,1.1178740723470364,0,1.7728357465870934,0,0.44393426259299146,2,6,12,20,0
"MSI GE76 Raider 10UH-061ES Intel Core i7-10870H/32GB/1TB SSD/RTX 3080/17.3""",1,14,88,1.681218336438417,1.1178740723470364,0,1.7728357465870934,0,1.225771013497983,2,6,12,25,0
"MSI GE76 Raider 11UG-236ES Intel Core i7-11800H/32GB/1TB SSD/RTX 3070/17.3""",1,14,88,1.681218336438417,1.1178740723470364,0,1.7728357465870934,0,1.0211542201709964,2,6,12,24,0
"MSI GF63 Thin 10SCXR-405XES Intel Core i7-10750H/16GB/512GB SSD/GTX 1650/15.6""",1,14,100,0.05940999313155344,-0.2334141123167544,0,0.3586187731085387,0,-0.6322517453864268,2,2,12,5,2
"MSI GF63 Thin 9SC-047XES Intel Corei7-9750H/16GB/512GB SSD/GTX 1650/15.6""",1,14,100,0.05940999313155344,-0.2334141123167544,0,0.3586187731085387,0,-0.7307522461320575,2,2,12,5,2
"MSI GF65 Thin 10SER-884XES Intel Core i7-10750H/16GB/512GB SSD/RTX 2060/15.6""",1,14,100,0.05940999313155344,-0.2334141123167544,0,0.3586187731085387,0,-0.6290803277487834,2,6,12,18,0
"MSI GF65 Thin 10UE-274XES Intel Core i5-10500H/16GB/512GB SSD/RTX 3060/15.6""",1,14,100,0.05940999313155344,-0.2334141123167544,0,0.3586187731085387,0,-0.5554354012220535,2,6,11,23,0
"MSI GF65 Thin 9SD-072XES Intel Core i7-9750H/16GB/512GB SSD/GTX 1660Ti/15.6""",1,14,100,0.05940999313155344,-0.2334141123167544,0,0.3586187731085387,0,-0.5556658502545466,2,2,12,6,3
"MSI GF75 Thin 10SER-427XES Intel Core i7-10750H/16GB/512GB SSD/RTX 2060/17.3""",1,14,100,0.05940999313155344,-0.2334141123167544,0,1.7728357465870934,0,-0.3445196676735884,2,6,12,18,0
"MSI GF75 Thin 10UE-017XES Intel Core i7-10750H/16GB/512GB SSD/RTX 3060/17.3""",1,14,100,0.05940999313155344,-0.2334141123167544,0,1.7728357465870934,0,-0.47796063125055693,2,6,12,23,0
"MSI GL65 9SEK-210XES Intel Core i7-9750H/16GB/512GB SSD/RTX 2060/15.6""",1,14,51,0.05940999313155344,-0.2334141123167544,0,0.3586187731085387,0,-0.46835858823001025,2,6,12,18,0
"MSI GL65 Leopard 10SDK-600XES Intel Core i7-10750H/16GB/1TB SSD/GTX 1660Ti/15.6""",1,14,62,0.05940999313155344,1.1178740723470364,0,0.3586187731085387,0,-0.29486338805304707,2,2,12,6,3
"MSI GL65 Leopard 10SFR-483XES Intel Core i7-10750H/16GB/512GB SSD/RTX 2070/15.6""",1,14,62,0.05940999313155344,-0.2334141123167544,0,0.3586187731085387,0,-0.49453101406315747,2,6,12,19,0
"MSI GL65 Leopard 10SFSK-280XES Intel Core i7-10750H/16GB/1TB SSD/RTX 2070 SUPER/15.6""",1,14,62,0.05940999313155344,1.1178740723470364,0,0.3586187731085387,0,-0.4516235989656289,2,6,12,19,0
"MSI GL75 9SEK-074XES Intel Core i7-9750H/16GB/1TB SSD/RTX 2060/17.3""",1,14,52,0.05940999313155344,1.1178740723470364,0,1.7728357465870934,0,-0.41169007376360683,2,6,12,18,0
"MSI GL75 Leopard 10SEK-040XES Intel Core i7-10750H/16GB/1TB SSD/RTX 2060/17.3""",1,14,62,0.05940999313155344,1.1178740723470364,0,1.7728357465870934,0,-0.2626005235040104,2,6,12,18,0
"MSI GL75 Leopard 10SEK-261XES Intel Core i7-10750H/16GB/1TB SSD/RTX 2060/17.3""",1,14,62,0.05940999313155344,1.1178740723470364,0,1.7728357465870934,0,-0.3347530182012609,2,6,12,18,0
"MSI GL75 Leopard 10SFK-060XES Intel Core i7-10750H/16GB/1TB SSD/RTX 2070/17.3""",1,14,62,0.05940999313155344,1.1178740723470364,0,1.7728357465870934,0,-0.38912801610618525,2,6,12,19,0
"MSI GP65 Leopard 10SDK-817XES Intel Core i7-10870H/16GB/512GB SSD/GTX 1660Ti/15.6""",1,14,62,0.05940999313155344,-0.2334141123167544,0,0.3586187731085387,0,-0.14277800037104002,2,2,12,6,3
"MSI GP66 Leopard 10UE-226XES Intel Core i7-10750H/16GB/1TB SSD/RTX 3060/15.6""",1,14,62,0.05940999313155344,1.1178740723470364,0,0.3586187731085387,0,-0.24800541811277926,2,6,12,23,0
"MSI GP66 Leopard 10UE-484XES Intel Core i7-10750H/16GB/1TB SSD/RTX 3060/15.6""",1,14,62,0.05940999313155344,1.1178740723470364,0,0.3586187731085387,0,-0.31807289775413994,2,6,12,23,0
"MSI GP66 Leopard 11UG-089XES Intel Core i7-11800H/32GB/1TB SSD/RTX 3070/15.6""",1,14,62,1.681218336438417,1.1178740723470364,0,0.3586187731085387,0,0.6983280469384917,2,6,12,24,0
"MSI GP75 Leopard 9SF-1037XES Intel Core i7-9750H/16GB/1TB SSD/RTX 2070/17.3""",1,14,62,0.05940999313155344,1.1178740723470364,0,1.7728357465870934,0,-0.2415967402567802,2,6,12,19,0
"MSI GP76 Leopard 10UG-066XES Intel Core i7-10870H/16GB/1TB SSD/RTX 3070/17.3""",1,14,62,0.05940999313155344,1.1178740723470364,0,1.7728357465870934,0,-0.03193201574184932,2,6,12,24,0
"MSI GP76 Leopard 11UG-238ES Intel Core i7-11800H/16GB/1TB SSD/RTX 3070/17.3""",1,14,62,0.05940999313155344,1.1178740723470364,0,1.7728357465870934,0,0.7312493372946517,2,6,12,24,0
"MSI GP76 Leopard 11UG-239XES Intel Core i7-11800H/16 GB/1TB SSD/RTX 3070/17.3""",1,14,62,0.05940999313155344,1.1178740723470364,0,1.7728357465870934,0,0.7531968641987584,2,6,12,24,0
"MSI GS65 Stealth 8SF-036ES Intel Core i7-8750H/16GB/512GB SSD/RTX 2070/15.6""",1,14,92,0.05940999313155344,-0.2334141123167544,0,0.3586187731085387,0,0.12898725151906085,2,6,12,19,0
"MSI GS66 Stealth 10UE-260ES Intel Core i7-10870H/32GB/1TB SSD/RTX 3060/15.6""",1,14,92,1.681218336438417,1.1178740723470364,0,0.3586187731085387,0,0.3803522771517944,2,6,12,23,0
"MSI GS66 Stealth 10UG-480ES Intel Core i9-10980HK/64GB/2TB SSD/RTX 3070/15.6""",1,14,92,4.924835023052145,3.8869072376416898,0,0.3586187731085387,0,1.5003784701221659,2,6,13,24,0
"MSI GS66 Stealth 11UH-072ES Intel Core i7-11800H/32GB/1TB SSD/RTX 3080/15.6""",1,14,92,1.681218336438417,1.1178740723470364,0,0.3586187731085387,0,1.0352555062068853,2,6,12,25,0
"MSI GS75 Stealth 10SE-816XES Intel Core i7-10875H/32GB/1TB SSD/RTX 2060/17.3""",1,14,92,1.681218336438417,1.1178740723470364,0,1.7728357465870934,0,-0.12746960035542557,2,6,12,18,0
"MSI GS75 Stealth 9SG-267ES Intel Core i7-9750H/32GB/2TB SSD/RTX 2080/17.3""",1,14,92,1.681218336438417,3.8869072376416898,0,1.7728357465870934,0,0.8287402518026937,2,6,12,20,0
"MSI GT76 Titan DT 10SFS-209ES Intel Core i7-10700K/32GB/1TB+1TB SSD/RTX 2070 SUPER/17.3""",1,14,103,1.681218336438417,1.1178740723470364,0,1.7728357465870934,0,0.4482250041027442,2,6,12,19,0
"MSI GT76 Titan DT 9SG-026ES Intel Core i7-9750H/64GB/2TB SSD/RTX 2080/17.3""",1,14,103,4.924835023052145,3.8869072376416898,0,1.7728357465870934,0,1.1637692499938816,2,6,12,20,0
"MSI Katana GF66 11UC-045XES Intel Core i7-11800H/16 GB/1TB SSD/RTX 3050/15.6""",1,14,58,0.05940999313155344,1.1178740723470364,0,0.3586187731085387,0,-0.4342301838941244,2,6,12,22,0
"MSI Katana GF66 11UE-066ES Intel Core i7-11800H/16 GB/1 TB SSD/RTX 3060/15.6""",1,14,58,0.05940999313155344,1.1178740723470364,0,0.3586187731085387,0,0.42398396063715843,2,6,12,23,0
"MSI Katana GF66 11UE-667XES Intel Core i7-11800H/8GB/512GB SSD/RTX 3060/15.6""",1,14,58,-0.7514941785218785,-0.2334141123167544,0,0.3586187731085387,0,0.17158740123993182,2,6,12,23,0
"MSI Katana GF66 11UG-072XES Intel Core i7-11800H/16GB/512GB SSD/RTX 3070/15.6""",1,14,58,0.05940999313155344,-0.2334141123167544,0,0.3586187731085387,0,-0.2646855385599004,2,6,12,24,0
"MSI Katana GF66 12UE-090ES Intel Core i7-12700H/16GB/1TB SSD/RTX3060/15.6""",1,14,58,0.05940999313155344,1.1178740723470364,0,0.3586187731085387,0,0.4788527778974251,2,6,12,23,0
"MSI Katana GF66 12UE-091XES Intel Core i7-12700H/16GB/512GB SSD/RTX3060/15.6""",1,14,58,0.05940999313155344,-0.2334141123167544,0,0.3586187731085387,0,0.2045086915960918,2,6,12,23,0
"MSI Katana GF76 12UE-058XES Intel Core i7-12700H/16 GB/512GB SSD/RTX 3060/17.3""",1,14,58,0.05940999313155344,-0.2334141123167544,0,1.7728357465870934,0,0.25937750885635846,2,6,12,23,0
"MSI Modern 14 A10RAS-1049XES Intel Core I7-10510U/32GB/1TB SSD/MX330/14""",1,14,68,1.681218336438417,1.1178740723470364,0,-0.9724089666359824,0,-0.5177405237642503,2,4,12,9,2
"MSI Modern 14 A10RAS-870XES Intel Core I7-10510U/16GB/1TB SSD/MX330/14""",1,14,68,0.05940999313155344,1.1178740723470364,0,-0.9724089666359824,0,-0.4528307129453548,2,4,12,9,2
"MSI Modern 14 B10MW-215XES Intel Core i5-10210U/16GB/512GB SSD/14""",1,14,68,0.05940999313155344,-0.2334141123167544,0,-0.9724089666359824,0,-0.7948829197458572,2,3,11,7,1
MSI Modern 14 B10MW-614XPT Intel Core i7-10510U/16GB/512GB SSD/14'' (PT),1,14,68,0.05940999313155344,-0.2334141123167544,0,-0.9724089666359824,0,-0.7282612018284413,2,3,12,7,1
"MSI Modern 14 B10RBSW-063XES Intel Core i7-10510U/16GB/1TB SSD/MX 350/14""",1,14,68,0.05940999313155344,1.1178740723470364,0,-0.9724089666359824,0,-0.6591923346612176,2,3,12,7,1
"MSI Modern 14 B10RBSW-419XES Intel Core i7-10510U/16GB/1TB SSD/MX 350/14""",1,14,68,0.05940999313155344,1.1178740723470364,0,-0.9724089666359824,0,-0.7333201067798379,2,3,12,7,1
"MSI Modern 14 B11MO-079XES Intel Core i7-1165G7/16GB/512GB SSD/14""",1,14,68,0.05940999313155344,-0.2334141123167544,0,-0.9724089666359824,0,-0.34417948100657475,2,3,12,7,1
"MSI Modern 14 B11MOU-1060XES Intel Core i5-1155G7/16GB/512GB SSD/14""",1,14,68,0.05940999313155344,-0.2334141123167544,0,-0.9724089666359824,0,-0.5636547500476414,2,3,11,7,1
"MSI Modern 14 B11SB-008ES Intel Core i7-1165G7/16GB/1TB SSD/MX450/14""",1,14,68,0.05940999313155344,1.1178740723470364,0,-0.9724089666359824,0,0.14963987433582515,2,4,12,10,2
"MSI Modern 14 B11SB-009XES Intel Core i7-1165G7/16GB/512GB SSD/MX450/14""",1,14,68,0.05940999313155344,-0.2334141123167544,0,-0.9724089666359824,0,-0.6977651131951852,2,4,12,10,2
"MSI Modern 14 B11SB-420XES Intel Core i7-1165G7/32GB/1TB SSD/MX450/14""",1,14,68,1.681218336438417,1.1178740723470364,0,-0.9724089666359824,0,-0.3455621752015335,2,4,12,10,2
"MSI Modern 14 B4MW-056XES AMD Ryzen 5 4500U/8GB/512GB SSD/14""",1,14,68,-0.7514941785218785,-0.2334141123167544,0,-0.9724089666359824,0,-0.7355148594702486,0,3,7,7,1
"MSI Modern 15 A10M-628XES Intel Core i5-10210U/16GB/512GB SSD/15.6""",1,14,68,0.05940999313155344,-0.2334141123167544,0,0.3586187731085387,0,-0.7478164483000005,2,3,11,7,1
"MSI Modern 15 A10RBS-484XES Intel Core i7-10510U/16GB/1TB SSD/MX350/15.6""",1,14,68,0.05940999313155344,1.1178740723470364,0,0.3586187731085387,0,-0.7098911218097042,2,3,12,7,1
"MSI Modern 15 A11SB-011ES Intel Core i7-1165G7/16GB/1TB SSD/MX450/15.6""",1,14,68,0.05940999313155344,1.1178740723470364,0,0.3586187731085387,0,-0.6580400894987521,2,4,12,10,2
"MSI Modern 15 A11SB-858XES Intel Core i7-1195G7/32GB/1TB SSD/MX450/15.6""",1,14,68,1.681218336438417,1.1178740723470364,0,0.3586187731085387,0,0.0947710570755585,2,4,12,10,2
"MSI Modern 15 A11SBU-620XES Intel Core i7-1165G7/32GB/1TB SSD/MX450/15.6""",1,14,68,1.681218336438417,1.1178740723470364,0,0.3586187731085387,0,-0.20778657506100395,2,4,12,10,2
"MSI Modern 15 A5M-010XES AMD Ryzen 5 5500U/8 GB/512GB SSD/15.6""",1,14,68,-0.7514941785218785,-0.2334141123167544,0,0.3586187731085387,0,-0.9530148510899457,0,3,7,7,1
"MSI P65 Creator 8SF-240ES Intel Core i7-8750H/32GB/1TB SSD/RTX 2070/15.6""",1,14,29,1.681218336438417,1.1178740723470364,0,0.3586187731085387,0,0.4955219245810942,2,6,12,19,0
"MSI Prestige 14 A11SCS-038ES Intel Core i7-1185G7/16GB/1TB SSD/GTX 1650Ti/14""",1,14,83,0.05940999313155344,1.1178740723470364,0,-0.9724089666359824,0,-0.20614051054319596,2,2,12,5,2
"MSI Prestige 14 A11SCX-002ES Intel Core i7-1185G7/16GB/1TB SSD/GTX 1650/14""",1,14,83,0.05940999313155344,1.1178740723470364,0,-0.9724089666359824,0,0.3142463261166251,2,2,12,5,2
"MSI Prestige 14 A11SCX-432ES Intel Core i7-1185G7/16GB/512GB SSD/GTX 1650/14""",1,14,83,0.05940999313155344,-0.2334141123167544,0,-0.9724089666359824,0,-0.515216558170278,2,2,12,5,2
"MSI Prestige 14 A12SC-069XES Intel Core i7-1280P/16GB/512GB SSD/GTX1650/14""",1,14,83,0.05940999313155344,-0.2334141123167544,0,-0.9724089666359824,0,0.03990223981529183,2,2,12,5,2
"MSI Prestige 14 A12UC-065XES Intel Core i7-1280P/16GB/1TB SSD/RTX3050/14""",1,14,83,0.05940999313155344,1.1178740723470364,0,-0.9724089666359824,0,0.2045086915960918,2,6,12,22,0
"MSI Prestige 14 Evo A11M-003ES Intel Core i7-1185G7/16GB/512GB SSD/14""",1,14,83,0.05940999313155344,-0.2334141123167544,0,-0.9724089666359824,0,-0.1795730292257748,2,3,12,7,1
"MSI Prestige 15 A10SC-044XES Intel Core i7-10710U/16GB/512GB SSD/GTX 1650/15.6""",1,14,83,0.05940999313155344,-0.2334141123167544,0,0.3586187731085387,0,-0.5744200119941056,2,2,12,5,2
"MSI Prestige 15 A10SC-060XES Intel Core i7-10710U/16GB/1TB SSD/GTX 1650/15.6""",1,14,83,0.05940999313155344,1.1178740723470364,0,0.3586187731085387,0,-0.31851184829222207,2,2,12,5,2
"MSI Prestige 15 A10SC-293XES Intel Core i7-10710U/32GB/1TB SSD/GTX 1650/15.6""",1,14,83,1.681218336438417,1.1178740723470364,0,0.3586187731085387,0,-0.32712625260208394,2,2,12,5,2
"MSI Prestige 15 A11SCS-032XES Intel Core i7-1185G7/32GB/1TB SSD/GTX 1650Ti/15.6""",1,14,83,1.681218336438417,1.1178740723470364,0,0.3586187731085387,0,-0.3275103343229057,2,2,12,5,2
"MSI Prestige 15 A11SCX-019XES Intel Core i7-1185G7/16GB/512GB SSD/GTX 1650/15.6""",1,14,83,0.05940999313155344,-0.2334141123167544,0,0.3586187731085387,0,0.2374299819522518,2,2,12,5,2
"MSI Prestige 15 A11SCX-409XES Intel Core i7-1185G7/32GB/1TB SSD/GTX 1650/15.6""",1,14,83,1.681218336438417,1.1178740723470364,0,0.3586187731085387,0,-0.2985944676267453,2,2,12,5,2
"MSI Prestige 15 A11UC-096XES Intel Core i7-1195G7/32GB/1TB SSD/RTX 3050/15.6""",1,14,83,1.681218336438417,1.1178740723470364,0,0.3586187731085387,0,0.3142463261166251,2,6,12,22,0
"MSI Pulse GL66 11UEK-061XES Intel Core i7-11800H/16 GB/1TB SSD/RTX 3060/15.6""",1,14,86,0.05940999313155344,1.1178740723470364,0,0.3586187731085387,0,0.3142463261166251,2,6,12,23,0
"MSI Pulse GL66 12UEK-085ES Intel Core i7-12700H/16GB/1TB SSD/RTX 3060/15.6""",1,14,86,0.05940999313155344,1.1178740723470364,0,0.3586187731085387,0,0.5337215951576918,2,6,12,23,0
"MSI Pulse GL66 12UGK-084XES Intel Core i7-12700H/16GB/1TB SSD/RTX 3070/15.6""",1,14,86,0.05940999313155344,1.1178740723470364,0,0.3586187731085387,0,0.6434592296782251,2,6,12,24,0
"MSI Pulse GL66 12UGSZOK-1204XES Intel Core i7-12700H/16GB/1TB SSD/RTX 3070Ti/15.6""",1,14,86,0.05940999313155344,1.1178740723470364,0,0.3586187731085387,0,0.8629344987192917,2,6,12,24,0
"MSI Pulse GL76 11UEK-038XES Intel Core i7-11800H/32GB/1TB SSD/RTX 3060/17.3""",1,14,86,1.681218336438417,1.1178740723470364,0,1.7728357465870934,0,-0.19139177246363623,2,6,12,23,0
"MSI Pulse GL76 11UEK-055XES Intel Core i7-11800H/16 GB/1TB SSD/RTX 3060/17.3""",1,14,86,0.05940999313155344,1.1178740723470364,0,1.7728357465870934,0,0.024198784315403576,2,6,12,23,0
"MSI Pulse GL76 12UEK-057XES Intel Core i7-12700H/16GB/1TB SSD/RTX 3060/17.3""",1,14,86,0.05940999313155344,1.1178740723470364,0,1.7728357465870934,0,0.42398396063715843,2,6,12,23,0
"MSI Pulse GL76 12UEK-093ES Intel Core i7-12700H/16GB/1TB SSD/RTX 3060/17.3""",1,14,86,0.05940999313155344,1.1178740723470364,0,1.7728357465870934,0,0.6434592296782251,2,6,12,23,0
"MSI Pulse GL76 12UGK-095XES Intel Core i7-12700H/16GB/1TB SSD/RTX 3070/17.3""",1,14,86,0.05940999313155344,1.1178740723470364,0,1.7728357465870934,0,0.7531968641987584,2,6,12,24,0
"MSI Pulse GL76 12UGK-242ES Intel Core i7-12700H/16GB/1TB SSD/RTX 3070/17.3""",1,14,86,0.05940999313155344,1.1178740723470364,0,1.7728357465870934,0,0.972672133239825,2,6,12,24,0
"MSI Raider GE66 12UE-822XES Intel Core i7-12700H/32GB/1TB SSD/RTX 3060/15.6""",1,14,88,1.681218336438417,1.1178740723470364,0,0.3586187731085387,0,0.8629344987192917,2,6,12,23,0
"MSI Raider GE66 12UGS-006ES Intel Core i7-12700H/32GB/1TB SSD/RTX 3070Ti/15.6""",1,14,88,1.681218336438417,1.1178740723470364,0,0.3586187731085387,0,1.631097940363025,2,6,12,24,0
"MSI Raider GE66 Deluxe Edition 12UH-482ES Intel Core i9-12900HK/32GB/1TB SSD/RTX 3080/15.6""",1,14,88,1.681218336438417,1.1178740723470364,0,0.3586187731085387,0,2.289523747486225,2,6,13,25,0
"MSI Raider GE67HX 12UGS-024ES Intel Core i7-12800HX/32GB/1TB SSD/RTX 3070Ti/15.6""",1,14,88,1.681218336438417,1.1178740723470364,0,0.3586187731085387,0,1.8505732094040916,2,6,12,24,0
"MSI Raider GE76 12UGS-005XES Intel Core i7-12700H/32GB/1TB SSD/RTX 3070Ti/17.3""",1,14,88,1.681218336438417,1.1178740723470364,0,1.7728357465870934,0,1.5762291231027583,2,6,12,24,0
"MSI Raider GE76 12UHS-612ES Intel Core i7-12700H/32GB/1TB SSD/RTX 3080Ti/17.3""",1,14,88,1.681218336438417,1.1178740723470364,0,1.7728357465870934,0,2.6187366510478247,2,6,12,25,0
"MSI Raider GE76 Deluxe Edition 12UGS-279ES Intel Core i9-12900HK/64GB/2TB SSD/RTX 3070Ti/17.3""",1,14,88,4.924835023052145,3.8869072376416898,0,1.7728357465870934,0,2.728474285568358,2,6,13,24,0
"MSI Raider GE76 Deluxe Edition 12UHS-053ES Intel Core i9-12900HK/64GB/2TB SSD/RTX 3080Ti/17.3""",1,14,88,4.924835023052145,3.8869072376416898,0,1.7728357465870934,0,3.716112996253158,2,6,13,25,0
"MSI Raider GE77HX 12UGS-019ES Intel Core i7-12800HX/32GB/1TB SSD/RTX 3080Ti/17.3""",1,14,88,1.681218336438417,1.1178740723470364,0,1.7728357465870934,0,2.728474285568358,2,6,12,25,0
"MSI Raider GE77HX 12UGS-020ES Intel Core i9-12900HX/64GB/2TB SSD/RTX 3070Ti/17.3""",1,14,88,4.924835023052145,3.8869072376416898,0,1.7728357465870934,0,2.5089990165272913,2,6,13,24,0
"MSI Raider GE77HX 12UHS-018ES Intel Core i9-12900HX/64GB/2TB SSD/RTX 3080Ti/17.3""",1,14,88,4.924835023052145,3.8869072376416898,0,1.7728357465870934,0,3.496637727212091,2,6,13,25,0
"MSI Stealth 15M A11SDK-056XES Intel Core i7-1185G7/16GB/1TB SSD/GTX 1660 Ti/15.6""",1,14,92,0.05940999313155344,1.1178740723470364,0,0.3586187731085387,0,-0.5344206442113714,2,2,12,6,3
"MSI Stealth 15M A11SEK-055XES Intel Core i7-1185G7/16GB/1TB SSD/RTX 2060/15.6""",1,14,92,0.05940999313155344,1.1178740723470364,0,0.3586187731085387,0,-0.4297309408787826,2,6,12,18,0
MSI Stealth 15M B12UE-023XES Intel Core i7-1280P/32GB/1TB SSD/RTX 3060/15.6'',1,14,92,1.681218336438417,1.1178740723470364,0,0.3586187731085387,0,0.4788527778974251,2,6,12,23,0
"MSI Stealth 17M A12UE-018XES Intel Core i7-1280P/16GB/1TB SSD/RTX 3060/17.3""",1,14,92,0.05940999313155344,1.1178740723470364,0,1.7728357465870934,0,0.4788527778974251,2,6,12,23,0
"MSI Stealth GS66 12UH-019ES Intel Core i7-12700H/32GB/1TB SSD/RTX 3080/15.6""",1,14,92,1.681218336438417,1.1178740723470364,0,0.3586187731085387,0,2.070048478445158,2,6,12,25,0
"MSI Stealth GS66 12UHS-006ES Intel Core i7-12700H/32GB/1TB SSD/RTX 3080Ti/15.6""",1,14,92,1.681218336438417,1.1178740723470364,0,0.3586187731085387,0,2.6187366510478247,2,6,12,25,0
"MSI Stealth GS77 12UH-088ES Intel Core i7-12700H/32GB/1TB SSD/RTX 3080/17.3""",1,14,92,1.681218336438417,1.1178740723470364,0,1.7728357465870934,0,2.124917295705425,2,6,12,25,0
"MSI Summit E13 Flip A11MT-259es Intel Core i7-1195G7/32GB/1TB SSD/13.4"" Táctil",1,14,93,1.681218336438417,1.1178740723470364,0,-1.4715443690401775,1,0.42398396063715843,2,3,12,7,1
"MSI Summit E14 A11SCST-486ES Intel Core i7-1185G7/32GB/1TB SSD/GTX 1650 Ti/14"" Táctil",1,14,93,1.681218336438417,1.1178740723470364,0,-0.9724089666359824,1,0.29651272437810683,2,2,12,5,2
"MSI Summit E14 Evo A12M-062ES Intel Core i7-1280P/16GB/1TB SSD/14"" + 1 Año Microsoft 365",1,14,93,0.05940999313155344,1.1178740723470364,0,-0.9724089666359824,0,-0.0859339056894038,2,3,12,7,1
"MSI Summit E15 A11SCST-448ES Intel Core i7-1185G7/32GB/1TB SSD/GTX 1650 Ti/15.6"" Táctil",1,14,93,1.681218336438417,1.1178740723470364,0,0.3586187731085387,1,0.008177089675405562,2,2,12,5,2
"MSI Titan GT77 12UGS-022ES Intel Core i9-12900HX/64GB/2TB SSD/RTX 3070Ti/17.3"" + Bundle Gaming",1,14,103,4.924835023052145,3.8869072376416898,0,1.7728357465870934,0,3.277162458171025,2,6,13,24,0
"MSI Titan GT77 12UHS-021ES Intel Core i9-12900HX/64GB/2TB SSD/RTX 3080Ti/17.3"" + Bundle Gaming",1,14,103,4.924835023052145,3.8869072376416898,0,1.7728357465870934,0,4.045325899814758,2,6,13,25,0
"MSI Vector GP66 12UGS-249ES Intel Core i7-12700H/32GB/1TB SSD/RTX 3070Ti/15.6""",1,14,111,1.681218336438417,1.1178740723470364,0,0.3586187731085387,0,1.301885036801425,2,6,12,24,0
"MSI Vector GP76 12UGS-605XES Intel Core i7-12700H/16GB/1TB SSD/RTX 3070Ti/17.3""",1,14,111,0.05940999313155344,1.1178740723470364,0,1.7728357465870934,0,1.0824097677603584,2,6,12,24,0
"MSI Vector GP76 12UGS-632XES Intel Core i9-12900H/32GB/1TB SSD/RTX 3070Ti/17.3""",1,14,111,1.681218336438417,1.1178740723470364,0,1.7728357465870934,0,1.4116226713219584,2,6,13,24,0
"MSI Vector GP76 12UH-603ES Intel Core i7-12700H/32GB/1TB SSD/RTX 3080/17.3""",1,14,111,1.681218336438417,1.1178740723470364,0,1.7728357465870934,0,1.7408355748835582,2,6,12,25,0
"Medion Akoya E4251 Intel Celeron N4020/4GB/64GB/14""",1,15,15,-1.1569462643485944,-1.4739409703687592,0,-0.9724089666359824,0,-1.1695272039989582,2,3,1,7,1
"Microsoft Surface Pro 6 Intel Core i7-8650U/16GB/512GB SSD/12.3"" Negro",1,16,96,0.05940999313155344,-0.2334141123167544,0,-2.3866259401145355,0,-0.45390614176365607,2,3,12,7,1
"Microsoft Surface Pro 7 Intel Core i7-1065G7/16GB/1 TB SSD/12.3"" Platino",1,16,96,0.05940999313155344,1.1178740723470364,0,-2.3866259401145355,0,0.5093488665306812,2,3,12,7,1
"Microsoft Surface Pro 7 Intel Core i7-1065G7/16GB/256 GB SSD/12.3"" Platino",1,16,96,0.05940999313155344,-0.9422866026321857,0,-2.3866259401145355,0,-0.239895806921712,2,3,12,7,1
"Microsoft Surface Pro X Microsoft SQ1/8 GB/128GB SSD/13"" Táctil",1,16,96,-0.7514941785218785,-1.2967228477899013,0,-1.8043013039763083,1,-0.2893106637463081,4,3,2,7,1
"Microsoft Surface Pro X Microsoft SQ1/8 GB/256GB SSD/13"" Táctil",1,16,96,-0.7514941785218785,-0.9422866026321857,0,-1.8043013039763083,1,-0.014966577444974826,4,3,2,7,1
"PcCom Revolt 4060 Intel Core i7-13700H/32GB/500GB SSD/RTX 4060/15.6""",0,18,89,1.681218336438417,-0.26664251030029024,0,0.3586187731085387,0,0.5347092338683767,2,6,12,27,0
PcCom Revolt 4060 Intel Core i7-13700H/32GB/500GB SSD/RTX 4060/15.6” + Windows 11 Home,0,18,89,1.681218336438417,-0.26664251030029024,0,0.3586187731085387,0,0.6993156856491767,2,6,12,27,0
"PcCom Revolt One 3050 Intel Core i5-11400H/16GB/512GB SSD/RTX 3050/15.6""",1,18,89,0.05940999313155344,-0.2334141123167544,0,0.3586187731085387,0,-0.2893106637463081,2,6,11,22,0
"PcCom Revolt One 3060 Intel Core i7-11800H/16GB/1TB SSD/RTX 3060/15.6""",1,18,89,0.05940999313155344,1.1178740723470364,0,0.3586187731085387,0,0.14963987433582515,2,6,12,23,0
"PcCom Revolt One 3070 Intel Core i7-11800H/16GB/1TB SSD/RTX 3070/17.3""",1,18,89,0.05940999313155344,1.1178740723470364,0,1.7728357465870934,0,0.6983280469384917,2,6,12,24,0
"Portátil Gaming Gigabyte Aero 15X V8 Intel Core i7-8750/16GB/512GB SSD/GTX1070/15.6""",1,8,14,0.05940999313155344,-0.2334141123167544,0,0.3586187731085387,0,-0.28932163750976014,2,2,12,4,3
"Razer Blade 15 Advanced Model FHD Intel Core i7-10875H/32GB/1TB SSD/RTX 3080/15.6""",1,21,22,1.681218336438417,1.1178740723470364,0,0.3586187731085387,0,0.587646668761082,2,6,12,25,0
"Razer Blade 15 Advanced Model FHD Intel Core i7-11800H/16GB/1TB SSD/RTX 3070/15.6""",1,21,22,0.05940999313155344,1.1178740723470364,0,0.3586187731085387,0,1.7419219774653112,2,6,12,24,0
"Razer Blade 15 Advanced Model QHD Intel Core i7-11800H/16 GB/1TB SSD/RTX 3070/15.6"" + Razer Soporte para Portátil hasta 15"" Negro",0,21,22,0.05940999313155344,1.1178740723470364,0,0.3586187731085387,0,1.7052476600085495,2,6,12,24,0
"Razer Blade 15 Advanced Model QHD Intel Core i7-11800H/16GB/1TB SSD/RTX 3060/15.6""",1,21,22,0.05940999313155344,1.1178740723470364,0,0.3586187731085387,0,1.3029604656197262,2,6,12,23,0
"Razer Blade 15 Advanced Model QHD Intel Core i7-11800H/16GB/1TB SSD/RTX 3070/15.6""",1,21,22,0.05940999313155344,1.1178740723470364,0,0.3586187731085387,0,1.7419219774653112,2,6,12,24,0
"Razer Blade 15 Advanced Model QHD Intel Core i7-11800H/32 GB/1TB SSD/RTX 3080/15.6""",1,21,22,1.681218336438417,1.1178740723470364,0,0.3586187731085387,0,2.1808725155474447,2,6,12,25,0
"Razer Blade 15 Advanced Model QHD Intel Core i7-11800H/32GB/1TB SSD/RTX 3080/15.6""",1,21,22,1.681218336438417,1.1178740723470364,0,0.3586187731085387,0,2.290610150067978,2,6,12,25,0
"Razer Blade 15 Base Model FHD Intel Core i7-10750H/16GB/512GB SSD/RTX 3060/15.6""",1,21,22,0.05940999313155344,-0.2334141123167544,0,0.3586187731085387,0,-0.0876787340782802,2,6,12,23,0
"Razer Blade 15 Base Model FHD Intel Core i7-10750H/16GB/512GB SSD/RTX 3070/15.6""",1,21,22,0.05940999313155344,-0.2334141123167544,0,0.3586187731085387,0,0.29711628136796997,2,6,12,24,0
"Razer Blade 17 4K 144Hz Intel Core i9-12900H/32GB/1TB SSD/RTX 3080Ti/17.3""",1,21,22,1.681218336438417,1.1178740723470364,0,1.7728357465870934,0,3.717199398834911,2,6,13,25,0
"Razer Blade 17 FHD 360Hz Intel Core i7-11800H/16GB/1TB SSD/RTX 3060/17.3""",1,21,22,0.05940999313155344,1.1178740723470364,0,1.7728357465870934,0,1.5224467084242446,2,6,12,23,0
"Razer Blade 17 FHD 360Hz Intel Core i7-11800H/16GB/1TB SSD/RTX 3070/17.3""",1,21,22,0.05940999313155344,1.1178740723470364,0,1.7728357465870934,0,1.7419219774653112,2,6,12,24,0
"Razer Blade 17 FHD 360Hz Intel Core i7-11800H/32GB/1TB SSD/RTX 3080/17.3""",1,21,22,1.681218336438417,1.1178740723470364,0,1.7728357465870934,0,2.290610150067978,2,6,12,25,0
"Razer Book 13 Intel Evo Core i7-1165G7/16GB/1TB SSD/13.4"" Táctil",1,21,23,0.05940999313155344,1.1178740723470364,0,-1.4715443690401775,1,0.6445456322599784,2,3,12,7,1
"Razer Book FHD+ Intel Evo Core i7-1165G7/16GB/256GB SSD/13.4"" Táctil",1,21,23,0.05940999313155344,-0.9422866026321857,0,-1.4715443690401775,1,0.42507036321891173,2,3,12,7,1
